epoch_ms,aggregate_rss_bytes,pid_95419,pid_95421,pid_95422,pid_95423
1787071025465.902,337608704,108920832,40714240,16154624,171819008
1787071025472.171,337608704,108920832,40714240,16154624,171819008
1787071025477.377,337608704,108920832,40714240,16154624,171819008
1787071025483.659,337608704,108920832,40714240,16154624,171819008
1787071025489.931,337608704,108920832,40714240,16154624,171819008
1787071025496.201,337608704,108920832,40714240,16154624,171819008
1787071025502.472,337608704,108920832,40714240,16154624,171819008
1787071025508.749,337608704,108920832,40714240,16154624,171819008
1787071025515.024,337608704,108920832,40714240,16154624,171819008
1787071025521.296,337608704,108920832,40714240,16154624,171819008
1787071025527.566,337608704,108920832,40714240,16154624,171819008
1787071025533.842,337608704,108920832,40714240,16154624,171819008
1787071025540.115,337608704,108920832,40714240,16154624,171819008
1787071025546.387,337608704,108920832,40714240,16154624,171819008
1787071025552.662,337608704,108920832,40714240,16154624,171819008
1787071025558.931,337608704,108920832,40714240,16154624,171819008
1787071025565.201,337608704,108920832,40714240,16154624,171819008
1787071025571.470,337608704,108920832,40714240,16154624,171819008
1787071025577.751,337608704,108920832,40714240,16154624,171819008
1787071025584.039,337608704,108920832,40714240,16154624,171819008
1787071025589.847,337608704,108920832,40714240,16154624,171819008
1787071025596.148,337608704,108920832,40714240,16154624,171819008
1787071025602.429,337608704,108920832,40714240,16154624,171819008
1787071025608.705,337608704,108920832,40714240,16154624,171819008
1787071025614.837,337608704,108920832,40714240,16154624,171819008
1787071025621.113,337608704,108920832,40714240,16154624,171819008
1787071025627.375,337608704,108920832,40714240,16154624,171819008
1787071025633.650,337608704,108920832,40714240,16154624,171819008
1787071025639.926,337608704,108920832,40714240,16154624,171819008
1787071025646.204,337608704,108920832,40714240,16154624,171819008
1787071025652.487,337608704,108920832,40714240,16154624,171819008
1787071025658.764,337608704,108920832,40714240,16154624,171819008
1787071025665.051,337608704,108920832,40714240,16154624,171819008
1787071025671.328,337608704,108920832,40714240,16154624,171819008
1787071025677.380,337608704,108920832,40714240,16154624,171819008
1787071025682.571,337608704,108920832,40714240,16154624,171819008
1787071025688.847,337608704,108920832,40714240,16154624,171819008
1787071025695.123,337608704,108920832,40714240,16154624,171819008
1787071025701.397,337608704,108920832,40714240,16154624,171819008
1787071025707.673,337608704,108920832,40714240,16154624,171819008
1787071025713.952,337608704,108920832,40714240,16154624,171819008
1787071025719.630,337608704,108920832,40714240,16154624,171819008
1787071025725.911,337608704,108920832,40714240,16154624,171819008
1787071025731.497,337608704,108920832,40714240,16154624,171819008
1787071025737.747,337608704,108920832,40714240,16154624,171819008
1787071025744.026,337608704,108920832,40714240,16154624,171819008
1787071025750.298,337608704,108920832,40714240,16154624,171819008
1787071025756.558,337608704,108920832,40714240,16154624,171819008
1787071025762.826,337608704,108920832,40714240,16154624,171819008
1787071025769.093,337608704,108920832,40714240,16154624,171819008
1787071025775.353,337608704,108920832,40714240,16154624,171819008
1787071025781.615,337608704,108920832,40714240,16154624,171819008
1787071025787.879,337608704,108920832,40714240,16154624,171819008
1787071025794.140,337608704,108920832,40714240,16154624,171819008
1787071025800.397,337608704,108920832,40714240,16154624,171819008
1787071025806.658,337608704,108920832,40714240,16154624,171819008
1787071025812.931,337608704,108920832,40714240,16154624,171819008
1787071025819.206,337608704,108920832,40714240,16154624,171819008
1787071025825.479,337608704,108920832,40714240,16154624,171819008
1787071025831.752,337608704,108920832,40714240,16154624,171819008
1787071025838.018,337625088,108937216,40714240,16154624,171819008
1787071025844.284,337608704,108920832,40714240,16154624,171819008
1787071025850.607,337608704,108920832,40714240,16154624,171819008
1787071025856.879,337608704,108920832,40714240,16154624,171819008
1787071025863.142,337608704,108920832,40714240,16154624,171819008
1787071025869.409,337608704,108920832,40714240,16154624,171819008
1787071025875.675,337608704,108920832,40714240,16154624,171819008
1787071025881.959,337608704,108920832,40714240,16154624,171819008
1787071025888.244,338182144,108920832,40714240,16154624,172392448
1787071025894.515,339755008,108920832,41680896,16154624,172998656
1787071025900.788,339886080,108953600,41598976,16154624,173178880
1787071025907.052,339886080,108953600,41598976,16154624,173178880
1787071025913.313,339918848,108953600,41598976,16154624,173211648
1787071025919.583,339918848,108953600,41598976,16154624,173211648
1787071025925.852,339918848,108953600,41598976,16154624,173211648
1787071025932.119,339918848,108953600,41598976,16154624,173211648
1787071025938.398,339918848,108953600,41598976,16154624,173211648
1787071025944.675,339918848,108953600,41598976,16154624,173211648
1787071025950.949,339918848,108953600,41598976,16154624,173211648
1787071025957.222,345194496,108953600,41598976,16154624,178487296
1787071025963.486,345636864,108953600,41598976,16154624,178929664
1787071025969.751,345636864,108953600,41598976,16154624,178929664
1787071025976.013,345636864,108953600,41598976,16154624,178929664
1787071025982.274,345636864,108953600,41598976,16154624,178929664
1787071025988.553,347013120,108953600,41598976,16154624,180305920
1787071025994.491,348225536,108953600,42205184,16154624,180912128
1787071025999.922,348569600,108953600,42369024,16154624,181092352
1787071026006.220,348569600,108953600,42369024,16154624,181092352
1787071026012.523,348897280,108953600,42369024,16154624,181420032
1787071026018.716,348897280,108953600,42369024,16154624,181420032
1787071026025.000,348897280,108953600,42369024,16154624,181420032
1787071026031.285,348897280,108953600,42369024,16154624,181420032
1787071026037.576,348897280,108953600,42369024,16154624,181420032
1787071026043.867,348897280,108953600,42369024,16154624,181420032
1787071026050.148,348897280,108953600,42369024,16154624,181420032
1787071026055.814,348913664,108953600,42369024,16154624,181436416
1787071026062.101,348913664,108953600,42369024,16154624,181436416
1787071026068.399,348913664,108953600,42369024,16154624,181436416
1787071026074.688,348913664,108953600,42369024,16154624,181436416
1787071026079.848,348913664,108953600,42369024,16154624,181436416
1787071026085.005,348913664,108953600,42369024,16154624,181436416
1787071026090.717,348913664,108953600,42369024,16154624,181436416
1787071026097.002,348913664,108953600,42369024,16154624,181436416
1787071026103.274,350076928,108953600,42975232,16154624,181993472
1787071026109.543,349700096,108953600,42614784,16154624,181977088
1787071026115.821,349700096,108953600,42614784,16154624,181977088
1787071026122.102,349700096,108953600,42614784,16154624,181977088
1787071026128.389,349700096,108953600,42614784,16154624,181977088
1787071026134.667,349700096,108953600,42614784,16154624,181977088
1787071026140.943,349700096,108953600,42614784,16154624,181977088
1787071026146.839,349700096,108953600,42614784,16154624,181977088
1787071026152.369,349700096,108953600,42614784,16154624,181977088
1787071026158.642,349700096,108953600,42614784,16154624,181977088
1787071026164.832,349700096,108953600,42614784,16154624,181977088
1787071026170.120,349700096,108953600,42614784,16154624,181977088
1787071026176.397,349700096,108953600,42614784,16154624,181977088
1787071026182.071,349700096,108953600,42614784,16154624,181977088
1787071026188.351,349716480,108953600,42614784,16154624,181993472
1787071026194.628,349716480,108953600,42614784,16154624,181993472
1787071026200.899,349765632,108953600,42663936,16154624,181993472
1787071026206.499,349765632,108953600,42663936,16154624,181993472
1787071026212.782,349765632,108953600,42663936,16154624,181993472
1787071026218.388,349765632,108953600,42663936,16154624,181993472
1787071026224.666,349782016,108953600,42663936,16154624,182009856
1787071026231.009,349782016,108953600,42663936,16154624,182009856
1787071026237.290,349782016,108953600,42663936,16154624,182009856
1787071026243.572,349782016,108953600,42663936,16154624,182009856
1787071026249.849,349782016,108953600,42663936,16154624,182009856
1787071026256.126,357122048,108953600,42663936,16154624,189349888
1787071026262.406,357122048,108953600,42663936,16154624,189349888
1787071026268.696,357122048,108953600,42663936,16154624,189349888
1787071026274.659,357122048,108953600,42663936,16154624,189349888
1787071026280.940,357122048,108953600,42663936,16154624,189349888
1787071026287.223,357122048,108953600,42663936,16154624,189349888
1787071026293.508,357122048,108953600,42663936,16154624,189349888
1787071026299.215,357711872,108953600,42713088,16154624,189890560
1787071026305.513,357777408,108953600,42778624,16154624,189890560
1787071026311.168,357777408,108953600,42778624,16154624,189890560
1787071026317.449,357777408,108953600,42778624,16154624,189890560
1787071026323.729,357777408,108953600,42778624,16154624,189890560
1787071026330.013,357777408,108953600,42778624,16154624,189890560
1787071026335.351,357826560,108953600,42778624,16154624,189939712
1787071026341.634,357826560,108953600,42778624,16154624,189939712
1787071026346.736,357826560,108953600,42778624,16154624,189939712
1787071026353.018,357826560,108953600,42778624,16154624,189939712
1787071026358.394,357826560,108953600,42778624,16154624,189939712
1787071026364.670,357826560,108953600,42778624,16154624,189939712
1787071026370.707,357826560,108953600,42778624,16154624,189939712
1787071026376.992,357826560,108953600,42778624,16154624,189939712
1787071026383.271,357826560,108953600,42778624,16154624,189939712
1787071026389.551,357826560,108953600,42778624,16154624,189939712
1787071026395.173,357826560,108953600,42778624,16154624,189939712
1787071026400.645,357957632,108953600,42876928,16154624,189972480
1787071026406.939,357957632,108953600,42876928,16154624,189972480
1787071026413.224,357957632,108953600,42876928,16154624,189972480
1787071026418.778,357957632,108953600,42876928,16154624,189972480
1787071026425.060,357957632,108953600,42876928,16154624,189972480
1787071026431.352,357957632,108953600,42876928,16154624,189972480
1787071026437.636,357957632,108953600,42876928,16154624,189972480
1787071026442.705,357957632,108953600,42876928,16154624,189972480
1787071026447.844,357957632,108953600,42876928,16154624,189972480
1787071026454.129,357957632,108953600,42876928,16154624,189972480
1787071026460.426,357957632,108953600,42876928,16154624,189972480
1787071026466.709,357957632,108953600,42876928,16154624,189972480
1787071026472.986,357957632,108953600,42876928,16154624,189972480
1787071026478.922,357957632,108953600,42876928,16154624,189972480
1787071026485.200,357957632,108953600,42876928,16154624,189972480
1787071026490.668,357957632,108953600,42876928,16154624,189972480
1787071026496.713,357957632,108953600,42876928,16154624,189972480
1787071026502.322,357957632,108953600,42876928,16154624,189972480
1787071026508.596,357957632,108953600,42876928,16154624,189972480
1787071026514.828,357957632,108953600,42876928,16154624,189972480
1787071026520.208,357957632,108953600,42876928,16154624,189972480
1787071026526.063,357957632,108953600,42876928,16154624,189972480
1787071026532.357,357957632,108953600,42876928,16154624,189972480
1787071026538.642,357957632,108953600,42876928,16154624,189972480
1787071026544.040,357957632,108953600,42876928,16154624,189972480
1787071026549.117,357957632,108953600,42876928,16154624,189972480
1787071026555.399,357957632,108953600,42876928,16154624,189972480
1787071026561.269,357957632,108953600,42876928,16154624,189972480
1787071026566.551,357957632,108953600,42876928,16154624,189972480
1787071026572.837,357957632,108953600,42876928,16154624,189972480
1787071026578.271,357957632,108953600,42876928,16154624,189972480
1787071026584.551,357957632,108953600,42876928,16154624,189972480
1787071026589.823,357957632,108953600,42876928,16154624,189972480
1787071026596.115,357957632,108953600,42876928,16154624,189972480
1787071026602.475,358023168,108953600,42942464,16154624,189972480
1787071026608.759,358039552,108953600,42958848,16154624,189972480
1787071026615.045,358039552,108953600,42958848,16154624,189972480
1787071026621.328,358039552,108953600,42958848,16154624,189972480
1787071026627.610,358039552,108953600,42958848,16154624,189972480
1787071026633.895,358039552,108953600,42958848,16154624,189972480
1787071026639.823,358039552,108953600,42958848,16154624,189972480
1787071026645.483,358039552,108953600,42958848,16154624,189972480
1787071026651.762,358039552,108953600,42958848,16154624,189972480
1787071026658.040,358039552,108953600,42958848,16154624,189972480
1787071026664.317,358039552,108953600,42958848,16154624,189972480
1787071026670.595,358039552,108953600,42958848,16154624,189972480
1787071026676.880,358039552,108953600,42958848,16154624,189972480
1787071026682.652,358039552,108953600,42958848,16154624,189972480
1787071026688.932,358039552,108953600,42958848,16154624,189972480
1787071026694.425,358039552,108953600,42958848,16154624,189972480
1787071026700.712,358039552,108953600,42958848,16154624,189972480
1787071026706.984,358072320,108953600,42991616,16154624,189972480
1787071026713.250,358137856,108953600,43057152,16154624,189972480
1787071026719.426,358137856,108953600,43057152,16154624,189972480
1787071026725.712,358137856,108953600,43057152,16154624,189972480
1787071026731.994,358137856,108953600,43057152,16154624,189972480
1787071026738.269,358137856,108953600,43057152,16154624,189972480
1787071026744.552,358137856,108953600,43057152,16154624,189972480
1787071026750.389,358137856,108953600,43057152,16154624,189972480
1787071026756.668,358137856,108953600,43057152,16154624,189972480
1787071026762.072,358137856,108953600,43057152,16154624,189972480
1787071026768.342,358137856,108953600,43057152,16154624,189972480
1787071026774.611,374931456,108953600,43057152,16154624,206766080
1787071026780.885,374931456,108953600,43057152,16154624,206766080
1787071026786.792,374931456,108953600,43057152,16154624,206766080
1787071026792.085,374931456,108953600,43057152,16154624,206766080
1787071026798.157,374931456,108953600,43057152,16154624,206766080
1787071026804.438,374931456,108953600,43057152,16154624,206766080
1787071026810.454,374996992,108953600,43122688,16154624,206766080
1787071026816.736,375029760,108953600,43155456,16154624,206766080
1787071026823.023,375029760,108953600,43155456,16154624,206766080
1787071026829.314,375029760,108953600,43155456,16154624,206766080
1787071026834.782,375029760,108953600,43155456,16154624,206766080
1787071026839.831,375029760,108953600,43155456,16154624,206766080
1787071026846.126,375029760,108953600,43155456,16154624,206766080
1787071026852.406,375029760,108953600,43155456,16154624,206766080
1787071026858.683,375029760,108953600,43155456,16154624,206766080
1787071026864.823,375029760,108953600,43155456,16154624,206766080
1787071026870.744,375029760,108953600,43155456,16154624,206766080
1787071026877.028,375390208,108953600,43155456,16154624,207126528
1787071026882.448,375570432,108953600,43155456,16154624,207306752
1787071026888.738,375570432,108953600,43155456,16154624,207306752
1787071026895.017,375603200,108953600,43155456,16154624,207339520
1787071026901.299,375603200,108953600,43155456,16154624,207339520
1787071026907.568,375603200,108953600,43155456,16154624,207339520
1787071026913.847,376176640,108953600,43204608,16154624,207863808
1787071026919.047,376160256,108953600,43188224,16154624,207863808
1787071026925.345,376160256,108953600,43188224,16154624,207863808
1787071026931.199,376160256,108953600,43188224,16154624,207863808
1787071026937.417,376160256,108953600,43188224,16154624,207863808
1787071026943.696,376160256,108953600,43188224,16154624,207863808
1787071026949.977,376160256,108953600,43188224,16154624,207863808
1787071026956.260,376160256,108953600,43188224,16154624,207863808
1787071026962.210,376160256,108953600,43188224,16154624,207863808
1787071026968.491,376160256,108953600,43188224,16154624,207863808
1787071026974.770,376160256,108953600,43188224,16154624,207863808
1787071026980.654,376160256,108953600,43188224,16154624,207863808
1787071026986.801,376160256,108953600,43188224,16154624,207863808
1787071026993.100,376160256,108953600,43188224,16154624,207863808
1787071026999.380,376160256,108953600,43188224,16154624,207863808
1787071027005.614,376160256,108953600,43188224,16154624,207863808
1787071027011.897,376160256,108953600,43188224,16154624,207863808
1787071027018.178,376160256,108953600,43188224,16154624,207863808
1787071027024.182,376111104,108953600,43139072,16154624,207863808
1787071027030.456,376127488,108953600,43139072,16154624,207880192
1787071027036.729,376127488,108953600,43139072,16154624,207880192
1787071027042.289,376127488,108953600,43139072,16154624,207880192
1787071027048.582,376127488,108953600,43139072,16154624,207880192
1787071027054.877,376127488,108953600,43139072,16154624,207880192
1787071027060.920,376127488,108953600,43139072,16154624,207880192
1787071027066.813,376127488,108953600,43139072,16154624,207880192
1787071027071.879,376127488,108953600,43139072,16154624,207880192
1787071027078.164,376127488,108953600,43139072,16154624,207880192
1787071027084.446,376127488,108953600,43139072,16154624,207880192
1787071027089.827,376127488,108953600,43139072,16154624,207880192
1787071027096.111,376127488,108953600,43139072,16154624,207880192
1787071027102.368,376127488,108953600,43139072,16154624,207880192
1787071027108.648,376127488,108953600,43139072,16154624,207880192
1787071027114.831,376127488,108953600,43139072,16154624,207880192
1787071027121.111,376127488,108953600,43139072,16154624,207880192
1787071027127.382,376160256,108953600,43155456,16154624,207896576
1787071027133.650,376160256,108953600,43155456,16154624,207896576
1787071027139.827,376160256,108953600,43155456,16154624,207896576
1787071027146.121,376160256,108953600,43155456,16154624,207896576
1787071027152.410,376160256,108953600,43155456,16154624,207896576
1787071027158.692,376160256,108953600,43155456,16154624,207896576
1787071027164.963,376160256,108953600,43155456,16154624,207896576
1787071027171.177,376160256,108953600,43155456,16154624,207896576
1787071027177.449,376160256,108953600,43155456,16154624,207896576
1787071027182.872,376160256,108953600,43155456,16154624,207896576
1787071027189.155,376160256,108953600,43155456,16154624,207896576
1787071027194.421,376160256,108953600,43155456,16154624,207896576
1787071027200.700,376160256,108953600,43155456,16154624,207896576
1787071027206.978,376160256,108953600,43155456,16154624,207896576
1787071027213.270,376160256,108953600,43155456,16154624,207896576
1787071027219.038,376160256,108953600,43155456,16154624,207896576
1787071027225.315,376160256,108953600,43155456,16154624,207896576
1787071027231.201,376176640,108953600,43155456,16154624,207912960
1787071027237.150,376176640,108953600,43155456,16154624,207912960
1787071027243.435,376176640,108953600,43155456,16154624,207912960
1787071027249.716,376176640,108953600,43155456,16154624,207912960
1787071027255.247,376176640,108953600,43155456,16154624,207912960
1787071027260.702,376176640,108953600,43155456,16154624,207912960
1787071027266.979,376176640,108953600,43155456,16154624,207912960
1787071027273.256,376176640,108953600,43155456,16154624,207912960
1787071027279.543,376176640,108953600,43155456,16154624,207912960
1787071027285.821,376176640,108953600,43155456,16154624,207912960
1787071027292.094,388333568,108953600,43155456,16154624,220069888
1787071027297.737,392937472,108953600,43155456,16154624,224673792
1787071027303.656,407535616,108953600,43155456,16154624,239271936
1787071027309.176,409698304,108953600,43155456,16154624,241434624
1787071027315.455,428605440,108953600,43155456,16154624,260341760
1787071027320.804,453771264,108953600,43155456,16154624,285507584
1787071027325.859,453771264,108953600,43155456,16154624,285507584
1787071027331.485,479805440,108953600,43155456,16154624,311541760
1787071027337.250,504102912,108953600,43155456,16154624,335839232
1787071027343.530,504102912,108953600,43155456,16154624,335839232
1787071027349.806,504102912,108953600,43155456,16154624,335839232
1787071027356.163,566935552,108953600,43155456,16154624,398671872
1787071027362.443,604766208,108953600,43155456,16154624,436502528
1787071027368.720,604766208,108953600,43155456,16154624,436502528
1787071027374.997,604766208,108953600,43155456,16154624,436502528
1787071027381.273,604766208,108953600,43155456,16154624,436502528
1787071027386.727,604766208,108953600,43155456,16154624,436502528
1787071027392.576,604766208,108953600,43155456,16154624,436502528
1787071027398.153,604766208,108953600,43155456,16154624,436502528
1787071027404.235,604766208,108953600,43155456,16154624,436502528
1787071027410.116,604766208,108953600,43155456,16154624,436502528
1787071027416.395,604766208,108953600,43155456,16154624,436502528
1787071027422.676,604766208,108953600,43155456,16154624,436502528
1787071027427.912,604766208,108953600,43155456,16154624,436502528
1787071027434.188,604766208,108953600,43155456,16154624,436502528
1787071027440.472,604864512,108953600,43155456,16154624,436600832
1787071027446.750,605847552,108953600,43155456,16154624,437583872
1787071027453.027,608878592,108953600,43155456,16154624,440614912
1787071027459.305,610844672,108953600,43155456,16154624,442580992
1787071027464.817,613679104,108953600,43155456,16154624,445415424
1787071027471.059,616775680,108953600,43155456,16154624,448512000
1787071027477.338,617398272,108953600,43155456,16154624,449134592
1787071027483.249,617775104,108937216,43155456,16154624,449527808
1787071027489.528,620609536,108937216,43155456,16154624,452362240
1787071027495.804,623411200,108937216,43155456,16154624,455163904
1787071027501.312,625721344,108937216,43155456,16154624,457474048
1787071027506.486,627933184,108937216,43155456,16154624,459685888
1787071027512.768,630571008,108937216,43155456,16154624,462323712
1787071027519.036,632995840,108937216,43155456,16154624,464748544
1787071027525.313,637992960,108937216,43155456,16154624,469745664
1787071027531.485,647626752,108937216,43155456,16154624,479379456
1787071027537.771,657686528,108937216,43155456,16154624,489439232
1787071027544.055,674840576,108937216,43155456,16154624,506593280
1787071027550.341,693764096,108937216,43155456,16154624,525516800
1787071027556.484,696074240,108937216,43155456,16154624,527826944
1787071027562.209,698204160,108937216,43155456,16154624,529956864
1787071027568.499,700448768,108937216,43155456,16154624,532201472
1787071027574.779,702693376,108937216,43155456,16154624,534446080
1787071027581.057,704888832,108937216,43155456,16154624,536641536
1787071027587.339,706969600,108937216,43155456,16154624,538722304
1787071027593.625,709083136,108937216,43155456,16154624,540835840
1787071027599.904,710967296,108920832,43155456,16154624,542736384
1787071027606.180,712933376,108920832,43155456,16154624,544702464
1787071027612.457,727908352,108920832,43155456,16154624,559677440
1787071027617.763,730120192,108920832,43155456,16154624,561889280
1787071027624.042,732692480,108920832,43155456,16154624,564461568
1787071027630.319,735035392,108920832,43155456,16154624,566804480
1787071027635.763,737099776,108920832,43155456,16154624,568868864
1787071027641.383,739164160,108920832,43155456,16154624,570933248
1787071027647.667,741474304,108920832,43155456,16154624,573243392
1787071027652.749,743505920,108920832,43155456,16154624,575275008
1787071027659.028,750731264,108920832,43155456,16154624,582500352
1787071027665.306,758988800,108920832,43155456,16154624,590757888
1787071027671.349,766984192,108920832,43155456,16154624,598753280
1787071027677.626,775372800,108920832,43155456,16154624,607141888
1787071027683.905,783761408,108920832,43155456,16154624,615530496
1787071027690.181,792150016,108920832,43155456,16154624,623919104
1787071027696.342,794509312,108920832,43155456,16154624,626278400
1787071027702.364,794509312,108920832,43155456,16154624,626278400
1787071027708.156,794509312,108920832,43155456,16154624,626278400
1787071027714.435,794509312,108920832,43155456,16154624,626278400
1787071027720.712,794509312,108920832,43155456,16154624,626278400
1787071027726.988,794509312,108920832,43155456,16154624,626278400
1787071027733.330,794509312,108920832,43155456,16154624,626278400
1787071027739.607,794509312,108920832,43155456,16154624,626278400
1787071027744.812,794509312,108920832,43155456,16154624,626278400
1787071027751.087,794509312,108920832,43155456,16154624,626278400
1787071027756.483,794509312,108920832,43155456,16154624,626278400
1787071027762.760,794509312,108920832,43155456,16154624,626278400
1787071027769.051,794509312,108920832,43155456,16154624,626278400
1787071027775.328,794509312,108920832,43155456,16154624,626278400
1787071027781.604,794509312,108920832,43155456,16154624,626278400
1787071027787.881,794509312,108920832,43155456,16154624,626278400
1787071027794.157,794509312,108920832,43155456,16154624,626278400
1787071027800.432,794361856,108822528,43155456,16105472,626278400
1787071027806.708,794361856,108822528,43155456,16105472,626278400
1787071027812.982,794361856,108822528,43155456,16105472,626278400
1787071027819.257,794361856,108822528,43155456,16105472,626278400
1787071027825.535,794361856,108822528,43155456,16105472,626278400
1787071027831.811,794361856,108822528,43155456,16105472,626278400
1787071027838.086,794361856,108822528,43155456,16105472,626278400
1787071027844.363,794361856,108822528,43155456,16105472,626278400
1787071027850.638,794361856,108822528,43155456,16105472,626278400
1787071027856.915,794361856,108822528,43155456,16105472,626278400
1787071027863.190,794361856,108822528,43155456,16105472,626278400
1787071027869.466,794361856,108822528,43155456,16105472,626278400
1787071027875.741,794361856,108822528,43155456,16105472,626278400
1787071027882.017,794361856,108822528,43155456,16105472,626278400
1787071027888.295,794361856,108822528,43155456,16105472,626278400
1787071027894.571,794361856,108822528,43155456,16105472,626278400
1787071027900.848,794361856,108822528,43155456,16105472,626278400
1787071027907.124,794361856,108822528,43155456,16105472,626278400
1787071027913.410,794378240,108822528,43155456,16105472,626294784
1787071027919.690,794492928,108838912,43204608,16105472,626343936
1787071027925.346,803307520,108838912,43204608,16105472,635158528
1787071027931.630,823148544,108838912,43204608,16105472,654999552
1787071027937.683,836829184,108838912,43204608,16105472,668680192
1787071027943.627,863338496,108838912,43204608,16105472,695189504
1787071027948.849,870596608,108838912,43204608,16105472,702447616
1787071027954.918,870596608,108838912,43204608,16105472,702447616
1787071027961.205,870596608,108838912,43204608,16105472,702447616
1787071027967.485,870596608,108838912,43204608,16105472,702447616
1787071027973.764,870596608,108838912,43204608,16105472,702447616
1787071027980.041,870596608,108838912,43204608,16105472,702447616
1787071027985.697,870596608,108838912,43204608,16105472,702447616
1787071027991.986,947453952,108838912,43204608,16105472,779304960
1787071027998.275,971276288,108838912,43204608,16105472,803127296
1787071028003.811,971276288,108838912,43204608,16105472,803127296
1787071028010.097,971276288,108838912,43204608,16105472,803127296
1787071028016.217,971276288,108838912,43204608,16105472,803127296
1787071028022.498,971276288,108838912,43204608,16105472,803127296
1787071028028.435,971276288,108838912,43204608,16105472,803127296
1787071028034.363,971276288,108838912,43204608,16105472,803127296
1787071028040.270,971276288,108838912,43204608,16105472,803127296
1787071028046.548,971276288,108838912,43204608,16105472,803127296
1787071028052.202,971276288,108838912,43204608,16105472,803127296
1787071028058.480,971276288,108838912,43204608,16105472,803127296
1787071028064.757,971276288,108838912,43204608,16105472,803127296
1787071028071.038,971276288,108838912,43204608,16105472,803127296
1787071028077.317,971276288,108838912,43204608,16105472,803127296
1787071028083.604,971276288,108838912,43204608,16105472,803127296
1787071028089.881,971276288,108838912,43204608,16105472,803127296
1787071028096.160,971276288,108838912,43204608,16105472,803127296
1787071028102.442,971276288,108838912,43204608,16105472,803127296
1787071028108.720,971276288,108838912,43204608,16105472,803127296
1787071028114.812,971276288,108838912,43204608,16105472,803127296
1787071028120.831,971276288,108838912,43204608,16105472,803127296
1787071028127.109,971276288,108838912,43204608,16105472,803127296
1787071028132.868,971276288,108838912,43204608,16105472,803127296
1787071028138.621,971276288,108838912,43204608,16105472,803127296
1787071028144.042,971276288,108838912,43204608,16105472,803127296
1787071028150.320,971276288,108838912,43204608,16105472,803127296
1787071028156.486,971276288,108838912,43204608,16105472,803127296
1787071028162.772,980336640,108838912,43204608,16105472,812187648
1787071028169.058,990461952,108838912,43204608,16105472,822312960
1787071028175.342,1002815488,108838912,43204608,16105472,834666496
1787071028181.622,1025146880,108838912,43204608,16105472,856997888
1787071028187.901,1029996544,108838912,43204608,16105472,861847552
1787071028194.179,1029996544,108838912,43204608,16105472,861847552
1787071028200.456,1029996544,108838912,43204608,16105472,861847552
1787071028206.734,1029996544,108838912,43204608,16105472,861847552
1787071028213.011,1029996544,108838912,43204608,16105472,861847552
1787071028219.290,1029996544,108838912,43204608,16105472,861847552
1787071028225.568,1029996544,108838912,43204608,16105472,861847552
1787071028231.845,1029996544,108838912,43204608,16105472,861847552
1787071028238.123,1029996544,108838912,43204608,16105472,861847552
1787071028244.401,1043578880,108838912,43204608,16105472,875429888
1787071028250.679,1044103168,108838912,43204608,16105472,875954176
1787071028256.958,1044611072,108838912,43204608,16105472,876462080
1787071028263.236,1045086208,108838912,43204608,16105472,876937216
1787071028269.515,1045544960,108838912,43204608,16105472,877395968
1787071028275.799,1045987328,108838912,43204608,16105472,877838336
1787071028282.079,1046478848,108838912,43204608,16105472,878329856
1787071028288.356,1046724608,108838912,43204608,16105472,878575616
1787071028294.635,1046724608,108838912,43204608,16105472,878575616
1787071028300.915,1046724608,108838912,43204608,16105472,878575616
1787071028307.192,1046724608,108838912,43204608,16105472,878575616
1787071028313.469,1046724608,108838912,43204608,16105472,878575616
1787071028319.747,1046724608,108838912,43204608,16105472,878575616
1787071028326.024,1046806528,108838912,43204608,16105472,878657536
1787071028332.302,1046806528,108838912,43204608,16105472,878657536
1787071028338.579,1046806528,108838912,43204608,16105472,878657536
1787071028344.857,1046806528,108838912,43204608,16105472,878657536
1787071028351.135,1046806528,108838912,43204608,16105472,878657536
1787071028357.412,1046806528,108838912,43204608,16105472,878657536
1787071028363.689,1046806528,108838912,43204608,16105472,878657536
1787071028369.967,1046806528,108838912,43204608,16105472,878657536
1787071028376.244,1046806528,108838912,43204608,16105472,878657536
1787071028381.899,1046806528,108838912,43204608,16105472,878657536
1787071028388.187,1046806528,108838912,43204608,16105472,878657536
1787071028394.406,1046806528,108838912,43204608,16105472,878657536
1787071028399.957,1046806528,108838912,43204608,16105472,878657536
1787071028406.239,1046806528,108838912,43204608,16105472,878657536
1787071028412.516,1046806528,108838912,43204608,16105472,878657536
1787071028418.795,1046806528,108838912,43204608,16105472,878657536
1787071028425.073,1046806528,108838912,43204608,16105472,878657536
1787071028431.352,1046806528,108838912,43204608,16105472,878657536
1787071028437.629,1046806528,108838912,43204608,16105472,878657536
1787071028443.907,1046806528,108838912,43204608,16105472,878657536
1787071028450.183,1046806528,108838912,43204608,16105472,878657536
1787071028456.469,1046806528,108838912,43204608,16105472,878657536
1787071028462.756,1046806528,108838912,43204608,16105472,878657536
1787071028468.036,1046806528,108838912,43204608,16105472,878657536
1787071028474.323,1046806528,108838912,43204608,16105472,878657536
1787071028480.594,1046806528,108838912,43204608,16105472,878657536
1787071028486.861,1046806528,108838912,43204608,16105472,878657536
1787071028493.167,1046806528,108838912,43204608,16105472,878657536
1787071028499.441,1046806528,108838912,43204608,16105472,878657536
1787071028505.723,1046806528,108838912,43204608,16105472,878657536
1787071028511.340,1046806528,108838912,43204608,16105472,878657536
1787071028517.634,1046806528,108838912,43204608,16105472,878657536
1787071028523.921,1046806528,108838912,43204608,16105472,878657536
1787071028530.208,1046806528,108838912,43204608,16105472,878657536
1787071028535.643,1046806528,108838912,43204608,16105472,878657536
1787071028541.929,1046822912,108838912,43204608,16105472,878673920
1787071028548.199,1046839296,108838912,43204608,16105472,878690304
1787071028554.465,1046839296,108838912,43204608,16105472,878690304
1787071028560.731,1046839296,108838912,43204608,16105472,878690304
1787071028567.003,1046839296,108838912,43204608,16105472,878690304
1787071028573.286,1046839296,108838912,43204608,16105472,878690304
1787071028579.567,1046839296,108838912,43204608,16105472,878690304
1787071028585.847,1046839296,108838912,43204608,16105472,878690304
1787071028592.126,1046839296,108838912,43204608,16105472,878690304
1787071028598.403,1046839296,108838912,43204608,16105472,878690304
1787071028604.681,1046839296,108838912,43204608,16105472,878690304
1787071028610.959,1046839296,108838912,43204608,16105472,878690304
1787071028617.239,1046839296,108838912,43204608,16105472,878690304
1787071028623.519,1046839296,108838912,43204608,16105472,878690304
1787071028629.798,1046839296,108838912,43204608,16105472,878690304
1787071028636.079,1046839296,108838912,43204608,16105472,878690304
1787071028642.359,1046839296,108838912,43204608,16105472,878690304
1787071028647.826,1046839296,108838912,43204608,16105472,878690304
1787071028653.891,1046839296,108838912,43204608,16105472,878690304
1787071028660.172,1046839296,108838912,43204608,16105472,878690304
1787071028666.449,1046937600,108838912,43204608,16105472,878788608
1787071028672.171,1049772032,108838912,43204608,16105472,881623040
1787071028677.374,1052540928,108838912,43204608,16105472,884391936
1787071028683.648,1055866880,108838912,43204608,16105472,887717888
1787071028688.849,1058603008,108838912,43204608,16105472,890454016
1787071028694.029,1061339136,108838912,43204608,16105472,893190144
1787071028700.308,1064599552,108838912,43204608,16105472,896450560
1787071028706.474,1067761664,108838912,43204608,16105472,899612672
1787071028712.671,1070972928,108838912,43204608,16105472,902823936
1787071028718.949,1074216960,108838912,43204608,16105472,906067968
1787071028725.227,1077510144,108838912,43204608,16105472,909361152
1787071028731.504,1080786944,108838912,43204608,16105472,912637952
1787071028737.780,1084047360,108838912,43204608,16105472,915898368
1787071028744.058,1087242240,108838912,43204608,16105472,919093248
1787071028749.563,1090027520,108838912,43204608,16105472,921878528
1787071028755.845,1093255168,108838912,43204608,16105472,925106176
1787071028761.876,1096318976,108838912,43204608,16105472,928169984
1787071028768.163,1099497472,108838912,43204608,16105472,931348480
1787071028773.740,1102331904,108838912,43204608,16105472,934182912
1787071028779.791,1105346560,108838912,43204608,16105472,937197568
1787071028785.697,1108262912,108838912,43204608,16105472,940113920
1787071028791.386,1111146496,108838912,43204608,16105472,942997504
1787071028797.672,1114226688,108838912,43204608,16105472,946077696
1787071028803.246,1117011968,108838912,43204608,16105472,948862976
1787071028809.526,1120813056,108838912,43204608,16105472,952664064
1787071028815.803,1126989824,108838912,43204608,16105472,958840832
1787071028822.080,1133101056,108838912,43204608,16105472,964952064
1787071028828.359,1139130368,108838912,43204608,16105472,970981376
1787071028834.573,1145126912,108838912,43204608,16105472,976977920
1787071028840.845,1151123456,108838912,43204608,16105472,982974464
1787071028847.122,1157087232,108838912,43204608,16105472,988938240
1787071028853.400,1163051008,108838912,43204608,16105472,994902016
1787071028859.676,1169014784,108838912,43204608,16105472,1000865792
1787071028866.005,1175027712,108838912,43204608,16105472,1006878720
1787071028872.291,1180958720,108838912,43204608,16105472,1012809728
1787071028877.874,1186185216,108838912,43204608,16105472,1018036224
1787071028884.157,1192017920,108838912,43204608,16105472,1023868928
1787071028890.435,1197735936,108838912,43204608,16105472,1029586944
1787071028896.713,1203535872,108838912,43204608,16105472,1035386880
1787071028902.992,1209204736,108838912,43204608,16105472,1041055744
1787071028909.271,1214873600,108838912,43204608,16105472,1046724608
1787071028915.546,1220395008,108838912,43204608,16105472,1052246016
1787071028921.818,1225867264,108838912,43204608,16105472,1057718272
1787071028928.104,1231273984,108838912,43204608,16105472,1063124992
1787071028934.212,1236598784,108838912,43204608,16105472,1068449792
1787071028940.500,1242021888,108838912,43204608,16105472,1073872896
1787071028946.788,1242349568,108838912,43204608,16105472,1074200576
1787071028953.082,1242349568,108838912,43204608,16105472,1074200576
1787071028959.385,1242349568,108838912,43204608,16105472,1074200576
1787071028965.682,1242349568,108838912,43204608,16105472,1074200576
1787071028971.970,1242349568,108838912,43204608,16105472,1074200576
1787071028977.735,1242349568,108838912,43204608,16105472,1074200576
1787071028984.018,1242349568,108838912,43204608,16105472,1074200576
1787071028990.297,1242349568,108838912,43204608,16105472,1074200576
1787071028996.574,1242349568,108838912,43204608,16105472,1074200576
1787071029002.855,1242349568,108838912,43204608,16105472,1074200576
1787071029009.132,1242349568,108838912,43204608,16105472,1074200576
1787071029015.409,1242349568,108838912,43204608,16105472,1074200576
1787071029021.686,1242349568,108838912,43204608,16105472,1074200576
1787071029027.967,1242349568,108838912,43204608,16105472,1074200576
1787071029033.297,1242349568,108838912,43204608,16105472,1074200576
1787071029039.139,1242349568,108838912,43204608,16105472,1074200576
1787071029045.426,1242349568,108838912,43204608,16105472,1074200576
1787071029051.705,1242349568,108838912,43204608,16105472,1074200576
1787071029057.982,1242349568,108838912,43204608,16105472,1074200576
1787071029064.263,1242349568,108838912,43204608,16105472,1074200576
1787071029070.555,1242349568,108838912,43204608,16105472,1074200576
1787071029076.847,1242349568,108838912,43204608,16105472,1074200576
1787071029083.133,1242349568,108838912,43204608,16105472,1074200576
1787071029089.413,1242349568,108838912,43204608,16105472,1074200576
1787071029095.087,1242349568,108838912,43204608,16105472,1074200576
1787071029101.374,1242349568,108838912,43204608,16105472,1074200576
1787071029106.470,1242349568,108838912,43204608,16105472,1074200576
1787071029112.757,1242349568,108838912,43204608,16105472,1074200576
1787071029119.040,1242349568,108838912,43204608,16105472,1074200576
1787071029125.319,1242349568,108838912,43204608,16105472,1074200576
1787071029131.604,1242349568,108838912,43204608,16105472,1074200576
1787071029137.883,1242349568,108838912,43204608,16105472,1074200576
1787071029143.965,1242349568,108838912,43204608,16105472,1074200576
1787071029149.393,1242349568,108838912,43204608,16105472,1074200576
1787071029155.667,1242349568,108838912,43204608,16105472,1074200576
1787071029161.059,1242349568,108838912,43204608,16105472,1074200576
1787071029166.766,1242349568,108838912,43204608,16105472,1074200576
1787071029173.032,1242349568,108838912,43204608,16105472,1074200576
1787071029178.795,1242349568,108838912,43204608,16105472,1074200576
1787071029185.081,1242349568,108838912,43204608,16105472,1074200576
1787071029191.360,1242349568,108838912,43204608,16105472,1074200576
1787071029197.635,1242349568,108838912,43204608,16105472,1074200576
1787071029203.912,1242349568,108838912,43204608,16105472,1074200576
1787071029210.188,1242349568,108838912,43204608,16105472,1074200576
1787071029216.462,1242349568,108838912,43204608,16105472,1074200576
1787071029222.622,1242349568,108838912,43204608,16105472,1074200576
1787071029228.899,1242349568,108838912,43204608,16105472,1074200576
1787071029235.174,1242349568,108838912,43204608,16105472,1074200576
1787071029241.522,1242349568,108838912,43204608,16105472,1074200576
1787071029247.798,1242349568,108838912,43204608,16105472,1074200576
1787071029254.074,1242349568,108838912,43204608,16105472,1074200576
1787071029260.352,1242349568,108838912,43204608,16105472,1074200576
1787071029266.626,1242349568,108838912,43204608,16105472,1074200576
1787071029272.902,1242349568,108838912,43204608,16105472,1074200576
1787071029279.181,1242349568,108838912,43204608,16105472,1074200576
1787071029285.457,1242349568,108838912,43204608,16105472,1074200576
1787071029291.734,1242349568,108838912,43204608,16105472,1074200576
1787071029298.017,1242333184,108822528,43204608,16105472,1074200576
1787071029304.299,1242333184,108822528,43204608,16105472,1074200576
1787071029310.577,1242333184,108822528,43204608,16105472,1074200576
1787071029316.853,1242333184,108822528,43204608,16105472,1074200576
1787071029323.133,1242333184,108822528,43204608,16105472,1074200576
1787071029329.414,1242333184,108822528,43204608,16105472,1074200576
1787071029335.692,1242333184,108822528,43204608,16105472,1074200576
1787071029341.820,1242333184,108822528,43204608,16105472,1074200576
1787071029348.092,1242333184,108822528,43204608,16105472,1074200576
1787071029354.371,1242333184,108822528,43204608,16105472,1074200576
1787071029360.648,1257422848,108822528,43204608,16105472,1089290240
1787071029366.556,1267007488,108822528,43204608,16105472,1098874880
1787071029371.824,1276067840,108822528,43204608,16105472,1107935232
1787071029377.799,1287585792,108822528,43204608,16105472,1119453184
1787071029384.077,1302003712,108822528,43204608,16105472,1133871104
1787071029389.801,1315700736,108822528,43204608,16105472,1147568128
1787071029396.086,1330839552,108822528,43204608,16105472,1162706944
1787071029402.363,1345273856,108822528,43204608,16105472,1177141248
1787071029408.640,1360183296,108822528,43204608,16105472,1192050688
1787071029414.915,1374568448,108822528,43204608,16105472,1206435840
1787071029421.198,1389199360,108822528,43204608,16105472,1221066752
1787071029427.477,1404387328,108822528,43204608,16105472,1236254720
1787071029433.635,1419395072,108822528,43204608,16105472,1251262464
1787071029439.912,1434468352,108822528,43204608,16105472,1266335744
1787071029445.403,1447608320,108822528,43204608,16105472,1279475712
1787071029451.684,1462747136,108822528,43204608,16105472,1294614528
1787071029457.961,1477558272,108822528,43204608,16105472,1309425664
1787071029464.239,1492058112,108822528,43204608,16105472,1323925504
1787071029469.399,1503674368,108822528,43204608,16105472,1335541760
1787071029475.679,1528152064,108822528,43204608,16105472,1360019456
1787071029481.957,1541111808,108822528,43204608,16105472,1372979200
1787071029488.234,1541111808,108822528,43204608,16105472,1372979200
1787071029494.512,1541111808,108822528,43204608,16105472,1372979200
1787071029500.789,1541111808,108822528,43204608,16105472,1372979200
1787071029507.066,1541111808,108822528,43204608,16105472,1372979200
1787071029513.346,1541111808,108822528,43204608,16105472,1372979200
1787071029519.397,1541111808,108822528,43204608,16105472,1372979200
1787071029525.682,1541111808,108822528,43204608,16105472,1372979200
1787071029531.464,1541111808,108822528,43204608,16105472,1372979200
1787071029537.753,1541111808,108822528,43204608,16105472,1372979200
1787071029544.035,1541111808,108822528,43204608,16105472,1372979200
1787071029550.325,1541111808,108822528,43204608,16105472,1372979200
1787071029556.475,1541111808,108822528,43204608,16105472,1372979200
1787071029562.757,1541111808,108822528,43204608,16105472,1372979200
1787071029569.024,1541111808,108822528,43204608,16105472,1372979200
1787071029575.316,1541242880,108822528,43204608,16105472,1373110272
1787071029581.598,1541242880,108822528,43204608,16105472,1373110272
1787071029587.505,1541242880,108822528,43204608,16105472,1373110272
1787071029593.778,1541242880,108822528,43204608,16105472,1373110272
1787071029600.055,1541242880,108822528,43204608,16105472,1373110272
1787071029606.332,1541242880,108822528,43204608,16105472,1373110272
1787071029612.677,1544077312,108822528,43204608,16105472,1375944704
1787071029618.962,1547927552,108822528,43204608,16105472,1379794944
1787071029625.247,1551679488,108822528,43204608,16105472,1383546880
1787071029631.464,1555415040,108822528,43204608,16105472,1387282432
1787071029637.744,1559183360,108822528,43204608,16105472,1391050752
1787071029644.029,1562951680,108822528,43204608,16105472,1394819072
1787071029650.305,1566621696,108822528,43204608,16105472,1398489088
1787071029656.581,1570373632,108822528,43204608,16105472,1402241024
1787071029662.860,1574191104,108822528,43204608,16105472,1406058496
1787071029669.139,1578139648,108822528,43204608,16105472,1410007040
1787071029675.416,1582071808,108822528,43204608,16105472,1413939200
1787071029681.462,1585758208,108822528,43204608,16105472,1417625600
1787071029687.751,1593393152,108822528,43204608,16105472,1425260544
1787071029694.023,1602371584,108822528,43204608,16105472,1434238976
1787071029700.302,1604517888,108822528,43204608,16105472,1436385280
1787071029706.579,1604780032,108822528,43204608,16105472,1436647424
1787071029712.866,1605238784,108822528,43204608,16105472,1437106176
1787071029719.156,1605550080,108822528,43204608,16105472,1437417472
1787071029725.437,1605910528,108822528,43204608,16105472,1437777920
1787071029731.715,1606172672,108822528,43204608,16105472,1438040064
1787071029737.991,1606434816,108822528,43204608,16105472,1438302208
1787071029744.268,1606746112,108822528,43204608,16105472,1438613504
1787071029750.547,1606959104,108822528,43204608,16105472,1438826496
1787071029756.826,1607024640,108822528,43204608,16105472,1438892032
1787071029763.102,1617854464,108822528,43204608,16105472,1449721856
1787071029769.378,1646723072,108822528,43204608,16105472,1478590464
1787071029775.654,1680818176,108822528,43204608,16105472,1512685568
1787071029781.929,1697529856,108822528,43204608,16105472,1529397248
1787071029788.206,1697546240,108822528,43204608,16105472,1529413632
1787071029794.482,1698136064,108822528,43204608,16105472,1530003456
1787071029800.758,1698791424,108822528,43204608,16105472,1530658816
1787071029807.033,1699414016,108822528,43204608,16105472,1531281408
1787071029813.308,1700069376,108822528,43204608,16105472,1531936768
1787071029819.584,1700724736,108822528,43204608,16105472,1532592128
1787071029825.860,1701380096,108822528,43204608,16105472,1533247488
1787071029832.135,1702035456,108822528,43204608,16105472,1533902848
1787071029838.416,1702690816,108822528,43204608,16105472,1534558208
1787071029844.693,1704263680,108822528,43204608,16105472,1536131072
1787071029850.970,1716846592,108822528,43204608,16105472,1548713984
1787071029857.249,1722335232,108822528,43204608,16105472,1554202624
1787071029863.526,1728512000,108822528,43204608,16105472,1560379392
1787071029869.605,1734443008,108822528,43204608,16105472,1566310400
1787071029875.864,1739767808,108822528,43204608,16105472,1571635200
1787071029882.145,1739866112,108822528,43204608,16105472,1571733504
1787071029888.425,1739866112,108822528,43204608,16105472,1571733504
1787071029894.702,1739931648,108822528,43204608,16105472,1571799040
1787071029900.984,1739931648,108822528,43204608,16105472,1571799040
1787071029907.164,1739931648,108822528,43204608,16105472,1571799040
1787071029913.444,1739948032,108822528,43204608,16105472,1571815424
1787071029918.762,1739980800,108822528,43204608,16105472,1571848192
1787071029924.702,1739980800,108822528,43204608,16105472,1571848192
1787071029930.984,1748402176,108822528,43204608,16105472,1580269568
1787071029936.304,1748402176,108822528,43204608,16105472,1580269568
1787071029942.580,1751269376,108822528,43204608,16105472,1583136768
1787071029948.858,1751318528,108822528,43204608,16105472,1583185920
1787071029955.138,1751564288,108822528,43204608,16105472,1583431680
1787071029961.423,1751580672,108822528,43204608,16105472,1583448064
1787071029966.681,1751597056,108822528,43204608,16105472,1583464448
1787071029972.964,1751662592,108822528,43204608,16105472,1583529984
1787071029979.242,1751793664,108822528,43204608,16105472,1583661056
1787071029985.582,1751908352,108822528,43204608,16105472,1583775744
1787071029991.859,1751908352,108822528,43204608,16105472,1583775744
1787071029998.142,1752023040,108822528,43204608,16105472,1583890432
1787071030004.339,1752023040,108822528,43204608,16105472,1583890432
1787071030010.618,1752023040,108822528,43204608,16105472,1583890432
1787071030016.896,1752023040,108822528,43204608,16105472,1583890432
1787071030023.175,1752023040,108822528,43204608,16105472,1583890432
1787071030029.455,1752023040,108822528,43204608,16105472,1583890432
1787071030035.733,1763704832,108822528,43204608,16105472,1595572224
1787071030042.010,1771798528,108822528,43204608,16105472,1603665920
1787071030048.289,1771798528,108822528,43204608,16105472,1603665920
1787071030054.567,1771798528,108822528,43204608,16105472,1603665920
1787071030060.852,1771929600,108822528,43204608,16105472,1603796992
1787071030067.139,1771929600,108822528,43204608,16105472,1603796992
1787071030072.235,1771929600,108822528,43204608,16105472,1603796992
1787071030078.112,1771929600,108822528,43204608,16105472,1603796992
1787071030084.097,1772175360,108822528,43204608,16105472,1604042752
1787071030089.792,1772535808,108822528,43204608,16105472,1604403200
1787071030095.958,1772683264,108822528,43204608,16105472,1604550656
1787071030102.238,1772847104,108822528,43204608,16105472,1604714496
1787071030107.825,1772896256,108822528,43204608,16105472,1604763648
1787071030114.104,1772961792,108822528,43204608,16105472,1604829184
1787071030120.380,1772994560,108822528,43204608,16105472,1604861952
1787071030126.656,1773371392,108822528,43204608,16105472,1605238784
1787071030132.932,1776107520,108822528,43204608,16105472,1607974912
1787071030139.213,1776369664,108822528,43204608,16105472,1608237056
1787071030144.832,1776369664,108822528,43204608,16105472,1608237056
1787071030151.115,1776369664,108822528,43204608,16105472,1608237056
1787071030156.458,1776369664,108822528,43204608,16105472,1608237056
1787071030162.738,1776369664,108822528,43204608,16105472,1608237056
1787071030168.906,1776369664,108822528,43204608,16105472,1608237056
1787071030175.183,1776369664,108822528,43204608,16105472,1608237056
1787071030181.461,1776369664,108822528,43204608,16105472,1608237056
1787071030187.739,1776369664,108822528,43204608,16105472,1608237056
1787071030194.019,1776369664,108822528,43204608,16105472,1608237056
1787071030200.304,1776369664,108822528,43204608,16105472,1608237056
1787071030206.582,1776369664,108822528,43204608,16105472,1608237056
1787071030212.862,1776369664,108822528,43204608,16105472,1608237056
1787071030218.099,1776369664,108822528,43204608,16105472,1608237056
1787071030223.441,1776369664,108822528,43204608,16105472,1608237056
1787071030229.724,1776369664,108822528,43204608,16105472,1608237056
1787071030235.691,1776369664,108822528,43204608,16105472,1608237056
1787071030241.975,1776369664,108822528,43204608,16105472,1608237056
1787071030247.548,1776369664,108822528,43204608,16105472,1608237056
1787071030253.255,1776369664,108822528,43204608,16105472,1608237056
1787071030259.544,1776369664,108822528,43204608,16105472,1608237056
1787071030265.835,1776369664,108822528,43204608,16105472,1608237056
1787071030272.115,1776369664,108822528,43204608,16105472,1608237056
1787071030278.396,1776369664,108822528,43204608,16105472,1608237056
1787071030284.675,1776369664,108822528,43204608,16105472,1608237056
1787071030290.954,1776369664,108822528,43204608,16105472,1608237056
1787071030297.233,1776369664,108822528,43204608,16105472,1608237056
1787071030303.511,1776369664,108822528,43204608,16105472,1608237056
1787071030309.791,1776369664,108822528,43204608,16105472,1608237056
1787071030316.069,1776369664,108822528,43204608,16105472,1608237056
1787071030322.350,1776369664,108822528,43204608,16105472,1608237056
1787071030328.629,1776369664,108822528,43204608,16105472,1608237056
1787071030334.907,1776369664,108822528,43204608,16105472,1608237056
1787071030341.189,1776369664,108822528,43204608,16105472,1608237056
1787071030347.471,1776369664,108822528,43204608,16105472,1608237056
1787071030353.345,1777762304,108822528,43204608,16105472,1609629696
1787071030359.639,1777762304,108822528,43204608,16105472,1609629696
1787071030365.568,1777762304,108822528,43204608,16105472,1609629696
1787071030371.507,1777762304,108822528,43204608,16105472,1609629696
1787071030377.792,1777762304,108822528,43204608,16105472,1609629696
1787071030384.072,1777762304,108822528,43204608,16105472,1609629696
1787071030390.353,1777762304,108822528,43204608,16105472,1609629696
1787071030396.640,1777762304,108822528,43204608,16105472,1609629696
1787071030402.720,1777762304,108822528,43204608,16105472,1609629696
1787071030408.999,1777762304,108822528,43204608,16105472,1609629696
1787071030415.276,1777762304,108822528,43204608,16105472,1609629696
1787071030421.553,1777762304,108822528,43204608,16105472,1609629696
1787071030427.832,1777762304,108822528,43204608,16105472,1609629696
1787071030434.109,1777762304,108822528,43204608,16105472,1609629696
1787071030440.385,1777762304,108822528,43204608,16105472,1609629696
1787071030446.660,1777762304,108822528,43204608,16105472,1609629696
1787071030452.936,1777762304,108822528,43204608,16105472,1609629696
1787071030459.212,1777762304,108822528,43204608,16105472,1609629696
1787071030465.487,1777762304,108822528,43204608,16105472,1609629696
1787071030471.764,1777762304,108822528,43204608,16105472,1609629696
1787071030478.046,1777762304,108822528,43204608,16105472,1609629696
1787071030484.326,1777762304,108822528,43204608,16105472,1609629696
1787071030490.603,1777762304,108822528,43204608,16105472,1609629696
1787071030496.882,1777762304,108822528,43204608,16105472,1609629696
1787071030503.159,1777762304,108822528,43204608,16105472,1609629696
1787071030509.436,1777762304,108822528,43204608,16105472,1609629696
1787071030515.714,1777762304,108822528,43204608,16105472,1609629696
1787071030521.993,1783185408,108822528,43204608,16105472,1615052800
1787071030527.202,1783201792,108822528,43204608,16105472,1615069184
1787071030533.490,1783201792,108822528,43204608,16105472,1615069184
1787071030539.773,1783201792,108822528,43204608,16105472,1615069184
1787071030545.165,1783201792,108822528,43204608,16105472,1615069184
1787071030551.446,1783201792,108822528,43204608,16105472,1615069184
1787071030557.724,1783201792,108822528,43204608,16105472,1615069184
1787071030564.008,1783283712,108822528,43204608,16105472,1615151104
1787071030570.290,1783283712,108822528,43204608,16105472,1615151104
1787071030576.107,1783283712,108822528,43204608,16105472,1615151104
1787071030581.459,1783283712,108822528,43204608,16105472,1615151104
1787071030587.739,1783283712,108822528,43204608,16105472,1615151104
1787071030594.018,1783283712,108822528,43204608,16105472,1615151104
1787071030599.776,1783283712,108822528,43204608,16105472,1615151104
1787071030605.755,1783283712,108822528,43204608,16105472,1615151104
1787071030612.031,1783332864,108822528,43204608,16105472,1615200256
1787071030618.307,1783332864,108822528,43204608,16105472,1615200256
1787071030623.556,1783332864,108822528,43204608,16105472,1615200256
1787071030629.848,1783332864,108822528,43204608,16105472,1615200256
1787071030635.688,1783332864,108822528,43204608,16105472,1615200256
1787071030641.151,1783332864,108822528,43204608,16105472,1615200256
1787071030647.443,1783332864,108822528,43204608,16105472,1615200256
1787071030653.720,1783382016,108822528,43204608,16105472,1615249408
1787071030659.998,1784020992,108822528,43204608,16105472,1615888384
1787071030666.273,1784709120,108822528,43204608,16105472,1616576512
1787071030672.549,1785479168,108822528,43204608,16105472,1617346560
1787071030678.602,1786232832,108822528,43204608,16105472,1618100224
1787071030684.432,1787035648,108822528,43204608,16105472,1618903040
1787071030689.791,1787887616,108822528,43204608,16105472,1619755008
1787071030696.077,1787887616,108822528,43204608,16105472,1619755008
1787071030702.349,1787887616,108822528,43204608,16105472,1619755008
1787071030708.631,1787887616,108822528,43204608,16105472,1619755008
1787071030714.787,1788149760,108822528,43204608,16105472,1620017152
1787071030720.303,1788280832,108822528,43204608,16105472,1620148224
1787071030726.581,1788280832,108822528,43204608,16105472,1620148224
1787071030732.807,1788280832,108822528,43204608,16105472,1620148224
1787071030739.092,1788461056,108822528,43204608,16105472,1620328448
1787071030745.371,1788477440,108822528,43204608,16105472,1620344832
1787071030751.646,1788477440,108822528,43204608,16105472,1620344832
1787071030757.917,1788493824,108822528,43204608,16105472,1620361216
1787071030763.576,1788493824,108822528,43204608,16105472,1620361216
1787071030769.254,1788510208,108822528,43204608,16105472,1620377600
1787071030775.193,1788510208,108822528,43204608,16105472,1620377600
1787071030781.488,1788510208,108822528,43204608,16105472,1620377600
1787071030787.771,1789100032,108822528,43204608,16105472,1620967424
1787071030794.048,1789132800,108822528,43204608,16105472,1621000192
1787071030800.330,1789149184,108822528,43204608,16105472,1621016576
1787071030806.608,1789214720,108822528,43204608,16105472,1621082112
1787071030812.884,1789296640,108822528,43204608,16105472,1621164032
1787071030819.160,1789378560,108822528,43204608,16105472,1621245952
1787071030825.437,1789476864,108822528,43204608,16105472,1621344256
1787071030831.718,1789542400,108822528,43204608,16105472,1621409792
1787071030838.004,1789607936,108822528,43204608,16105472,1621475328
1787071030844.018,1789657088,108822528,43204608,16105472,1621524480
1787071030850.297,1789739008,108822528,43204608,16105472,1621606400
1787071030856.206,1789771776,108822528,43204608,16105472,1621639168
1787071030862.086,1789804544,108822528,43204608,16105472,1621671936
1787071030868.374,1789837312,108822528,43204608,16105472,1621704704
1787071030874.658,1796636672,108822528,43204608,16105472,1628504064
1787071030880.938,1796636672,108822528,43204608,16105472,1628504064
1787071030887.223,1796751360,108822528,43204608,16105472,1628618752
1787071030893.513,1796751360,108822528,43204608,16105472,1628618752
1787071030899.795,1796702208,108822528,43204608,16056320,1628618752
1787071030906.075,1796702208,108822528,43204608,16056320,1628618752
1787071030912.355,1796702208,108822528,43204608,16056320,1628618752
1787071030918.632,1796702208,108822528,43204608,16056320,1628618752
1787071030924.909,1796702208,108822528,43204608,16056320,1628618752
1787071030931.191,1796702208,108822528,43204608,16056320,1628618752
1787071030936.540,1796751360,108822528,43204608,16056320,1628667904
1787071030942.818,1796751360,108822528,43204608,16056320,1628667904
1787071030948.403,1796751360,108822528,43204608,16056320,1628667904
1787071030953.777,1796751360,108822528,43204608,16056320,1628667904
1787071030960.053,1796751360,108822528,43204608,16056320,1628667904
1787071030966.330,1796751360,108822528,43204608,16056320,1628667904
1787071030972.608,1796751360,108822528,43204608,16056320,1628667904
1787071030978.892,1796751360,108822528,43204608,16056320,1628667904
1787071030985.171,1796751360,108822528,43204608,16056320,1628667904
1787071030991.447,1796751360,108822528,43204608,16056320,1628667904
1787071030997.726,1796751360,108822528,43204608,16056320,1628667904
1787071031004.004,1796751360,108822528,43204608,16056320,1628667904
1787071031010.282,1796751360,108822528,43204608,16056320,1628667904
1787071031016.560,1796751360,108822528,43204608,16056320,1628667904
1787071031022.838,1796751360,108822528,43204608,16056320,1628667904
1787071031028.892,1796751360,108822528,43204608,16056320,1628667904
1787071031035.177,1796751360,108822528,43204608,16056320,1628667904
1787071031041.455,1811267584,108822528,43204608,16056320,1643184128
1787071031047.732,1830322176,108822528,43204608,16056320,1662238720
1787071031054.008,1830322176,108822528,43204608,16056320,1662238720
1787071031060.286,1830322176,108822528,43204608,16056320,1662238720
1787071031066.575,1830322176,108822528,43204608,16056320,1662238720
1787071031072.858,1830322176,108822528,43204608,16056320,1662238720
1787071031079.138,1830322176,108822528,43204608,16056320,1662238720
1787071031085.416,1830322176,108822528,43204608,16056320,1662238720
1787071031091.693,1830322176,108822528,43204608,16056320,1662238720
1787071031098.044,1830322176,108822528,43204608,16056320,1662238720
1787071031104.322,1830322176,108822528,43204608,16056320,1662238720
1787071031110.597,1840578560,108822528,43204608,16056320,1672495104
1787071031116.884,1841102848,108822528,43204608,16056320,1673019392
1787071031123.165,1841610752,108822528,43204608,16056320,1673527296
1787071031129.443,1842069504,108822528,43204608,16056320,1673986048
1787071031135.718,1842528256,108822528,43204608,16056320,1674444800
1787071031141.993,1842970624,108822528,43204608,16056320,1674887168
1787071031148.269,1843445760,108822528,43204608,16056320,1675362304
1787071031154.551,1848164352,108822528,43204608,16056320,1680080896
1787071031160.834,1856356352,108822528,43204608,16056320,1688272896
1787071031167.112,1864613888,108822528,43204608,16056320,1696530432
1787071031173.391,1873100800,108822528,43204608,16056320,1705017344
1787071031179.674,1881587712,108822528,43204608,16056320,1713504256
1787071031185.952,1889976320,108822528,43204608,16056320,1721892864
1787071031192.229,1894514688,108822528,43204608,16056320,1726431232
1787071031198.505,1894514688,108822528,43204608,16056320,1726431232
1787071031204.392,1894514688,108822528,43204608,16056320,1726431232
1787071031210.667,1894514688,108822528,43204608,16056320,1726431232
1787071031216.942,1894514688,108822528,43204608,16056320,1726431232
1787071031223.155,1894514688,108822528,43204608,16056320,1726431232
1787071031229.432,1894514688,108822528,43204608,16056320,1726431232
1787071031235.709,1894514688,108822528,43204608,16056320,1726431232
1787071031241.984,1894514688,108822528,43204608,16056320,1726431232
1787071031248.265,1894514688,108822528,43204608,16056320,1726431232
1787071031254.542,1894514688,108822528,43204608,16056320,1726431232
1787071031260.818,1894514688,108822528,43204608,16056320,1726431232
1787071031267.094,1894514688,108822528,43204608,16056320,1726431232
1787071031273.369,1894514688,108822528,43204608,16056320,1726431232
1787071031279.648,1894514688,108822528,43204608,16056320,1726431232
1787071031285.924,1894514688,108822528,43204608,16056320,1726431232
1787071031292.200,1894514688,108822528,43204608,16056320,1726431232
1787071031298.476,1894514688,108822528,43204608,16056320,1726431232
1787071031304.753,1894514688,108822528,43204608,16056320,1726431232
1787071031311.029,1894514688,108822528,43204608,16056320,1726431232
1787071031317.306,1894514688,108822528,43204608,16056320,1726431232
1787071031323.586,1894514688,108822528,43204608,16056320,1726431232
1787071031329.864,1894514688,108822528,43204608,16056320,1726431232
1787071031336.138,1894514688,108822528,43204608,16056320,1726431232
1787071031342.414,1894514688,108822528,43204608,16056320,1726431232
1787071031348.700,1894514688,108822528,43204608,16056320,1726431232
1787071031354.155,1894514688,108822528,43204608,16056320,1726431232
1787071031360.432,1894514688,108822528,43204608,16056320,1726431232
1787071031366.708,1894514688,108822528,43204608,16056320,1726431232
1787071031372.984,1894514688,108822528,43204608,16056320,1726431232
1787071031379.259,1894514688,108822528,43204608,16056320,1726431232
1787071031385.542,1894514688,108822528,43204608,16056320,1726431232
1787071031391.820,1894514688,108822528,43204608,16056320,1726431232
1787071031398.097,1894514688,108822528,43204608,16056320,1726431232
1787071031404.319,1894514688,108822528,43204608,16056320,1726431232
1787071031410.598,1894514688,108822528,43204608,16056320,1726431232
1787071031416.213,1894514688,108822528,43204608,16056320,1726431232
1787071031422.493,1894514688,108822528,43204608,16056320,1726431232
1787071031428.156,1894514688,108822528,43204608,16056320,1726431232
1787071031433.975,1894514688,108822528,43204608,16056320,1726431232
1787071031440.256,1894514688,108822528,43204608,16056320,1726431232
1787071031445.708,1894514688,108822528,43204608,16056320,1726431232
1787071031451.984,1894514688,108822528,43204608,16056320,1726431232
1787071031458.260,1894514688,108822528,43204608,16056320,1726431232
1787071031464.536,1894514688,108822528,43204608,16056320,1726431232
1787071031470.873,1894514688,108822528,43204608,16056320,1726431232
1787071031475.958,1894514688,108822528,43204608,16056320,1726431232
1787071031482.246,1894514688,108822528,43204608,16056320,1726431232
1787071031488.535,1894514688,108822528,43204608,16056320,1726431232
1787071031493.967,1894514688,108822528,43204608,16056320,1726431232
1787071031500.253,1894514688,108822528,43204608,16056320,1726431232
1787071031506.534,1894514688,108822528,43204608,16056320,1726431232
1787071031512.822,1894514688,108822528,43204608,16056320,1726431232
1787071031518.962,1894514688,108822528,43204608,16056320,1726431232
1787071031524.511,1894514688,108822528,43204608,16056320,1726431232
1787071031530.629,1894514688,108822528,43204608,16056320,1726431232
1787071031536.917,1894514688,108822528,43204608,16056320,1726431232
1787071031543.200,1894514688,108822528,43204608,16056320,1726431232
1787071031549.480,1894514688,108822528,43204608,16056320,1726431232
1787071031555.756,1894514688,108822528,43204608,16056320,1726431232
1787071031562.033,1894514688,108822528,43204608,16056320,1726431232
1787071031568.312,1894514688,108822528,43204608,16056320,1726431232
1787071031574.591,1894514688,108822528,43204608,16056320,1726431232
1787071031580.866,1894514688,108822528,43204608,16056320,1726431232
1787071031587.143,1894514688,108822528,43204608,16056320,1726431232
1787071031593.418,1894514688,108822528,43204608,16056320,1726431232
1787071031599.694,1894514688,108822528,43204608,16056320,1726431232
1787071031605.501,1894514688,108822528,43204608,16056320,1726431232
1787071031611.787,1898332160,108822528,43204608,16056320,1730248704
1787071031618.071,1902559232,108822528,43204608,16056320,1734475776
1787071031624.359,1906720768,108822528,43204608,16056320,1738637312
1787071031630.587,1910964224,108822528,43204608,16056320,1742880768
1787071031636.873,1918926848,108822528,43204608,16056320,1750843392
1787071031643.151,1927184384,108822528,43204608,16056320,1759100928
1787071031649.430,1928036352,108822528,43204608,16056320,1759952896
1787071031655.713,1928036352,108822528,43204608,16056320,1759952896
1787071031661.989,1928036352,108822528,43204608,16056320,1759952896
1787071031668.266,1928036352,108822528,43204608,16056320,1759952896
1787071031674.549,1928036352,108822528,43204608,16056320,1759952896
1787071031680.827,1928036352,108822528,43204608,16056320,1759952896
1787071031686.042,1928036352,108822528,43204608,16056320,1759952896
1787071031691.874,1928036352,108822528,43204608,16056320,1759952896
1787071031698.155,1928036352,108822528,43204608,16056320,1759952896
1787071031703.728,1928036352,108822528,43204608,16056320,1759952896
1787071031710.005,1928036352,108822528,43204608,16056320,1759952896
1787071031716.281,1928036352,108822528,43204608,16056320,1759952896
1787071031722.559,1928036352,108822528,43204608,16056320,1759952896
1787071031727.706,1928036352,108822528,43204608,16056320,1759952896
1787071031732.984,1928036352,108822528,43204608,16056320,1759952896
1787071031738.875,1928036352,108822528,43204608,16056320,1759952896
1787071031744.844,1928036352,108822528,43204608,16056320,1759952896
1787071031751.121,1928036352,108822528,43204608,16056320,1759952896
1787071031757.400,1928036352,108822528,43204608,16056320,1759952896
1787071031763.680,1928036352,108822528,43204608,16056320,1759952896
1787071031769.957,1928036352,108822528,43204608,16056320,1759952896
1787071031776.233,1928036352,108822528,43204608,16056320,1759952896
1787071031782.509,1928036352,108822528,43204608,16056320,1759952896
1787071031788.785,1928036352,108822528,43204608,16056320,1759952896
1787071031795.061,1928036352,108822528,43204608,16056320,1759952896
1787071031801.336,1928036352,108822528,43204608,16056320,1759952896
1787071031807.611,1928036352,108822528,43204608,16056320,1759952896
1787071031813.500,1928052736,108822528,43204608,16056320,1759969280
1787071031818.875,1928052736,108822528,43204608,16056320,1759969280
1787071031825.160,1928052736,108822528,43204608,16056320,1759969280
1787071031831.438,1928052736,108822528,43204608,16056320,1759969280
1787071031837.791,1928052736,108822528,43204608,16056320,1759969280
1787071031844.066,1928593408,108822528,43220992,16056320,1760493568
1787071031850.345,1930297344,108822528,43220992,16056320,1762197504
1787071031856.621,1931182080,108822528,43220992,16056320,1763082240
1787071031862.911,1931952128,108822528,43220992,16056320,1763852288
1787071031868.387,1932623872,108822528,43220992,16056320,1764524032
1787071031874.672,1933410304,108822528,43220992,16056320,1765310464
1787071031880.949,1934180352,108822528,43220992,16056320,1766080512
1787071031887.220,1935081472,108822528,43220992,16056320,1766981632
1787071031893.510,1935884288,108822528,43220992,16056320,1767784448
1787071031899.794,1936654336,108822528,43220992,16056320,1768554496
1787071031906.075,1937620992,108822528,43220992,16056320,1769521152
1787071031912.353,1938620416,108822528,43220992,16056320,1770520576
1787071031917.955,1939750912,108822528,43220992,16056320,1771651072
1787071031923.106,1940733952,108822528,43220992,16056320,1772634112
1787071031929.386,1941766144,108822528,43220992,16056320,1773666304
1787071031935.660,1942519808,108822528,43220992,16056320,1774419968
1787071031941.517,1943273472,108822528,43220992,16056320,1775173632
1787071031947.795,1944109056,108822528,43220992,16056320,1776009216
1787071031954.072,1944944640,108822528,43220992,16056320,1776844800
1787071031960.215,1945747456,108822528,43220992,16056320,1777647616
1787071031966.495,1946599424,108822528,43220992,16056320,1778499584
1787071031972.773,1947435008,108822528,43220992,16056320,1779335168
1787071031979.051,1948286976,108822528,43220992,16056320,1780187136
1787071031985.328,1949351936,108822528,43220992,16056320,1781252096
1787071031991.604,1968177152,108822528,43220992,16056320,1800077312
1787071031997.882,1987624960,108822528,43220992,16056320,1819525120
1787071032004.161,2006106112,108822528,43220992,16056320,1838006272
1787071032010.439,2007465984,108822528,43745280,16056320,1838841856
1787071032016.717,2007465984,108822528,43745280,16056320,1838841856
1787071032022.994,2007515136,108822528,43745280,16056320,1838891008
1787071032029.271,2007531520,108822528,43745280,16056320,1838907392
1787071032035.550,2007531520,108822528,43745280,16056320,1838907392
1787071032041.182,2007531520,108822528,43745280,16056320,1838907392
1787071032047.465,2007547904,108822528,43745280,16056320,1838923776
1787071032053.742,2007547904,108822528,43745280,16056320,1838923776
1787071032060.024,2007547904,108822528,43745280,16056320,1838923776
1787071032066.305,2007580672,108822528,43745280,16056320,1838956544
1787071032071.953,2007597056,108822528,43745280,16056320,1838972928
1787071032077.597,2007826432,108822528,43745280,16056320,1839202304
1787071032083.876,2008006656,108822528,43745280,16056320,1839382528
1787071032089.770,2008186880,108822528,43745280,16056320,1839562752
1787071032095.310,2008236032,108822528,43745280,16056320,1839611904
1787071032101.591,2008432640,108822528,43745280,16056320,1839808512
1787071032107.868,2008662016,108822528,43745280,16056320,1840037888
1787071032114.144,2008842240,108822528,43745280,16056320,1840218112
1787071032120.421,2009006080,108822528,43745280,16056320,1840381952
1787071032126.697,2009202688,108822528,43745280,16056320,1840578560
1787071032132.973,2009448448,108822528,43745280,16056320,1840824320
1787071032139.249,2009628672,108822528,43745280,16056320,1841004544
1787071032145.526,2009825280,108822528,43745280,16056320,1841201152
1787071032151.801,2010005504,108822528,43745280,16056320,1841381376
1787071032158.079,2010185728,108822528,43745280,16056320,1841561600
1787071032164.213,2010316800,108822528,43745280,16056320,1841692672
1787071032170.227,2012856320,108822528,43745280,16056320,1844232192
1787071032176.505,2024488960,108822528,43745280,16056320,1855864832
1787071032182.783,2024505344,108822528,43745280,16056320,1855881216
1787071032188.174,2024505344,108822528,43745280,16056320,1855881216
1787071032194.452,2024521728,108822528,43745280,16056320,1855897600
1787071032199.876,2024521728,108822528,43745280,16056320,1855897600
1787071032206.198,2024521728,108822528,43745280,16056320,1855897600
1787071032212.473,2024538112,108822528,43745280,16056320,1855913984
1787071032218.528,2024554496,108822528,43745280,16056320,1855930368
1787071032223.585,2024554496,108822528,43745280,16056320,1855930368
1787071032229.868,2024554496,108822528,43745280,16056320,1855930368
1787071032235.606,2024570880,108822528,43745280,16056320,1855946752
1787071032241.262,2024570880,108822528,43745280,16056320,1855946752
1787071032247.541,2024570880,108822528,43745280,16056320,1855946752
1787071032253.817,2024587264,108822528,43745280,16056320,1855963136
1787071032260.093,2024587264,108822528,43745280,16056320,1855963136
1787071032266.369,2024620032,108822528,43745280,16056320,1855995904
1787071032272.645,2024636416,108822528,43745280,16056320,1856012288
1787071032278.923,2024636416,108822528,43745280,16056320,1856012288
1787071032285.199,2024636416,108822528,43745280,16056320,1856012288
1787071032291.477,2024636416,108822528,43745280,16056320,1856012288
1787071032297.756,2024636416,108822528,43745280,16056320,1856012288
1787071032304.032,2024636416,108822528,43745280,16056320,1856012288
1787071032310.309,2024652800,108822528,43745280,16056320,1856028672
1787071032316.585,2024652800,108822528,43745280,16056320,1856028672
1787071032322.863,2024652800,108822528,43745280,16056320,1856028672
1787071032329.140,2024652800,108822528,43745280,16056320,1856028672
1787071032335.416,2024652800,108822528,43745280,16056320,1856028672
1787071032341.697,2024669184,108822528,43745280,16056320,1856045056
1787071032347.977,2027438080,108822528,43745280,16056320,1858813952
1787071032354.264,2027438080,108822528,43745280,16056320,1858813952
1787071032359.541,2027438080,108822528,43745280,16056320,1858813952
1787071032364.767,2027438080,108822528,43745280,16056320,1858813952
1787071032371.045,2027454464,108822528,43745280,16056320,1858830336
1787071032377.332,2027454464,108822528,43745280,16056320,1858830336
1787071032383.613,2027470848,108822528,43745280,16056320,1858846720
1787071032389.889,2027487232,108822528,43745280,16056320,1858863104
1787071032396.166,2027487232,108822528,43745280,16056320,1858863104
1787071032402.441,2027487232,108822528,43745280,16056320,1858863104
1787071032408.718,2027503616,108822528,43745280,16056320,1858879488
1787071032414.994,2027503616,108822528,43745280,16056320,1858879488
1787071032421.271,2027552768,108822528,43745280,16056320,1858928640
1787071032427.552,2027552768,108822528,43745280,16056320,1858928640
1787071032433.830,2027552768,108822528,43745280,16056320,1858928640
1787071032440.106,2027569152,108822528,43745280,16056320,1858945024
1787071032446.382,2027585536,108822528,43745280,16056320,1858961408
1787071032452.661,2027651072,108822528,43745280,16056320,1859026944
1787071032458.940,2032615424,108822528,43745280,16056320,1863991296
1787071032465.217,2036514816,108822528,43745280,16056320,1867890688
1787071032471.494,2038169600,108822528,43745280,16056320,1869545472
1787071032477.774,2038743040,108822528,43745280,16056320,1870118912
1787071032483.669,2038759424,108822528,43745280,16056320,1870135296
1787071032489.761,2038890496,108822528,43745280,16056320,1870266368
1787071032496.026,2038972416,108822528,43745280,16056320,1870348288
1787071032502.293,2038972416,108822528,43745280,16056320,1870348288
1787071032508.576,2038972416,108822528,43745280,16056320,1870348288
1787071032514.855,2038972416,108822528,43745280,16056320,1870348288
1787071032521.131,2038972416,108822528,43745280,16056320,1870348288
1787071032527.119,2038972416,108822528,43745280,16056320,1870348288
1787071032533.063,2038972416,108822528,43745280,16056320,1870348288
1787071032539.350,2038972416,108822528,43745280,16056320,1870348288
1787071032545.635,2038972416,108822528,43745280,16056320,1870348288
1787071032551.916,2038972416,108822528,43745280,16056320,1870348288
1787071032558.192,2038972416,108822528,43745280,16056320,1870348288
1787071032564.475,2038972416,108822528,43745280,16056320,1870348288
1787071032570.752,2038972416,108822528,43745280,16056320,1870348288
1787071032577.029,2038972416,108822528,43745280,16056320,1870348288
1787071032582.866,2038972416,108822528,43745280,16056320,1870348288
1787071032589.143,2038972416,108822528,43745280,16056320,1870348288
1787071032595.418,2038972416,108822528,43745280,16056320,1870348288
1787071032601.693,2039758848,108822528,43745280,16056320,1871134720
1787071032607.969,2039758848,108822528,43745280,16056320,1871134720
1787071032613.608,2039906304,108822528,43745280,16056320,1871282176
1787071032618.944,2040152064,108822528,43745280,16056320,1871527936
1787071032625.224,2040152064,108822528,43745280,16056320,1871527936
1787071032631.432,2040152064,108822528,43745280,16056320,1871527936
1787071032637.425,2040152064,108822528,43745280,16056320,1871527936
1787071032643.703,2040152064,108822528,43745280,16056320,1871527936
1787071032649.985,2040152064,108822528,43745280,16056320,1871527936
1787071032656.267,2040152064,108822528,43745280,16056320,1871527936
1787071032662.543,2040152064,108822528,43745280,16056320,1871527936
1787071032668.822,2040152064,108822528,43745280,16056320,1871527936
1787071032675.099,2040152064,108822528,43745280,16056320,1871527936
1787071032681.376,2040152064,108822528,43745280,16056320,1871527936
1787071032687.652,2040152064,108822528,43745280,16056320,1871527936
1787071032693.930,2040152064,108822528,43745280,16056320,1871527936
1787071032700.208,2040152064,108822528,43745280,16056320,1871527936
1787071032706.484,2040152064,108822528,43745280,16056320,1871527936
1787071032712.299,2040152064,108822528,43745280,16056320,1871527936
1787071032718.577,2040152064,108822528,43745280,16056320,1871527936
1787071032724.166,2040152064,108822528,43745280,16056320,1871527936
1787071032730.444,2040332288,108822528,43745280,16056320,1871708160
1787071032736.031,2040332288,108822528,43745280,16056320,1871708160
1787071032741.956,2041446400,108822528,43745280,16056320,1872822272
1787071032748.235,2041462784,108822528,43745280,16056320,1872838656
1787071032754.517,2041462784,108822528,43745280,16056320,1872838656
1787071032760.793,2041462784,108822528,43745280,16056320,1872838656
1787071032767.069,2041462784,108822528,43745280,16056320,1872838656
1787071032773.346,2041462784,108822528,43745280,16056320,1872838656
1787071032778.711,2041462784,108822528,43745280,16056320,1872838656
1787071032784.958,2041462784,108822528,43745280,16056320,1872838656
1787071032791.234,2041462784,108822528,43745280,16056320,1872838656
1787071032796.522,2041462784,108822528,43745280,16056320,1872838656
1787071032802.701,2041462784,108822528,43745280,16056320,1872838656
1787071032808.980,2041462784,108822528,43745280,16056320,1872838656
1787071032815.256,2041462784,108822528,43745280,16056320,1872838656
1787071032821.534,2041462784,108822528,43745280,16056320,1872838656
1787071032827.278,2041462784,108822528,43745280,16056320,1872838656
1787071032833.556,2041462784,108822528,43745280,16056320,1872838656
1787071032839.830,2041462784,108822528,43745280,16056320,1872838656
1787071032846.105,2041462784,108822528,43745280,16056320,1872838656
1787071032852.379,2041462784,108822528,43745280,16056320,1872838656
1787071032858.654,2041462784,108822528,43745280,16056320,1872838656
1787071032864.929,2041462784,108822528,43745280,16056320,1872838656
1787071032871.207,2041462784,108822528,43745280,16056320,1872838656
1787071032877.484,2041462784,108822528,43745280,16056320,1872838656
1787071032883.758,2041462784,108822528,43745280,16056320,1872838656
1787071032889.767,2041462784,108822528,43745280,16056320,1872838656
1787071032896.051,2041462784,108822528,43745280,16056320,1872838656
1787071032902.274,2041462784,108822528,43745280,16056320,1872838656
1787071032908.552,2041462784,108822528,43745280,16056320,1872838656
1787071032914.831,2041462784,108822528,43745280,16056320,1872838656
1787071032921.104,2041462784,108822528,43745280,16056320,1872838656
1787071032927.381,2041462784,108822528,43745280,16056320,1872838656
1787071032932.990,2041462784,108822528,43745280,16056320,1872838656
1787071032939.270,2041462784,108822528,43745280,16056320,1872838656
1787071032945.548,2041462784,108822528,43745280,16056320,1872838656
1787071032951.870,2041462784,108822528,43745280,16056320,1872838656
1787071032958.155,2041462784,108822528,43745280,16056320,1872838656
1787071032963.808,2041462784,108822528,43745280,16056320,1872838656
1787071032970.088,2041462784,108822528,43745280,16056320,1872838656
1787071032975.697,2041462784,108822528,43745280,16056320,1872838656
1787071032981.429,2041462784,108822528,43745280,16056320,1872838656
1787071032987.707,2041462784,108822528,43745280,16056320,1872838656
1787071032993.662,2041790464,108822528,43745280,16056320,1873166336
1787071032999.941,2041790464,108822528,43745280,16056320,1873166336
1787071033006.218,2042380288,108822528,43745280,16056320,1873756160
1787071033012.086,2042380288,108822528,43745280,16056320,1873756160
1787071033017.803,2042380288,108822528,43745280,16056320,1873756160
1787071033023.094,2042462208,108822528,43745280,16056320,1873838080
1787071033029.375,2042724352,108822528,43745280,16056320,1874100224
1787071033035.606,2042740736,108822528,43745280,16056320,1874116608
1787071033041.537,2042773504,108822528,43745280,16056320,1874149376
1787071033047.820,2042970112,108822528,43745280,16056320,1874345984
1787071033054.103,2043002880,108822528,43745280,16056320,1874378752
1787071033060.378,2043035648,108822528,43745280,16056320,1874411520
1787071033066.653,2043052032,108822528,43745280,16056320,1874427904
1787071033072.766,2043101184,108822528,43745280,16056320,1874477056
1787071033079.033,2043183104,108822528,43745280,16056320,1874558976
1787071033085.298,2043215872,108822528,43745280,16056320,1874591744
1787071033091.565,2043281408,108822528,43745280,16056320,1874657280
1787071033097.853,2043314176,108822528,43745280,16056320,1874690048
1787071033104.134,2043346944,108822528,43745280,16056320,1874722816
1787071033110.417,2043412480,108822528,43745280,16056320,1874788352
1787071033116.212,2043428864,108822528,43745280,16056320,1874804736
1787071033122.497,2043461632,108822528,43745280,16056320,1874837504
1787071033128.200,2043510784,108822528,43745280,16056320,1874886656
1787071033134.478,2043543552,108822528,43745280,16056320,1874919424
1787071033140.754,2043559936,108822528,43745280,16056320,1874935808
1787071033147.030,2043559936,108822528,43745280,16056320,1874935808
1787071033152.282,2043592704,108822528,43745280,16056320,1874968576
1787071033157.847,2043592704,108822528,43745280,16056320,1874968576
1787071033164.128,2043658240,108822528,43745280,16056320,1875034112
1787071033169.706,2043723776,108822528,43745280,16056320,1875099648
1787071033175.983,2044624896,108822528,43745280,16056320,1876000768
1787071033182.261,2047688704,108822528,43745280,16056320,1879064576
1787071033188.538,2047705088,108822528,43745280,16056320,1879080960
1787071033194.359,2050949120,108822528,43745280,16056320,1882324992
1787071033200.639,2051637248,108822528,43745280,16056320,1883013120
1787071033206.916,2051899392,108822528,43745280,16056320,1883275264
1787071033213.003,2052161536,108822528,43745280,16056320,1883537408
1787071033218.945,2052456448,108822528,43745280,16056320,1883832320
1787071033225.225,2052751360,108822528,43745280,16056320,1884127232
1787071033231.502,2053062656,108822528,43745280,16056320,1884438528
1787071033237.778,2053373952,108822528,43745280,16056320,1884749824
1787071033244.055,2053701632,108822528,43745280,16056320,1885077504
1787071033250.332,2054029312,108822528,43745280,16056320,1885405184
1787071033256.607,2054340608,108822528,43745280,16056320,1885716480
1787071033262.882,2054684672,108822528,43745280,16056320,1886060544
1787071033268.290,2054979584,108822528,43745280,16056320,1886355456
1787071033274.228,2055307264,108822528,43745280,16056320,1886683136
1787071033280.508,2055634944,108822528,43745280,16056320,1887010816
1787071033286.024,2055962624,108822528,43745280,16056320,1887338496
1787071033292.306,2056323072,108822528,43745280,16056320,1887698944
1787071033298.579,2062614528,108822528,43745280,16056320,1893990400
1787071033304.853,2069184512,108822528,43745280,16056320,1900560384
1787071033311.095,2072723456,108822528,43745280,16056320,1904099328
1787071033317.417,2072920064,108822528,43745280,16056320,1904295936
1787071033323.097,2083897344,108822528,43745280,16056320,1915273216
1787071033328.322,2101854208,108822528,43745280,16056320,1933230080
1787071033334.211,2101854208,108822528,43745280,16056320,1933230080
1787071033339.320,2101854208,108822528,43745280,16056320,1933230080
1787071033344.425,2101854208,108822528,43745280,16056320,1933230080
1787071033350.701,2101854208,108822528,43745280,16056320,1933230080
1787071033356.978,2101854208,108822528,43745280,16056320,1933230080
1787071033363.254,2101854208,108822528,43745280,16056320,1933230080
1787071033369.530,2101854208,108822528,43745280,16056320,1933230080
1787071033374.906,2101854208,108822528,43745280,16056320,1933230080
1787071033381.183,2101854208,108822528,43745280,16056320,1933230080
1787071033387.458,2101854208,108822528,43745280,16056320,1933230080
1787071033393.737,2101854208,108822528,43745280,16056320,1933230080
1787071033400.016,2101854208,108822528,43745280,16056320,1933230080
1787071033406.145,2101886976,108822528,43745280,16056320,1933262848
1787071033411.297,2101886976,108822528,43745280,16056320,1933262848
1787071033417.582,2101886976,108822528,43745280,16056320,1933262848
1787071033423.860,2101886976,108822528,43745280,16056320,1933262848
1787071033430.139,2101886976,108822528,43745280,16056320,1933262848
1787071033436.023,2102116352,108822528,43745280,16056320,1933492224
1787071033442.308,2102116352,108822528,43745280,16056320,1933492224
1787071033448.585,2102116352,108822528,43745280,16056320,1933492224
1787071033454.862,2102411264,108822528,43745280,16056320,1933787136
1787071033461.140,2102411264,108822528,43745280,16056320,1933787136
1787071033466.882,2102411264,108822528,43745280,16056320,1933787136
1787071033473.171,2102411264,108822528,43745280,16056320,1933787136
1787071033479.457,2102411264,108822528,43745280,16056320,1933787136
1787071033485.609,2102362112,108773376,43745280,16056320,1933787136
1787071033491.892,2102362112,108773376,43745280,16056320,1933787136
1787071033498.174,2102362112,108773376,43745280,16056320,1933787136
1787071033504.451,2102362112,108773376,43745280,16056320,1933787136
1787071033510.720,2102362112,108773376,43745280,16056320,1933787136
1787071033516.996,2102362112,108773376,43745280,16056320,1933787136
1787071033523.273,2102378496,108773376,43745280,16056320,1933803520
1787071033529.553,2102886400,108773376,43745280,16056320,1934311424
1787071033535.835,2102886400,108773376,43745280,16056320,1934311424
1787071033542.115,2102886400,108773376,43745280,16056320,1934311424
1787071033548.396,2102886400,108773376,43745280,16056320,1934311424
1787071033554.678,2102886400,108773376,43745280,16056320,1934311424
1787071033560.960,2102886400,108773376,43745280,16056320,1934311424
1787071033566.388,2102886400,108773376,43745280,16056320,1934311424
1787071033572.670,2102886400,108773376,43745280,16056320,1934311424
1787071033578.751,2102886400,108773376,43745280,16056320,1934311424
1787071033584.111,2102886400,108773376,43745280,16056320,1934311424
1787071033590.396,2103132160,108773376,43745280,16056320,1934557184
1787071033596.672,2103656448,108773376,43745280,16056320,1935081472
1787071033602.948,2103656448,108773376,43745280,16056320,1935081472
1787071033609.225,2103656448,108773376,43745280,16056320,1935081472
1787071033615.506,2103656448,108773376,43745280,16056320,1935081472
1787071033621.782,2103656448,108773376,43745280,16056320,1935081472
1787071033628.060,2103656448,108773376,43745280,16056320,1935081472
1787071033634.344,2103656448,108773376,43745280,16056320,1935081472
1787071033639.759,2103656448,108773376,43745280,16056320,1935081472
1787071033646.041,2103656448,108773376,43745280,16056320,1935081472
1787071033652.323,2103656448,108773376,43745280,16056320,1935081472
1787071033658.604,2103656448,108773376,43745280,16056320,1935081472
1787071033664.760,2103656448,108773376,43745280,16056320,1935081472
1787071033671.038,2103656448,108773376,43745280,16056320,1935081472
1787071033677.313,2103656448,108773376,43745280,16056320,1935081472
1787071033683.631,2103656448,108773376,43745280,16056320,1935081472
1787071033689.912,2103656448,108773376,43745280,16056320,1935081472
1787071033696.199,2103656448,108773376,43745280,16056320,1935081472
1787071033702.275,2103656448,108773376,43745280,16056320,1935081472
1787071033708.561,2103656448,108773376,43745280,16056320,1935081472
1787071033714.839,2103656448,108773376,43745280,16056320,1935081472
1787071033721.116,2103656448,108773376,43745280,16056320,1935081472
1787071033726.312,2104688640,108773376,43745280,16056320,1936113664
1787071033731.927,2104688640,108773376,43745280,16056320,1936113664
1787071033737.645,2104967168,108773376,43745280,16056320,1936392192
1787071033743.789,2104442880,108789760,43220992,16056320,1936375808
1787071033750.084,2104492032,108789760,43220992,16056320,1936424960
1787071033756.125,2104524800,108789760,43171840,16056320,1936506880
1787071033762.405,2104819712,108789760,43171840,16056320,1936801792
1787071033768.693,2105360384,108789760,43171840,16056320,1937342464
1787071033774.976,2105458688,108789760,43171840,16056320,1937440768
1787071033781.143,2105491456,108789760,43171840,16056320,1937473536
1787071033786.193,2105491456,108789760,43171840,16056320,1937473536
1787071033792.468,2105491456,108789760,43171840,16056320,1937473536
1787071033798.745,2105491456,108789760,43171840,16056320,1937473536
1787071033804.932,2105491456,108789760,43171840,16056320,1937473536
1787071033811.212,2105491456,108789760,43171840,16056320,1937473536
1787071033817.490,2105491456,108789760,43171840,16056320,1937473536
1787071033823.766,2105491456,108789760,43171840,16056320,1937473536
1787071033830.045,2105491456,108789760,43171840,16056320,1937473536
1787071033836.329,2105491456,108789760,43171840,16056320,1937473536
1787071033842.610,2105491456,108789760,43171840,16056320,1937473536
1787071033848.889,2105704448,108789760,43171840,16056320,1937686528
1787071033854.245,2105704448,108789760,43171840,16056320,1937686528
1787071033860.523,2105704448,108789760,43171840,16056320,1937686528
1787071033866.800,2105720832,108789760,43171840,16056320,1937702912
1787071033873.077,2105720832,108789760,43171840,16056320,1937702912
1787071033879.354,2105720832,108789760,43171840,16056320,1937702912
1787071033885.628,2105720832,108789760,43171840,16056320,1937702912
1787071033891.910,2105720832,108789760,43171840,16056320,1937702912
1787071033898.197,2105720832,108789760,43171840,16056320,1937702912
1787071033903.639,2105720832,108789760,43171840,16056320,1937702912
1787071033909.909,2105819136,108789760,43171840,16056320,1937801216
1787071033916.186,2105819136,108789760,43171840,16056320,1937801216
1787071033922.465,2105819136,108789760,43171840,16056320,1937801216
1787071033928.744,2105819136,108789760,43171840,16056320,1937801216
1787071033934.286,2105819136,108789760,43171840,16056320,1937801216
1787071033940.568,2105819136,108789760,43171840,16056320,1937801216
1787071033946.844,2105819136,108789760,43171840,16056320,1937801216
1787071033952.686,2105819136,108789760,43171840,16056320,1937801216
1787071033958.968,2105819136,108789760,43171840,16056320,1937801216
1787071033965.246,2105819136,108789760,43171840,16056320,1937801216
1787071033971.527,2105819136,108789760,43171840,16056320,1937801216
1787071033977.804,2105819136,108789760,43171840,16056320,1937801216
1787071033984.082,2105819136,108789760,43171840,16056320,1937801216
1787071033990.358,2105819136,108789760,43171840,16056320,1937801216
1787071033996.636,2105819136,108789760,43171840,16056320,1937801216
1787071034002.915,2105819136,108789760,43171840,16056320,1937801216
1787071034009.190,2105819136,108789760,43171840,16056320,1937801216
1787071034015.470,2105819136,108789760,43171840,16056320,1937801216
1787071034021.748,2105819136,108789760,43171840,16056320,1937801216
1787071034028.025,2105819136,108789760,43171840,16056320,1937801216
1787071034034.304,2105819136,108789760,43171840,16056320,1937801216
1787071034040.582,2105819136,108789760,43171840,16056320,1937801216
1787071034046.860,2106032128,108789760,43171840,16056320,1938014208
1787071034053.138,2106064896,108789760,43171840,16056320,1938046976
1787071034058.557,2106834944,108789760,43171840,16056320,1938817024
1787071034064.845,2108243968,108789760,43171840,16056320,1940226048
1787071034071.129,2110341120,108789760,43171840,16056320,1942323200
1787071034077.409,2114142208,108789760,45252608,16056320,1944043520
1787071034083.687,2114748416,108806144,45678592,16056320,1944207360
1787071034089.748,2114748416,108806144,45678592,16056320,1944207360
1787071034096.032,2114748416,108806144,45678592,16056320,1944207360
1787071034101.354,2114748416,108806144,45678592,16056320,1944207360
1787071034107.633,2114748416,108806144,45678592,16056320,1944207360
1787071034112.774,2114748416,108806144,45678592,16056320,1944207360
1787071034118.945,2114748416,108806144,45678592,16056320,1944207360
1787071034125.233,2114748416,108806144,45678592,16056320,1944207360
1787071034131.525,2114748416,108806144,45678592,16056320,1944207360
1787071034137.082,2114748416,108806144,45678592,16056320,1944207360
1787071034143.363,2114748416,108806144,45678592,16056320,1944207360
1787071034149.658,2114748416,108806144,45678592,16056320,1944207360
1787071034155.938,2114748416,108806144,45678592,16056320,1944207360
1787071034161.016,2114748416,108806144,45678592,16056320,1944207360
1787071034167.319,2114748416,108806144,45678592,16056320,1944207360
1787071034173.603,2114748416,108806144,45678592,16056320,1944207360
1787071034179.885,2114748416,108806144,45678592,16056320,1944207360
1787071034186.167,2114748416,108806144,45678592,16056320,1944207360
1787071034192.445,2114748416,108806144,45678592,16056320,1944207360
1787071034198.720,2114748416,108806144,45678592,16056320,1944207360
1787071034205.001,2114748416,108806144,45678592,16056320,1944207360
1787071034211.281,2114748416,108806144,45678592,16056320,1944207360
1787071034217.569,2114748416,108806144,45678592,16056320,1944207360
1787071034222.827,2114748416,108806144,45678592,16056320,1944207360
1787071034229.113,2114748416,108806144,45678592,16056320,1944207360
1787071034235.394,2114748416,108806144,45678592,16056320,1944207360
1787071034241.678,2114748416,108806144,45678592,16056320,1944207360
1787071034247.954,2114748416,108806144,45678592,16056320,1944207360
1787071034253.610,2114748416,108806144,45678592,16056320,1944207360
1787071034259.890,2114748416,108806144,45678592,16056320,1944207360
1787071034266.155,2114748416,108806144,45678592,16056320,1944207360
1787071034272.212,2114748416,108806144,45678592,16056320,1944207360
1787071034278.491,2114748416,108806144,45678592,16056320,1944207360
1787071034284.768,2114748416,108806144,45678592,16056320,1944207360
1787071034289.897,2114748416,108806144,45678592,16056320,1944207360
1787071034296.176,2114748416,108806144,45678592,16056320,1944207360
1787071034302.267,2114748416,108806144,45678592,16056320,1944207360
1787071034308.543,2114748416,108806144,45678592,16056320,1944207360
1787071034314.823,2114748416,108806144,45678592,16056320,1944207360
1787071034321.101,2114748416,108806144,45678592,16056320,1944207360
1787071034326.376,2114748416,108806144,45678592,16056320,1944207360
1787071034332.651,2114748416,108806144,45678592,16056320,1944207360
1787071034338.935,2114748416,108806144,45678592,16056320,1944207360
1787071034344.409,2114748416,108806144,45678592,16056320,1944207360
1787071034350.675,2114748416,108806144,45678592,16056320,1944207360
1787071034356.614,2114748416,108806144,45678592,16056320,1944207360
1787071034362.889,2114748416,108806144,45678592,16056320,1944207360
1787071034369.167,2114748416,108806144,45678592,16056320,1944207360
1787071034375.441,2114748416,108806144,45678592,16056320,1944207360
1787071034381.722,2114748416,108806144,45678592,16056320,1944207360
1787071034387.511,2114748416,108806144,45678592,16056320,1944207360
1787071034393.797,2114748416,108806144,45678592,16056320,1944207360
1787071034400.072,2114748416,108806144,45678592,16056320,1944207360
1787071034406.339,2114748416,108806144,45678592,16056320,1944207360
1787071034412.075,2114748416,108806144,45678592,16056320,1944207360
1787071034418.356,2114748416,108806144,45678592,16056320,1944207360
1787071034424.229,2114748416,108806144,45678592,16056320,1944207360
1787071034430.515,2114748416,108806144,45678592,16056320,1944207360
1787071034436.793,2114732032,108789760,45678592,16056320,1944207360
1787071034443.081,2114732032,108789760,45678592,16056320,1944207360
1787071034448.358,2114732032,108789760,45678592,16056320,1944207360
1787071034454.640,2114732032,108789760,45678592,16056320,1944207360
1787071034460.248,2114732032,108789760,45678592,16056320,1944207360
1787071034466.175,2114732032,108789760,45678592,16056320,1944207360
1787071034471.600,2114732032,108789760,45678592,16056320,1944207360
1787071034477.879,2114732032,108789760,45678592,16056320,1944207360
1787071034484.160,2114732032,108789760,45678592,16056320,1944207360
1787071034489.559,2114732032,108789760,45678592,16056320,1944207360
1787071034495.840,2114732032,108789760,45678592,16056320,1944207360
1787071034502.126,2114732032,108789760,45678592,16056320,1944207360
1787071034508.414,2114732032,108789760,45678592,16056320,1944207360
1787071034514.694,2114732032,108789760,45678592,16056320,1944207360
1787071034520.408,2114732032,108789760,45678592,16056320,1944207360
1787071034526.689,2114732032,108789760,45678592,16056320,1944207360
1787071034532.976,2114732032,108789760,45678592,16056320,1944207360
1787071034539.266,2114732032,108789760,45678592,16056320,1944207360
1787071034545.558,2114732032,108789760,45678592,16056320,1944207360
1787071034551.839,2114732032,108789760,45678592,16056320,1944207360
1787071034558.117,2114732032,108789760,45678592,16056320,1944207360
1787071034564.396,2114732032,108789760,45678592,16056320,1944207360
1787071034570.687,2114732032,108789760,45678592,16056320,1944207360
1787071034576.969,2114732032,108789760,45678592,16056320,1944207360
1787071034583.243,2114748416,108806144,45678592,16056320,1944207360
1787071034589.509,2114748416,108806144,45678592,16056320,1944207360
1787071034595.779,2114748416,108806144,45678592,16056320,1944207360
1787071034602.050,2114748416,108806144,45678592,16056320,1944207360
1787071034608.325,2114748416,108806144,45678592,16056320,1944207360
1787071034614.597,2114748416,108806144,45678592,16056320,1944207360
1787071034620.872,2114748416,108806144,45678592,16056320,1944207360
1787071034627.147,2114748416,108806144,45678592,16056320,1944207360
1787071034633.416,2114748416,108806144,45678592,16056320,1944207360
1787071034639.690,2114748416,108806144,45678592,16056320,1944207360
1787071034645.967,2114748416,108806144,45678592,16056320,1944207360
1787071034652.240,2114748416,108806144,45678592,16056320,1944207360
1787071034658.513,2114748416,108806144,45678592,16056320,1944207360
1787071034664.789,2114748416,108806144,45678592,16056320,1944207360
1787071034671.075,2114748416,108806144,45678592,16056320,1944207360
1787071034676.250,2114748416,108806144,45678592,16056320,1944207360
1787071034682.531,2114748416,108806144,45678592,16056320,1944207360
1787071034688.804,2114748416,108806144,45678592,16056320,1944207360
1787071034693.973,2114748416,108806144,45678592,16056320,1944207360
1787071034700.242,2114748416,108806144,45678592,16056320,1944207360
1787071034706.514,2114748416,108806144,45678592,16056320,1944207360
1787071034712.785,2114748416,108806144,45678592,16056320,1944207360
1787071034718.928,2114748416,108806144,45678592,16056320,1944207360
1787071034725.209,2114748416,108806144,45678592,16056320,1944207360
1787071034731.489,2114748416,108806144,45678592,16056320,1944207360
1787071034737.765,2114748416,108806144,45678592,16056320,1944207360
1787071034744.042,2114748416,108806144,45678592,16056320,1944207360
1787071034750.320,2114748416,108806144,45678592,16056320,1944207360
1787071034756.211,2114748416,108806144,45678592,16056320,1944207360
1787071034762.495,2114748416,108806144,45678592,16056320,1944207360
1787071034768.780,2114748416,108806144,45678592,16056320,1944207360
1787071034775.060,2114748416,108806144,45678592,16056320,1944207360
1787071034781.340,2114748416,108806144,45678592,16056320,1944207360
1787071034787.626,2114748416,108806144,45678592,16056320,1944207360
1787071034793.977,2114748416,108806144,45678592,16056320,1944207360
1787071034799.692,2114748416,108806144,45678592,16056320,1944207360
1787071034805.968,2114748416,108806144,45678592,16056320,1944207360
1787071034811.016,2114748416,108806144,45678592,16056320,1944207360
1787071034817.298,2114748416,108806144,45678592,16056320,1944207360
1787071034822.541,2114748416,108806144,45678592,16056320,1944207360
1787071034828.819,2114748416,108806144,45678592,16056320,1944207360
1787071034834.283,2114748416,108806144,45678592,16056320,1944207360
1787071034840.560,2114748416,108806144,45678592,16056320,1944207360
1787071034846.844,2114748416,108806144,45678592,16056320,1944207360
1787071034853.124,2114748416,108806144,45678592,16056320,1944207360
1787071034859.400,2114748416,108806144,45678592,16056320,1944207360
1787071034865.678,2114748416,108806144,45678592,16056320,1944207360
1787071034871.954,2114748416,108806144,45678592,16056320,1944207360
1787071034878.230,2114748416,108806144,45678592,16056320,1944207360
1787071034884.511,2114748416,108806144,45678592,16056320,1944207360
1787071034890.789,2114748416,108806144,45678592,16056320,1944207360
1787071034897.074,2114748416,108806144,45678592,16056320,1944207360
1787071034902.677,2114748416,108806144,45678592,16056320,1944207360
1787071034908.960,2114748416,108806144,45678592,16056320,1944207360
1787071034915.237,2114748416,108806144,45678592,16056320,1944207360
1787071034921.281,2114748416,108806144,45678592,16056320,1944207360
1787071034927.301,2114748416,108806144,45678592,16056320,1944207360
1787071034933.597,2114732032,108789760,45678592,16056320,1944207360
1787071034939.873,2114732032,108789760,45678592,16056320,1944207360
1787071034946.152,2114732032,108789760,45678592,16056320,1944207360
1787071034952.427,2114732032,108789760,45678592,16056320,1944207360
1787071034958.711,2114732032,108789760,45678592,16056320,1944207360
1787071034964.750,2114732032,108789760,45678592,16056320,1944207360
1787071034971.029,2114732032,108789760,45678592,16056320,1944207360
1787071034977.270,2114732032,108789760,45678592,16056320,1944207360
1787071034983.551,2114732032,108789760,45678592,16056320,1944207360
1787071034989.826,2114732032,108789760,45678592,16056320,1944207360
1787071034996.107,2114732032,108789760,45678592,16056320,1944207360
1787071035002.272,2114732032,108789760,45678592,16056320,1944207360
1787071035008.564,2114732032,108789760,45678592,16056320,1944207360
1787071035014.843,2114732032,108789760,45678592,16056320,1944207360
1787071035021.120,2114732032,108789760,45678592,16056320,1944207360
1787071035027.261,2114732032,108789760,45678592,16056320,1944207360
1787071035033.546,2114732032,108789760,45678592,16056320,1944207360
1787071035039.740,2114732032,108789760,45678592,16056320,1944207360
1787071035046.029,2114732032,108789760,45678592,16056320,1944207360
1787071035052.260,2114732032,108789760,45678592,16056320,1944207360
1787071035058.551,2114732032,108789760,45678592,16056320,1944207360
1787071035064.743,2114732032,108789760,45678592,16056320,1944207360
1787071035071.029,2114732032,108789760,45678592,16056320,1944207360
1787071035077.322,2114732032,108789760,45678592,16056320,1944207360
1787071035082.971,2114732032,108789760,45678592,16056320,1944207360
1787071035089.261,2114732032,108789760,45678592,16056320,1944207360
1787071035095.543,2114732032,108789760,45678592,16056320,1944207360
1787071035101.819,2114732032,108789760,45678592,16056320,1944207360
1787071035108.097,2114732032,108789760,45678592,16056320,1944207360
1787071035114.372,2114732032,108789760,45678592,16056320,1944207360
1787071035120.654,2114732032,108789760,45678592,16056320,1944207360
1787071035126.931,2114732032,108789760,45678592,16056320,1944207360
1787071035133.208,2114732032,108789760,45678592,16056320,1944207360
1787071035139.486,2114732032,108789760,45678592,16056320,1944207360
1787071035145.764,2114732032,108789760,45678592,16056320,1944207360
1787071035152.040,2114732032,108789760,45678592,16056320,1944207360
1787071035158.318,2114732032,108789760,45678592,16056320,1944207360
1787071035164.659,2114732032,108789760,45678592,16056320,1944207360
1787071035170.934,2114732032,108789760,45678592,16056320,1944207360
1787071035177.209,2114732032,108789760,45678592,16056320,1944207360
1787071035182.294,2114732032,108789760,45678592,16056320,1944207360
1787071035188.325,2114732032,108789760,45678592,16056320,1944207360
1787071035194.393,2114732032,108789760,45678592,16056320,1944207360
1787071035200.668,2114732032,108789760,45678592,16056320,1944207360
1787071035206.414,2114732032,108789760,45678592,16056320,1944207360
1787071035212.688,2114732032,108789760,45678592,16056320,1944207360
1787071035218.926,2114732032,108789760,45678592,16056320,1944207360
1787071035225.201,2114732032,108789760,45678592,16056320,1944207360
1787071035231.473,2114732032,108789760,45678592,16056320,1944207360
1787071035237.757,2114732032,108789760,45678592,16056320,1944207360
1787071035243.932,2114732032,108789760,45678592,16056320,1944207360
1787071035250.214,2114732032,108789760,45678592,16056320,1944207360
1787071035256.491,2114732032,108789760,45678592,16056320,1944207360
1787071035262.769,2114732032,108789760,45678592,16056320,1944207360
1787071035269.049,2114732032,108789760,45678592,16056320,1944207360
1787071035275.214,2114732032,108789760,45678592,16056320,1944207360
1787071035281.495,2114732032,108789760,45678592,16056320,1944207360
1787071035287.776,2114732032,108789760,45678592,16056320,1944207360
1787071035294.053,2114732032,108789760,45678592,16056320,1944207360
1787071035300.327,2114732032,108789760,45678592,16056320,1944207360
1787071035306.411,2114732032,108789760,45678592,16056320,1944207360
1787071035312.691,2114732032,108789760,45678592,16056320,1944207360
1787071035318.968,2114732032,108789760,45678592,16056320,1944207360
1787071035325.244,2114732032,108789760,45678592,16056320,1944207360
1787071035331.520,2114732032,108789760,45678592,16056320,1944207360
1787071035337.794,2114732032,108789760,45678592,16056320,1944207360
1787071035344.075,2114732032,108789760,45678592,16056320,1944207360
1787071035349.981,2114732032,108789760,45678592,16056320,1944207360
1787071035356.257,2114732032,108789760,45678592,16056320,1944207360
1787071035362.529,2114732032,108789760,45678592,16056320,1944207360
1787071035368.277,2114732032,108789760,45678592,16056320,1944207360
1787071035374.552,2114732032,108789760,45678592,16056320,1944207360
1787071035380.828,2114732032,108789760,45678592,16056320,1944207360
1787071035387.102,2114732032,108789760,45678592,16056320,1944207360
1787071035393.242,2114732032,108789760,45678592,16056320,1944207360
1787071035399.513,2114732032,108789760,45678592,16056320,1944207360
1787071035405.790,2114732032,108789760,45678592,16056320,1944207360
1787071035412.073,2114732032,108789760,45678592,16056320,1944207360
1787071035418.351,2114732032,108789760,45678592,16056320,1944207360
1787071035424.571,2114732032,108789760,45678592,16056320,1944207360
1787071035430.506,2114732032,108789760,45678592,16056320,1944207360
1787071035436.800,2114732032,108789760,45678592,16056320,1944207360
1787071035443.083,2114732032,108789760,45678592,16056320,1944207360
1787071035449.367,2114732032,108789760,45678592,16056320,1944207360
1787071035455.646,2114732032,108789760,45678592,16056320,1944207360
1787071035461.930,2114732032,108789760,45678592,16056320,1944207360
1787071035468.209,2114732032,108789760,45678592,16056320,1944207360
1787071035474.493,2114732032,108789760,45678592,16056320,1944207360
1787071035480.776,2114732032,108789760,45678592,16056320,1944207360
1787071035487.060,2114732032,108789760,45678592,16056320,1944207360
1787071035493.338,2114732032,108789760,45678592,16056320,1944207360
1787071035499.610,2114732032,108789760,45678592,16056320,1944207360
1787071035505.889,2114732032,108789760,45678592,16056320,1944207360
1787071035512.167,2114732032,108789760,45678592,16056320,1944207360
1787071035518.454,2114732032,108789760,45678592,16056320,1944207360
1787071035524.739,2114732032,108789760,45678592,16056320,1944207360
1787071035531.022,2114732032,108789760,45678592,16056320,1944207360
1787071035537.311,2114732032,108789760,45678592,16056320,1944207360
1787071035543.652,2114732032,108789760,45678592,16056320,1944207360
1787071035549.939,2114732032,108789760,45678592,16056320,1944207360
1787071035555.813,2114732032,108789760,45678592,16056320,1944207360
1787071035561.146,2114732032,108789760,45678592,16056320,1944207360
1787071035567.438,2114732032,108789760,45678592,16056320,1944207360
1787071035573.076,2114732032,108789760,45678592,16056320,1944207360
1787071035579.359,2114732032,108789760,45678592,16056320,1944207360
1787071035585.641,2114732032,108789760,45678592,16056320,1944207360
1787071035591.506,2114732032,108789760,45678592,16056320,1944207360
1787071035597.787,2114732032,108789760,45678592,16056320,1944207360
1787071035603.630,2114732032,108789760,45678592,16056320,1944207360
1787071035609.909,2114732032,108789760,45678592,16056320,1944207360
1787071035616.191,2114732032,108789760,45678592,16056320,1944207360
1787071035622.467,2114732032,108789760,45678592,16056320,1944207360
1787071035628.746,2114732032,108789760,45678592,16056320,1944207360
1787071035635.025,2114732032,108789760,45678592,16056320,1944207360
1787071035641.302,2114732032,108789760,45678592,16056320,1944207360
1787071035647.584,2114732032,108789760,45678592,16056320,1944207360
1787071035653.868,2114732032,108789760,45678592,16056320,1944207360
1787071035660.148,2114732032,108789760,45678592,16056320,1944207360
1787071035666.429,2114732032,108789760,45678592,16056320,1944207360
1787071035672.704,2114732032,108789760,45678592,16056320,1944207360
1787071035678.991,2114732032,108789760,45678592,16056320,1944207360
1787071035685.277,2114732032,108789760,45678592,16056320,1944207360
1787071035691.554,2114732032,108789760,45678592,16056320,1944207360
1787071035697.833,2114732032,108789760,45678592,16056320,1944207360
1787071035704.113,2114732032,108789760,45678592,16056320,1944207360
1787071035710.401,2114732032,108789760,45678592,16056320,1944207360
1787071035716.050,2114732032,108789760,45678592,16056320,1944207360
1787071035722.331,2114732032,108789760,45678592,16056320,1944207360
1787071035727.953,2114732032,108789760,45678592,16056320,1944207360
1787071035734.235,2114732032,108789760,45678592,16056320,1944207360
1787071035740.511,2114732032,108789760,45678592,16056320,1944207360
1787071035746.786,2114732032,108789760,45678592,16056320,1944207360
1787071035753.067,2114732032,108789760,45678592,16056320,1944207360
1787071035759.353,2114732032,108789760,45678592,16056320,1944207360
1787071035765.640,2114732032,108789760,45678592,16056320,1944207360
1787071035771.920,2114732032,108789760,45678592,16056320,1944207360
1787071035778.198,2114732032,108789760,45678592,16056320,1944207360
1787071035784.492,2114732032,108789760,45678592,16056320,1944207360
1787071035789.743,2114732032,108789760,45678592,16056320,1944207360
1787071035796.022,2114732032,108789760,45678592,16056320,1944207360
1787071035802.259,2114732032,108789760,45678592,16056320,1944207360
1787071035808.543,2114732032,108789760,45678592,16056320,1944207360
1787071035814.824,2114732032,108789760,45678592,16056320,1944207360
1787071035821.115,2114732032,108789760,45678592,16056320,1944207360
1787071035827.392,2114732032,108789760,45678592,16056320,1944207360
1787071035833.670,2114732032,108789760,45678592,16056320,1944207360
1787071035839.948,2114732032,108789760,45678592,16056320,1944207360
1787071035846.223,2114732032,108789760,45678592,16056320,1944207360
1787071035852.509,2114732032,108789760,45678592,16056320,1944207360
1787071035858.796,2114732032,108789760,45678592,16056320,1944207360
1787071035865.078,2114732032,108789760,45678592,16056320,1944207360
1787071035871.355,2114732032,108789760,45678592,16056320,1944207360
1787071035877.635,2114732032,108789760,45678592,16056320,1944207360
1787071035883.916,2114732032,108789760,45678592,16056320,1944207360
1787071035890.187,2114732032,108789760,45678592,16056320,1944207360
1787071035896.464,2114732032,108789760,45678592,16056320,1944207360
1787071035902.251,2114732032,108789760,45678592,16056320,1944207360
1787071035908.540,2114732032,108789760,45678592,16056320,1944207360
1787071035914.868,2114732032,108789760,45678592,16056320,1944207360
1787071035921.153,2114732032,108789760,45678592,16056320,1944207360
1787071035927.364,2114732032,108789760,45678592,16056320,1944207360
1787071035933.653,2114732032,108789760,45678592,16056320,1944207360
1787071035939.935,2114732032,108789760,45678592,16056320,1944207360
1787071035946.213,2114732032,108789760,45678592,16056320,1944207360
1787071035952.498,2114732032,108789760,45678592,16056320,1944207360
1787071035958.779,2114732032,108789760,45678592,16056320,1944207360
1787071035964.868,2114732032,108789760,45678592,16056320,1944207360
1787071035971.155,2114732032,108789760,45678592,16056320,1944207360
1787071035977.436,2114732032,108789760,45678592,16056320,1944207360
1787071035983.718,2114732032,108789760,45678592,16056320,1944207360
1787071035990.000,2114732032,108789760,45678592,16056320,1944207360
1787071035996.285,2114732032,108789760,45678592,16056320,1944207360
1787071036002.254,2114732032,108789760,45678592,16056320,1944207360
1787071036007.505,2114732032,108789760,45678592,16056320,1944207360
1787071036013.787,2114732032,108789760,45678592,16056320,1944207360
1787071036020.074,2114732032,108789760,45678592,16056320,1944207360
1787071036026.362,2114732032,108789760,45678592,16056320,1944207360
1787071036032.653,2114732032,108789760,45678592,16056320,1944207360
1787071036038.937,2114732032,108789760,45678592,16056320,1944207360
1787071036045.219,2114732032,108789760,45678592,16056320,1944207360
1787071036051.500,2114732032,108789760,45678592,16056320,1944207360
1787071036057.785,2114732032,108789760,45678592,16056320,1944207360
1787071036064.067,2114732032,108789760,45678592,16056320,1944207360
1787071036070.354,2114732032,108789760,45678592,16056320,1944207360
1787071036076.638,2114732032,108789760,45678592,16056320,1944207360
1787071036082.930,2114732032,108789760,45678592,16056320,1944207360
1787071036089.224,2114732032,108789760,45678592,16056320,1944207360
1787071036095.298,2114732032,108789760,45678592,16056320,1944207360
1787071036101.573,2114732032,108789760,45678592,16056320,1944207360
1787071036107.843,2114732032,108789760,45678592,16056320,1944207360
1787071036114.117,2114732032,108789760,45678592,16056320,1944207360
1787071036119.322,2114732032,108789760,45678592,16056320,1944207360
1787071036125.596,2114732032,108789760,45678592,16056320,1944207360
1787071036131.414,2114732032,108789760,45678592,16056320,1944207360
1787071036137.700,2114732032,108789760,45678592,16056320,1944207360
1787071036143.983,2114732032,108789760,45678592,16056320,1944207360
1787071036150.267,2114732032,108789760,45678592,16056320,1944207360
1787071036156.540,2114732032,108789760,45678592,16056320,1944207360
1787071036162.815,2114732032,108789760,45678592,16056320,1944207360
1787071036169.097,2114732032,108789760,45678592,16056320,1944207360
1787071036174.264,2114732032,108789760,45678592,16056320,1944207360
1787071036180.552,2114732032,108789760,45678592,16056320,1944207360
1787071036186.843,2114732032,108789760,45678592,16056320,1944207360
1787071036193.122,2114732032,108789760,45678592,16056320,1944207360
1787071036199.408,2114732032,108789760,45678592,16056320,1944207360
1787071036205.689,2114732032,108789760,45678592,16056320,1944207360
1787071036211.968,2114732032,108789760,45678592,16056320,1944207360
1787071036218.253,2114732032,108789760,45678592,16056320,1944207360
1787071036224.531,2114732032,108789760,45678592,16056320,1944207360
1787071036230.810,2114732032,108789760,45678592,16056320,1944207360
1787071036237.091,2114732032,108789760,45678592,16056320,1944207360
1787071036243.369,2114732032,108789760,45678592,16056320,1944207360
1787071036249.646,2114732032,108789760,45678592,16056320,1944207360
1787071036255.922,2114732032,108789760,45678592,16056320,1944207360
1787071036261.001,2114732032,108789760,45678592,16056320,1944207360
1787071036267.285,2114732032,108789760,45678592,16056320,1944207360
1787071036273.188,2114732032,108789760,45678592,16056320,1944207360
1787071036279.469,2114732032,108789760,45678592,16056320,1944207360
1787071036285.592,2114732032,108789760,45678592,16056320,1944207360
1787071036291.866,2114732032,108789760,45678592,16056320,1944207360
1787071036298.079,2114732032,108789760,45678592,16056320,1944207360
1787071036304.356,2114732032,108789760,45678592,16056320,1944207360
1787071036309.820,2114732032,108789760,45678592,16056320,1944207360
1787071036316.099,2114732032,108789760,45678592,16056320,1944207360
1787071036321.529,2114732032,108789760,45678592,16056320,1944207360
1787071036327.817,2114732032,108789760,45678592,16056320,1944207360
1787071036334.095,2114732032,108789760,45678592,16056320,1944207360
1787071036339.740,2114732032,108789760,45678592,16056320,1944207360
1787071036345.310,2114732032,108789760,45678592,16056320,1944207360
1787071036351.587,2114732032,108789760,45678592,16056320,1944207360
1787071036357.863,2114732032,108789760,45678592,16056320,1944207360
1787071036364.140,2114732032,108789760,45678592,16056320,1944207360
1787071036370.417,2114732032,108789760,45678592,16056320,1944207360
1787071036376.693,2114732032,108789760,45678592,16056320,1944207360
1787071036382.969,2114732032,108789760,45678592,16056320,1944207360
1787071036389.244,2114732032,108789760,45678592,16056320,1944207360
1787071036395.521,2114732032,108789760,45678592,16056320,1944207360
1787071036401.798,2114732032,108789760,45678592,16056320,1944207360
1787071036407.524,2114732032,108789760,45678592,16056320,1944207360
1787071036413.803,2114732032,108789760,45678592,16056320,1944207360
1787071036420.084,2114732032,108789760,45678592,16056320,1944207360
1787071036426.362,2114732032,108789760,45678592,16056320,1944207360
1787071036432.637,2114732032,108789760,45678592,16056320,1944207360
1787071036438.915,2114732032,108789760,45678592,16056320,1944207360
1787071036445.192,2114732032,108789760,45678592,16056320,1944207360
1787071036451.468,2114732032,108789760,45678592,16056320,1944207360
1787071036457.745,2114732032,108789760,45678592,16056320,1944207360
1787071036464.020,2114732032,108789760,45678592,16056320,1944207360
1787071036470.299,2114732032,108789760,45678592,16056320,1944207360
1787071036476.574,2114732032,108789760,45678592,16056320,1944207360
1787071036481.922,2114732032,108789760,45678592,16056320,1944207360
1787071036488.209,2114732032,108789760,45678592,16056320,1944207360
1787071036494.325,2114732032,108789760,45678592,16056320,1944207360
1787071036500.602,2114732032,108789760,45678592,16056320,1944207360
1787071036506.399,2114732032,108789760,45678592,16056320,1944207360
1787071036512.677,2114732032,108789760,45678592,16056320,1944207360
1787071036518.895,2114732032,108789760,45678592,16056320,1944207360
1787071036525.188,2114732032,108789760,45678592,16056320,1944207360
1787071036531.475,2114732032,108789760,45678592,16056320,1944207360
1787071036537.762,2114732032,108789760,45678592,16056320,1944207360
1787071036544.051,2114732032,108789760,45678592,16056320,1944207360
1787071036550.339,2114732032,108789760,45678592,16056320,1944207360
1787071036556.392,2114732032,108789760,45678592,16056320,1944207360
1787071036562.672,2114732032,108789760,45678592,16056320,1944207360
1787071036568.948,2114732032,108789760,45678592,16056320,1944207360
1787071036575.229,2114732032,108789760,45678592,16056320,1944207360
1787071036581.510,2114732032,108789760,45678592,16056320,1944207360
1787071036587.743,2114732032,108789760,45678592,16056320,1944207360
1787071036593.915,2114732032,108789760,45678592,16056320,1944207360
1787071036600.196,2114732032,108789760,45678592,16056320,1944207360
1787071036606.488,2114732032,108789760,45678592,16056320,1944207360
1787071036612.769,2114732032,108789760,45678592,16056320,1944207360
1787071036619.049,2114732032,108789760,45678592,16056320,1944207360
1787071036625.329,2114732032,108789760,45678592,16056320,1944207360
1787071036631.618,2114732032,108789760,45678592,16056320,1944207360
1787071036637.914,2114732032,108789760,45678592,16056320,1944207360
1787071036644.202,2114732032,108789760,45678592,16056320,1944207360
1787071036650.482,2114732032,108789760,45678592,16056320,1944207360
1787071036656.820,2114732032,108789760,45678592,16056320,1944207360
1787071036663.104,2114732032,108789760,45678592,16056320,1944207360
1787071036669.385,2114732032,108789760,45678592,16056320,1944207360
1787071036675.658,2114732032,108789760,45678592,16056320,1944207360
1787071036681.014,2114732032,108789760,45678592,16056320,1944207360
1787071036687.054,2114732032,108789760,45678592,16056320,1944207360
1787071036693.340,2114732032,108789760,45678592,16056320,1944207360
1787071036699.615,2114732032,108789760,45678592,16056320,1944207360
1787071036705.899,2114732032,108789760,45678592,16056320,1944207360
1787071036712.177,2114732032,108789760,45678592,16056320,1944207360
1787071036718.454,2114732032,108789760,45678592,16056320,1944207360
1787071036724.729,2114732032,108789760,45678592,16056320,1944207360
1787071036731.016,2114732032,108789760,45678592,16056320,1944207360
1787071036736.624,2114732032,108789760,45678592,16056320,1944207360
1787071036742.923,2114732032,108789760,45678592,16056320,1944207360
1787071036748.060,2114732032,108789760,45678592,16056320,1944207360
1787071036754.211,2114732032,108789760,45678592,16056320,1944207360
1787071036760.490,2114732032,108789760,45678592,16056320,1944207360
1787071036766.773,2114732032,108789760,45678592,16056320,1944207360
1787071036773.057,2114732032,108789760,45678592,16056320,1944207360
1787071036779.343,2114732032,108789760,45678592,16056320,1944207360
1787071036785.587,2114732032,108789760,45678592,16056320,1944207360
1787071036791.869,2114732032,108789760,45678592,16056320,1944207360
1787071036798.062,2114732032,108789760,45678592,16056320,1944207360
1787071036804.341,2114732032,108789760,45678592,16056320,1944207360
1787071036810.616,2114732032,108789760,45678592,16056320,1944207360
1787071036816.891,2114732032,108789760,45678592,16056320,1944207360
1787071036823.169,2114732032,108789760,45678592,16056320,1944207360
1787071036829.447,2114732032,108789760,45678592,16056320,1944207360
1787071036835.593,2114732032,108789760,45678592,16056320,1944207360
1787071036841.877,2114732032,108789760,45678592,16056320,1944207360
1787071036848.156,2114732032,108789760,45678592,16056320,1944207360
1787071036854.438,2114732032,108789760,45678592,16056320,1944207360
1787071036860.722,2114732032,108789760,45678592,16056320,1944207360
1787071036867.019,2114732032,108789760,45678592,16056320,1944207360
1787071036873.298,2114732032,108789760,45678592,16056320,1944207360
1787071036879.575,2114732032,108789760,45678592,16056320,1944207360
1787071036885.853,2114732032,108789760,45678592,16056320,1944207360
1787071036892.142,2114732032,108789760,45678592,16056320,1944207360
1787071036898.059,2114732032,108789760,45678592,16056320,1944207360
1787071036904.334,2114732032,108789760,45678592,16056320,1944207360
1787071036910.590,2114732032,108789760,45678592,16056320,1944207360
1787071036916.868,2114732032,108789760,45678592,16056320,1944207360
1787071036923.058,2114732032,108789760,45678592,16056320,1944207360
1787071036929.341,2114732032,108789760,45678592,16056320,1944207360
1787071036935.616,2114732032,108789760,45678592,16056320,1944207360
1787071036941.892,2114732032,108789760,45678592,16056320,1944207360
1787071036948.059,2114732032,108789760,45678592,16056320,1944207360
1787071036954.335,2114732032,108789760,45678592,16056320,1944207360
1787071036960.586,2114732032,108789760,45678592,16056320,1944207360
1787071036966.860,2114732032,108789760,45678592,16056320,1944207360
1787071036973.131,2114732032,108789760,45678592,16056320,1944207360
1787071036979.391,2114732032,108789760,45678592,16056320,1944207360
1787071036985.587,2114732032,108789760,45678592,16056320,1944207360
1787071036991.871,2114732032,108789760,45678592,16056320,1944207360
1787071036998.148,2114732032,108789760,45678592,16056320,1944207360
1787071037004.436,2114732032,108789760,45678592,16056320,1944207360
1787071037010.716,2114732032,108789760,45678592,16056320,1944207360
1787071037016.992,2114732032,108789760,45678592,16056320,1944207360
1787071037023.268,2114732032,108789760,45678592,16056320,1944207360
1787071037029.021,2114732032,108789760,45678592,16056320,1944207360
1787071037035.304,2114732032,108789760,45678592,16056320,1944207360
1787071037041.580,2114732032,108789760,45678592,16056320,1944207360
1787071037047.858,2114732032,108789760,45678592,16056320,1944207360
1787071037054.133,2114732032,108789760,45678592,16056320,1944207360
1787071037060.214,2114732032,108789760,45678592,16056320,1944207360
1787071037066.493,2114732032,108789760,45678592,16056320,1944207360
1787071037072.775,2114732032,108789760,45678592,16056320,1944207360
1787071037079.065,2114732032,108789760,45678592,16056320,1944207360
1787071037085.345,2114732032,108789760,45678592,16056320,1944207360
1787071037091.621,2114732032,108789760,45678592,16056320,1944207360
1787071037097.896,2114732032,108789760,45678592,16056320,1944207360
1787071037104.172,2114732032,108789760,45678592,16056320,1944207360
1787071037110.447,2114732032,108789760,45678592,16056320,1944207360
1787071037116.720,2114732032,108789760,45678592,16056320,1944207360
1787071037122.996,2114732032,108789760,45678592,16056320,1944207360
1787071037129.270,2114732032,108789760,45678592,16056320,1944207360
1787071037135.546,2114732032,108789760,45678592,16056320,1944207360
1787071037141.821,2114732032,108789760,45678592,16056320,1944207360
1787071037148.099,2114732032,108789760,45678592,16056320,1944207360
1787071037153.715,2114732032,108789760,45678592,16056320,1944207360
1787071037159.989,2114732032,108789760,45678592,16056320,1944207360
1787071037166.275,2114732032,108789760,45678592,16056320,1944207360
1787071037172.551,2114732032,108789760,45678592,16056320,1944207360
1787071037177.653,2114732032,108789760,45678592,16056320,1944207360
1787071037183.933,2114732032,108789760,45678592,16056320,1944207360
1787071037190.215,2114732032,108789760,45678592,16056320,1944207360
1787071037195.824,2114732032,108789760,45678592,16056320,1944207360
1787071037202.100,2114732032,108789760,45678592,16056320,1944207360
1787071037208.379,2114732032,108789760,45678592,16056320,1944207360
1787071037214.653,2114732032,108789760,45678592,16056320,1944207360
1787071037220.929,2114732032,108789760,45678592,16056320,1944207360
1787071037227.203,2114732032,108789760,45678592,16056320,1944207360
1787071037233.481,2114732032,108789760,45678592,16056320,1944207360
1787071037239.755,2114732032,108789760,45678592,16056320,1944207360
1787071037246.029,2114732032,108789760,45678592,16056320,1944207360
1787071037252.306,2114732032,108789760,45678592,16056320,1944207360
1787071037258.580,2114732032,108789760,45678592,16056320,1944207360
1787071037264.862,2114732032,108789760,45678592,16056320,1944207360
1787071037271.147,2114732032,108789760,45678592,16056320,1944207360
1787071037277.428,2114732032,108789760,45678592,16056320,1944207360
1787071037283.702,2114732032,108789760,45678592,16056320,1944207360
1787071037289.981,2114732032,108789760,45678592,16056320,1944207360
1787071037296.254,2114732032,108789760,45678592,16056320,1944207360
1787071037302.530,2114732032,108789760,45678592,16056320,1944207360
1787071037308.803,2114732032,108789760,45678592,16056320,1944207360
1787071037315.078,2114732032,108789760,45678592,16056320,1944207360
1787071037320.803,2114732032,108789760,45678592,16056320,1944207360
1787071037327.079,2114732032,108789760,45678592,16056320,1944207360
1787071037333.357,2114732032,108789760,45678592,16056320,1944207360
1787071037339.217,2114732032,108789760,45678592,16056320,1944207360
1787071037345.307,2114732032,108789760,45678592,16056320,1944207360
1787071037351.586,2114715648,108789760,45678592,16039936,1944207360
1787071037357.193,2114715648,108789760,45678592,16039936,1944207360
1787071037363.399,2114715648,108789760,45678592,16039936,1944207360
1787071037369.677,2114715648,108789760,45678592,16039936,1944207360
1787071037375.951,2114715648,108789760,45678592,16039936,1944207360
1787071037382.219,2114715648,108789760,45678592,16039936,1944207360
1787071037388.494,2114715648,108789760,45678592,16039936,1944207360
1787071037394.771,2114715648,108789760,45678592,16039936,1944207360
1787071037401.051,2114715648,108789760,45678592,16039936,1944207360
1787071037407.210,2114715648,108789760,45678592,16039936,1944207360
1787071037413.487,2114715648,108789760,45678592,16039936,1944207360
1787071037419.391,2114715648,108789760,45678592,16039936,1944207360
1787071037425.675,2114715648,108789760,45678592,16039936,1944207360
1787071037431.962,2114715648,108789760,45678592,16039936,1944207360
1787071037437.865,2114715648,108789760,45678592,16039936,1944207360
1787071037444.144,2114715648,108789760,45678592,16039936,1944207360
1787071037450.431,2114715648,108789760,45678592,16039936,1944207360
1787071037456.712,2114715648,108789760,45678592,16039936,1944207360
1787071037462.454,2114715648,108789760,45678592,16039936,1944207360
1787071037468.732,2114715648,108789760,45678592,16039936,1944207360
1787071037475.007,2114715648,108789760,45678592,16039936,1944207360
1787071037481.295,2114715648,108789760,45678592,16039936,1944207360
1787071037487.014,2114715648,108789760,45678592,16039936,1944207360
1787071037493.303,2114715648,108789760,45678592,16039936,1944207360
1787071037499.582,2114715648,108789760,45678592,16039936,1944207360
1787071037505.882,2114715648,108789760,45678592,16039936,1944207360
1787071037512.044,2114715648,108789760,45678592,16039936,1944207360
1787071037518.321,2114715648,108789760,45678592,16039936,1944207360
1787071037524.597,2114715648,108789760,45678592,16039936,1944207360
1787071037530.873,2114715648,108789760,45678592,16039936,1944207360
1787071037537.045,2114715648,108789760,45678592,16039936,1944207360
1787071037543.322,2114715648,108789760,45678592,16039936,1944207360
1787071037549.599,2114715648,108789760,45678592,16039936,1944207360
1787071037555.814,2114715648,108789760,45678592,16039936,1944207360
1787071037562.094,2114715648,108789760,45678592,16039936,1944207360
1787071037568.388,2114715648,108789760,45678592,16039936,1944207360
1787071037574.667,2114715648,108789760,45678592,16039936,1944207360
1787071037580.751,2114715648,108789760,45678592,16039936,1944207360
1787071037586.626,2114715648,108789760,45678592,16039936,1944207360
1787071037592.908,2114715648,108789760,45678592,16039936,1944207360
1787071037599.185,2114715648,108789760,45678592,16039936,1944207360
1787071037604.437,2114715648,108789760,45678592,16039936,1944207360
1787071037610.583,2114715648,108789760,45678592,16039936,1944207360
1787071037616.859,2114715648,108789760,45678592,16039936,1944207360
1787071037623.047,2114715648,108789760,45678592,16039936,1944207360
1787071037628.721,2114715648,108789760,45678592,16039936,1944207360
1787071037634.999,2114715648,108789760,45678592,16039936,1944207360
1787071037641.276,2114715648,108789760,45678592,16039936,1944207360
1787071037647.552,2114715648,108789760,45678592,16039936,1944207360
1787071037653.828,2114715648,108789760,45678592,16039936,1944207360
1787071037660.106,2114715648,108789760,45678592,16039936,1944207360
1787071037666.382,2114715648,108789760,45678592,16039936,1944207360
1787071037672.657,2114715648,108789760,45678592,16039936,1944207360
1787071037678.932,2114715648,108789760,45678592,16039936,1944207360
1787071037685.205,2114715648,108789760,45678592,16039936,1944207360
1787071037691.480,2114715648,108789760,45678592,16039936,1944207360
1787071037697.756,2114715648,108789760,45678592,16039936,1944207360
1787071037704.039,2114715648,108789760,45678592,16039936,1944207360
1787071037710.315,2114715648,108789760,45678592,16039936,1944207360
1787071037716.589,2114715648,108789760,45678592,16039936,1944207360
1787071037722.865,2114715648,108789760,45678592,16039936,1944207360
1787071037729.141,2114715648,108789760,45678592,16039936,1944207360
1787071037735.417,2114715648,108789760,45678592,16039936,1944207360
1787071037741.689,2114715648,108789760,45678592,16039936,1944207360
1787071037747.961,2114715648,108789760,45678592,16039936,1944207360
1787071037754.235,2114715648,108789760,45678592,16039936,1944207360
1787071037760.512,2114715648,108789760,45678592,16039936,1944207360
1787071037766.793,2114715648,108789760,45678592,16039936,1944207360
1787071037773.072,2114715648,108789760,45678592,16039936,1944207360
1787071037779.427,2114715648,108789760,45678592,16039936,1944207360
1787071037785.714,2114715648,108789760,45678592,16039936,1944207360
1787071037792.001,2114715648,108789760,45678592,16039936,1944207360
1787071037798.279,2114715648,108789760,45678592,16039936,1944207360
1787071037804.553,2114715648,108789760,45678592,16039936,1944207360
1787071037810.830,2114715648,108789760,45678592,16039936,1944207360
1787071037817.104,2114715648,108789760,45678592,16039936,1944207360
1787071037823.376,2114715648,108789760,45678592,16039936,1944207360
1787071037829.653,2114715648,108789760,45678592,16039936,1944207360
1787071037835.583,2114715648,108789760,45678592,16039936,1944207360
1787071037841.858,2114715648,108789760,45678592,16039936,1944207360
1787071037848.050,2114715648,108789760,45678592,16039936,1944207360
1787071037854.324,2114715648,108789760,45678592,16039936,1944207360
1787071037860.588,2114715648,108789760,45678592,16039936,1944207360
1787071037866.865,2114715648,108789760,45678592,16039936,1944207360
1787071037873.142,2114715648,108789760,45678592,16039936,1944207360
1787071037879.423,2114715648,108789760,45678592,16039936,1944207360
1787071037885.698,2114715648,108789760,45678592,16039936,1944207360
1787071037891.966,2114715648,108789760,45678592,16039936,1944207360
1787071037898.241,2114715648,108789760,45678592,16039936,1944207360
1787071037904.515,2114715648,108789760,45678592,16039936,1944207360
1787071037910.789,2114715648,108789760,45678592,16039936,1944207360
1787071037917.064,2114715648,108789760,45678592,16039936,1944207360
1787071037923.340,2114715648,108789760,45678592,16039936,1944207360
1787071037929.615,2114715648,108789760,45678592,16039936,1944207360
1787071037935.891,2114715648,108789760,45678592,16039936,1944207360
1787071037942.165,2114715648,108789760,45678592,16039936,1944207360
1787071037948.438,2114715648,108789760,45678592,16039936,1944207360
1787071037954.713,2114715648,108789760,45678592,16039936,1944207360
1787071037960.988,2114715648,108789760,45678592,16039936,1944207360
1787071037967.262,2114715648,108789760,45678592,16039936,1944207360
1787071037973.537,2114715648,108789760,45678592,16039936,1944207360
1787071037979.813,2114715648,108789760,45678592,16039936,1944207360
1787071037986.089,2114715648,108789760,45678592,16039936,1944207360
1787071037992.362,2114715648,108789760,45678592,16039936,1944207360
1787071037998.639,2114715648,108789760,45678592,16039936,1944207360
1787071038004.916,2114715648,108789760,45678592,16039936,1944207360
1787071038011.193,2114715648,108789760,45678592,16039936,1944207360
1787071038017.466,2114715648,108789760,45678592,16039936,1944207360
1787071038023.741,2114715648,108789760,45678592,16039936,1944207360
1787071038030.017,2114715648,108789760,45678592,16039936,1944207360
1787071038036.293,2114715648,108789760,45678592,16039936,1944207360
1787071038042.573,2114715648,108789760,45678592,16039936,1944207360
1787071038048.851,2114715648,108789760,45678592,16039936,1944207360
1787071038055.126,2114715648,108789760,45678592,16039936,1944207360
1787071038061.402,2114715648,108789760,45678592,16039936,1944207360
1787071038067.675,2114715648,108789760,45678592,16039936,1944207360
1787071038073.952,2114715648,108789760,45678592,16039936,1944207360
1787071038080.237,2114715648,108789760,45678592,16039936,1944207360
1787071038086.519,2114715648,108789760,45678592,16039936,1944207360
1787071038092.799,2114715648,108789760,45678592,16039936,1944207360
1787071038099.086,2114715648,108789760,45678592,16039936,1944207360
1787071038105.367,2114715648,108789760,45678592,16039936,1944207360
1787071038110.580,2114715648,108789760,45678592,16039936,1944207360
1787071038116.854,2114715648,108789760,45678592,16039936,1944207360
1787071038123.129,2114715648,108789760,45678592,16039936,1944207360
1787071038129.414,2114715648,108789760,45678592,16039936,1944207360
1787071038135.691,2114715648,108789760,45678592,16039936,1944207360
1787071038141.965,2114715648,108789760,45678592,16039936,1944207360
1787071038148.243,2114715648,108789760,45678592,16039936,1944207360
1787071038154.575,2114715648,108789760,45678592,16039936,1944207360
1787071038160.856,2114715648,108789760,45678592,16039936,1944207360
1787071038166.979,2114715648,108789760,45678592,16039936,1944207360
1787071038173.044,2114715648,108789760,45678592,16039936,1944207360
1787071038179.318,2114715648,108789760,45678592,16039936,1944207360
1787071038185.598,2114715648,108789760,45678592,16039936,1944207360
1787071038191.874,2114715648,108789760,45678592,16039936,1944207360
1787071038198.149,2114715648,108789760,45678592,16039936,1944207360
1787071038204.206,2114715648,108789760,45678592,16039936,1944207360
1787071038210.481,2114715648,108789760,45678592,16039936,1944207360
1787071038216.757,2114715648,108789760,45678592,16039936,1944207360
1787071038222.579,2114715648,108789760,45678592,16039936,1944207360
1787071038227.643,2114715648,108789760,45678592,16039936,1944207360
1787071038233.918,2114715648,108789760,45678592,16039936,1944207360
1787071038240.194,2114715648,108789760,45678592,16039936,1944207360
1787071038246.476,2114715648,108789760,45678592,16039936,1944207360
1787071038252.758,2114715648,108789760,45678592,16039936,1944207360
1787071038259.034,2114715648,108789760,45678592,16039936,1944207360
1787071038265.310,2114715648,108789760,45678592,16039936,1944207360
1787071038271.589,2114715648,108789760,45678592,16039936,1944207360
1787071038277.867,2114715648,108789760,45678592,16039936,1944207360
1787071038284.144,2114715648,108789760,45678592,16039936,1944207360
1787071038290.422,2114715648,108789760,45678592,16039936,1944207360
1787071038296.698,2114715648,108789760,45678592,16039936,1944207360
1787071038302.641,2114715648,108789760,45678592,16039936,1944207360
1787071038308.921,2114715648,108789760,45678592,16039936,1944207360
1787071038315.198,2114715648,108789760,45678592,16039936,1944207360
1787071038321.473,2114715648,108789760,45678592,16039936,1944207360
1787071038327.756,2114715648,108789760,45678592,16039936,1944207360
1787071038332.869,2114715648,108789760,45678592,16039936,1944207360
1787071038339.147,2114715648,108789760,45678592,16039936,1944207360
1787071038345.312,2114715648,108789760,45678592,16039936,1944207360
1787071038351.592,2114715648,108789760,45678592,16039936,1944207360
1787071038357.868,2114715648,108789760,45678592,16039936,1944207360
1787071038364.154,2114715648,108789760,45678592,16039936,1944207360
1787071038370.432,2114715648,108789760,45678592,16039936,1944207360
1787071038376.716,2114715648,108789760,45678592,16039936,1944207360
1787071038382.868,2114715648,108789760,45678592,16039936,1944207360
1787071038389.155,2114715648,108789760,45678592,16039936,1944207360
1787071038395.373,2114715648,108789760,45678592,16039936,1944207360
1787071038401.661,2114715648,108789760,45678592,16039936,1944207360
1787071038407.939,2114715648,108789760,45678592,16039936,1944207360
1787071038414.226,2114715648,108789760,45678592,16039936,1944207360
1787071038419.378,2114715648,108789760,45678592,16039936,1944207360
1787071038425.667,2114715648,108789760,45678592,16039936,1944207360
1787071038431.376,2114715648,108789760,45678592,16039936,1944207360
1787071038437.656,2114715648,108789760,45678592,16039936,1944207360
1787071038443.932,2114715648,108789760,45678592,16039936,1944207360
1787071038450.219,2114715648,108789760,45678592,16039936,1944207360
1787071038456.494,2114715648,108789760,45678592,16039936,1944207360
1787071038462.776,2114715648,108789760,45678592,16039936,1944207360
1787071038469.052,2114715648,108789760,45678592,16039936,1944207360
1787071038475.328,2114715648,108789760,45678592,16039936,1944207360
1787071038481.603,2114715648,108789760,45678592,16039936,1944207360
1787071038487.880,2114715648,108789760,45678592,16039936,1944207360
1787071038494.160,2114715648,108789760,45678592,16039936,1944207360
1787071038500.448,2114715648,108789760,45678592,16039936,1944207360
1787071038506.380,2114715648,108789760,45678592,16039936,1944207360
1787071038512.662,2114715648,108789760,45678592,16039936,1944207360
1787071038518.942,2114715648,108789760,45678592,16039936,1944207360
1787071038525.283,2114715648,108789760,45678592,16039936,1944207360
1787071038531.560,2114715648,108789760,45678592,16039936,1944207360
1787071038537.853,2114715648,108789760,45678592,16039936,1944207360
1787071038544.130,2114715648,108789760,45678592,16039936,1944207360
1787071038550.406,2114715648,108789760,45678592,16039936,1944207360
1787071038556.688,2114715648,108789760,45678592,16039936,1944207360
1787071038562.966,2114715648,108789760,45678592,16039936,1944207360
1787071038569.248,2114715648,108789760,45678592,16039936,1944207360
1787071038575.527,2114715648,108789760,45678592,16039936,1944207360
1787071038581.376,2114715648,108789760,45678592,16039936,1944207360
1787071038587.660,2114715648,108789760,45678592,16039936,1944207360
1787071038593.911,2114715648,108789760,45678592,16039936,1944207360
1787071038600.188,2114715648,108789760,45678592,16039936,1944207360
1787071038606.371,2114715648,108789760,45678592,16039936,1944207360
1787071038612.037,2114715648,108789760,45678592,16039936,1944207360
1787071038618.314,2114715648,108789760,45678592,16039936,1944207360
1787071038624.211,2114715648,108789760,45678592,16039936,1944207360
1787071038630.488,2114715648,108789760,45678592,16039936,1944207360
1787071038635.972,2114715648,108789760,45678592,16039936,1944207360
1787071038642.042,2114715648,108789760,45678592,16039936,1944207360
1787071038648.047,2114715648,108789760,45678592,16039936,1944207360
1787071038654.331,2114715648,108789760,45678592,16039936,1944207360
1787071038660.610,2114715648,108789760,45678592,16039936,1944207360
1787071038666.885,2114715648,108789760,45678592,16039936,1944207360
1787071038673.162,2114715648,108789760,45678592,16039936,1944207360
1787071038679.443,2114715648,108789760,45678592,16039936,1944207360
1787071038685.579,2114715648,108789760,45678592,16039936,1944207360
1787071038691.396,2114715648,108789760,45678592,16039936,1944207360
1787071038697.674,2114715648,108789760,45678592,16039936,1944207360
1787071038703.951,2114715648,108789760,45678592,16039936,1944207360
1787071038709.211,2114715648,108789760,45678592,16039936,1944207360
1787071038714.703,2114715648,108789760,45678592,16039936,1944207360
1787071038720.309,2114715648,108789760,45678592,16039936,1944207360
1787071038725.599,2114715648,108789760,45678592,16039936,1944207360
1787071038731.879,2114715648,108789760,45678592,16039936,1944207360
1787071038738.154,2114715648,108789760,45678592,16039936,1944207360
1787071038744.429,2114715648,108789760,45678592,16039936,1944207360
1787071038750.704,2114715648,108789760,45678592,16039936,1944207360
1787071038756.979,2114715648,108789760,45678592,16039936,1944207360
1787071038763.254,2114273280,108789760,45236224,16039936,1944207360
1787071038769.529,2114273280,108789760,45236224,16039936,1944207360
1787071038775.803,2114273280,108789760,45236224,16039936,1944207360
1787071038781.378,2114273280,108789760,45236224,16039936,1944207360
1787071038787.655,2114273280,108789760,45236224,16039936,1944207360
1787071038793.931,2114273280,108789760,45236224,16039936,1944207360
1787071038800.206,2114273280,108789760,45236224,16039936,1944207360
1787071038806.481,2114273280,108789760,45236224,16039936,1944207360
1787071038812.755,2114273280,108789760,45236224,16039936,1944207360
1787071038819.031,2114273280,108789760,45236224,16039936,1944207360
1787071038825.305,2114273280,108789760,45236224,16039936,1944207360
1787071038831.580,2114273280,108789760,45236224,16039936,1944207360
1787071038837.854,2114273280,108789760,45236224,16039936,1944207360
1787071038844.129,2114273280,108789760,45236224,16039936,1944207360
1787071038850.408,2114273280,108789760,45236224,16039936,1944207360
1787071038856.370,2114273280,108789760,45236224,16039936,1944207360
1787071038862.648,2114273280,108789760,45236224,16039936,1944207360
1787071038868.927,2114273280,108789760,45236224,16039936,1944207360
1787071038875.202,2114273280,108789760,45236224,16039936,1944207360
1787071038881.478,2114273280,108789760,45236224,16039936,1944207360
1787071038887.753,2114273280,108789760,45236224,16039936,1944207360
1787071038894.047,2114273280,108789760,45236224,16039936,1944207360
1787071038900.364,2114273280,108789760,45236224,16039936,1944207360
1787071038906.644,2114273280,108789760,45236224,16039936,1944207360
1787071038912.919,2114273280,108789760,45236224,16039936,1944207360
1787071038919.199,2114273280,108789760,45236224,16039936,1944207360
1787071038925.478,2114273280,108789760,45236224,16039936,1944207360
1787071038931.758,2114273280,108789760,45236224,16039936,1944207360
1787071038938.045,2114273280,108789760,45236224,16039936,1944207360
1787071038944.322,2114273280,108789760,45236224,16039936,1944207360
1787071038950.596,2114273280,108789760,45236224,16039936,1944207360
1787071038956.871,2114273280,108789760,45236224,16039936,1944207360
1787071038963.147,2114273280,108789760,45236224,16039936,1944207360
1787071038969.428,2114273280,108789760,45236224,16039936,1944207360
1787071038975.705,2114273280,108789760,45236224,16039936,1944207360
1787071038981.980,2114273280,108789760,45236224,16039936,1944207360
1787071038988.263,2114273280,108789760,45236224,16039936,1944207360
1787071038994.540,2114273280,108789760,45236224,16039936,1944207360
1787071039000.823,2114273280,108789760,45236224,16039936,1944207360
1787071039006.370,2114273280,108789760,45236224,16039936,1944207360
1787071039012.656,2114273280,108789760,45236224,16039936,1944207360
1787071039018.940,2114273280,108789760,45236224,16039936,1944207360
1787071039025.216,2114273280,108789760,45236224,16039936,1944207360
1787071039031.492,2114273280,108789760,45236224,16039936,1944207360
1787071039036.812,2114273280,108789760,45236224,16039936,1944207360
1787071039043.094,2114273280,108789760,45236224,16039936,1944207360
1787071039049.212,2114273280,108789760,45236224,16039936,1944207360
1787071039054.287,2114273280,108789760,45236224,16039936,1944207360
1787071039060.564,2114273280,108789760,45236224,16039936,1944207360
1787071039066.841,2114273280,108789760,45236224,16039936,1944207360
1787071039073.118,2114273280,108789760,45236224,16039936,1944207360
1787071039079.091,2114273280,108789760,45236224,16039936,1944207360
1787071039085.369,2114273280,108789760,45236224,16039936,1944207360
1787071039091.644,2114273280,108789760,45236224,16039936,1944207360
1787071039097.920,2114273280,108789760,45236224,16039936,1944207360
1787071039104.195,2114273280,108789760,45236224,16039936,1944207360
1787071039110.470,2114273280,108789760,45236224,16039936,1944207360
1787071039116.746,2114273280,108789760,45236224,16039936,1944207360
1787071039123.035,2114273280,108789760,45236224,16039936,1944207360
1787071039129.310,2114273280,108789760,45236224,16039936,1944207360
1787071039135.574,2114273280,108789760,45236224,16039936,1944207360
1787071039141.862,2114273280,108789760,45236224,16039936,1944207360
1787071039147.424,2114273280,108789760,45236224,16039936,1944207360
1787071039153.702,2114273280,108789760,45236224,16039936,1944207360
1787071039159.986,2114273280,108789760,45236224,16039936,1944207360
1787071039166.260,2114273280,108789760,45236224,16039936,1944207360
1787071039172.548,2114273280,108789760,45236224,16039936,1944207360
1787071039177.635,2114273280,108789760,45236224,16039936,1944207360
1787071039183.917,2114273280,108789760,45236224,16039936,1944207360
1787071039189.703,2114273280,108789760,45236224,16039936,1944207360
1787071039195.980,2114273280,108789760,45236224,16039936,1944207360
1787071039202.262,2114273280,108789760,45236224,16039936,1944207360
1787071039208.538,2114273280,108789760,45236224,16039936,1944207360
1787071039214.813,2114273280,108789760,45236224,16039936,1944207360
1787071039221.087,2114273280,108789760,45236224,16039936,1944207360
1787071039227.363,2114273280,108789760,45236224,16039936,1944207360
1787071039233.637,2114273280,108789760,45236224,16039936,1944207360
1787071039239.912,2114273280,108789760,45236224,16039936,1944207360
1787071039246.185,2114273280,108789760,45236224,16039936,1944207360
1787071039252.460,2114273280,108789760,45236224,16039936,1944207360
1787071039258.734,2114273280,108789760,45236224,16039936,1944207360
1787071039265.010,2114273280,108789760,45236224,16039936,1944207360
1787071039271.341,2114273280,108789760,45236224,16039936,1944207360
1787071039277.617,2114273280,108789760,45236224,16039936,1944207360
1787071039283.892,2114093056,108789760,45105152,16039936,1944158208
1787071039290.168,2114093056,108789760,45105152,16039936,1944158208
1787071039296.442,2114093056,108789760,45105152,16039936,1944158208
1787071039302.718,2114093056,108789760,45105152,16039936,1944158208
1787071039308.994,2114093056,108789760,45105152,16039936,1944158208
1787071039315.283,2114093056,108789760,45105152,16039936,1944158208
1787071039320.358,2114093056,108789760,45105152,16039936,1944158208
1787071039326.642,2114093056,108789760,45105152,16039936,1944158208
1787071039332.870,2114093056,108789760,45105152,16039936,1944158208
1787071039339.149,2114093056,108789760,45105152,16039936,1944158208
1787071039345.313,2114093056,108789760,45105152,16039936,1944158208
1787071039351.604,2114093056,108789760,45105152,16039936,1944158208
1787071039357.880,2114093056,108789760,45105152,16039936,1944158208
1787071039364.163,2114093056,108789760,45105152,16039936,1944158208
1787071039370.439,2114093056,108789760,45105152,16039936,1944158208
1787071039376.713,2114093056,108789760,45105152,16039936,1944158208
1787071039382.988,2114093056,108789760,45105152,16039936,1944158208
1787071039389.265,2114093056,108789760,45105152,16039936,1944158208
1787071039395.542,2114093056,108789760,45105152,16039936,1944158208
1787071039401.818,2114093056,108789760,45105152,16039936,1944158208
1787071039406.874,2114093056,108789760,45105152,16039936,1944158208
1787071039413.161,2114093056,108789760,45105152,16039936,1944158208
1787071039419.365,2114093056,108789760,45105152,16039936,1944158208
1787071039425.645,2114093056,108789760,45105152,16039936,1944158208
1787071039430.988,2114093056,108789760,45105152,16039936,1944158208
1787071039436.179,2114093056,108789760,45105152,16039936,1944158208
1787071039442.457,2114093056,108789760,45105152,16039936,1944158208
1787071039448.733,2114093056,108789760,45105152,16039936,1944158208
1787071039454.284,2114093056,108789760,45105152,16039936,1944158208
1787071039460.561,2114093056,108789760,45105152,16039936,1944158208
1787071039466.835,2114093056,108789760,45105152,16039936,1944158208
1787071039473.030,2114093056,108789760,45105152,16039936,1944158208
1787071039479.306,2114093056,108789760,45105152,16039936,1944158208
1787071039485.586,2114093056,108789760,45105152,16039936,1944158208
1787071039491.865,2114093056,108789760,45105152,16039936,1944158208
1787071039498.141,2114093056,108789760,45105152,16039936,1944158208
1787071039504.416,2114093056,108789760,45105152,16039936,1944158208
1787071039510.576,2114093056,108789760,45105152,16039936,1944158208
1787071039516.853,2114093056,108789760,45105152,16039936,1944158208
1787071039523.132,2114093056,108789760,45105152,16039936,1944158208
1787071039529.156,2114093056,108789760,45105152,16039936,1944158208
1787071039535.428,2114093056,108789760,45105152,16039936,1944158208
1787071039541.400,2114093056,108789760,45105152,16039936,1944158208
1787071039547.685,2114093056,108789760,45105152,16039936,1944158208
1787071039553.961,2114093056,108789760,45105152,16039936,1944158208
1787071039559.214,2114093056,108789760,45105152,16039936,1944158208
1787071039565.494,2114093056,108789760,45105152,16039936,1944158208
1787071039571.774,2114093056,108789760,45105152,16039936,1944158208
1787071039578.050,2114093056,108789760,45105152,16039936,1944158208
1787071039584.325,2114093056,108789760,45105152,16039936,1944158208
1787071039590.605,2114093056,108789760,45105152,16039936,1944158208
1787071039596.887,2114093056,108789760,45105152,16039936,1944158208
1787071039602.630,2114093056,108789760,45105152,16039936,1944158208
1787071039608.908,2114093056,108789760,45105152,16039936,1944158208
1787071039615.191,2114093056,108789760,45105152,16039936,1944158208
1787071039621.468,2114093056,108789760,45105152,16039936,1944158208
1787071039627.240,2114093056,108789760,45105152,16039936,1944158208
1787071039633.519,2114093056,108789760,45105152,16039936,1944158208
1787071039639.845,2114093056,108789760,45105152,16039936,1944158208
1787071039646.121,2114093056,108789760,45105152,16039936,1944158208
1787071039652.396,2114093056,108789760,45105152,16039936,1944158208
1787071039658.672,2114093056,108789760,45105152,16039936,1944158208
1787071039664.948,2114093056,108789760,45105152,16039936,1944158208
1787071039671.223,2114093056,108789760,45105152,16039936,1944158208
1787071039677.500,2114093056,108789760,45105152,16039936,1944158208
1787071039683.775,2114093056,108789760,45105152,16039936,1944158208
1787071039690.053,2114093056,108789760,45105152,16039936,1944158208
1787071039696.333,2114093056,108789760,45105152,16039936,1944158208
1787071039702.244,2114093056,108789760,45105152,16039936,1944158208
1787071039708.521,2114093056,108789760,45105152,16039936,1944158208
1787071039714.697,2114093056,108789760,45105152,16039936,1944158208
1787071039720.975,2114093056,108789760,45105152,16039936,1944158208
1787071039727.238,2114093056,108789760,45105152,16039936,1944158208
1787071039733.517,2114093056,108789760,45105152,16039936,1944158208
1787071039739.696,2114093056,108789760,45105152,16039936,1944158208
1787071039745.972,2114093056,108789760,45105152,16039936,1944158208
1787071039752.253,2114093056,108789760,45105152,16039936,1944158208
1787071039758.529,2114093056,108789760,45105152,16039936,1944158208
1787071039764.805,2114093056,108789760,45105152,16039936,1944158208
1787071039771.079,2114093056,108789760,45105152,16039936,1944158208
1787071039777.355,2114093056,108789760,45105152,16039936,1944158208
1787071039783.627,2114093056,108789760,45105152,16039936,1944158208
1787071039789.900,2114093056,108789760,45105152,16039936,1944158208
1787071039796.174,2114093056,108789760,45105152,16039936,1944158208
1787071039802.449,2114043904,108789760,45105152,16039936,1944109056
1787071039808.724,2114043904,108789760,45105152,16039936,1944109056
1787071039815.000,2114043904,108789760,45105152,16039936,1944109056
1787071039821.280,2114043904,108789760,45105152,16039936,1944109056
1787071039827.240,2114043904,108789760,45105152,16039936,1944109056
1787071039833.518,2114043904,108789760,45105152,16039936,1944109056
1787071039839.794,2114043904,108789760,45105152,16039936,1944109056
1787071039846.067,2114043904,108789760,45105152,16039936,1944109056
1787071039852.242,2114043904,108789760,45105152,16039936,1944109056
1787071039858.520,2114043904,108789760,45105152,16039936,1944109056
1787071039864.697,2114043904,108789760,45105152,16039936,1944109056
1787071039870.355,2114043904,108789760,45105152,16039936,1944109056
1787071039876.628,2114043904,108789760,45105152,16039936,1944109056
1787071039881.926,2114043904,108789760,45105152,16039936,1944109056
1787071039888.203,2114043904,108789760,45105152,16039936,1944109056
1787071039894.478,2114043904,108789760,45105152,16039936,1944109056
1787071039900.754,2114043904,108789760,45105152,16039936,1944109056
1787071039907.032,2114043904,108789760,45105152,16039936,1944109056
1787071039913.309,2114043904,108789760,45105152,16039936,1944109056
1787071039919.583,2114043904,108789760,45105152,16039936,1944109056
1787071039925.866,2114043904,108789760,45105152,16039936,1944109056
1787071039931.398,2114043904,108789760,45105152,16039936,1944109056
1787071039937.679,2114043904,108789760,45105152,16039936,1944109056
1787071039943.954,2114043904,108789760,45105152,16039936,1944109056
1787071039949.452,2114043904,108789760,45105152,16039936,1944109056
1787071039955.738,2114043904,108789760,45105152,16039936,1944109056
1787071039961.031,2114043904,108789760,45105152,16039936,1944109056
1787071039967.310,2114043904,108789760,45105152,16039936,1944109056
1787071039973.587,2114043904,108789760,45105152,16039936,1944109056
1787071039979.863,2114043904,108789760,45105152,16039936,1944109056
1787071039986.139,2114043904,108789760,45105152,16039936,1944109056
1787071039992.416,2114043904,108789760,45105152,16039936,1944109056
1787071039998.119,2114043904,108789760,45105152,16039936,1944109056
1787071040004.396,2114043904,108789760,45105152,16039936,1944109056
1787071040010.571,2114043904,108789760,45105152,16039936,1944109056
1787071040016.848,2114043904,108789760,45105152,16039936,1944109056
1787071040023.121,2114043904,108789760,45105152,16039936,1944109056
1787071040028.477,2114043904,108789760,45105152,16039936,1944109056
1787071040034.284,2114043904,108789760,45105152,16039936,1944109056
1787071040040.574,2114043904,108789760,45105152,16039936,1944109056
1787071040046.854,2114043904,108789760,45105152,16039936,1944109056
1787071040053.132,2114043904,108789760,45105152,16039936,1944109056
1787071040059.406,2114043904,108789760,45105152,16039936,1944109056
1787071040065.684,2114043904,108789760,45105152,16039936,1944109056
1787071040071.961,2114043904,108789760,45105152,16039936,1944109056
1787071040078.238,2114043904,108789760,45105152,16039936,1944109056
1787071040084.513,2114043904,108789760,45105152,16039936,1944109056
1787071040090.787,2114043904,108789760,45105152,16039936,1944109056
1787071040097.061,2114043904,108789760,45105152,16039936,1944109056
1787071040102.996,2114043904,108789760,45105152,16039936,1944109056
1787071040109.282,2114043904,108789760,45105152,16039936,1944109056
1787071040115.558,2114043904,108789760,45105152,16039936,1944109056
1787071040121.832,2114043904,108789760,45105152,16039936,1944109056
1787071040127.239,2114043904,108789760,45105152,16039936,1944109056
1787071040133.517,2114043904,108789760,45105152,16039936,1944109056
1787071040139.692,2114043904,108789760,45105152,16039936,1944109056
1787071040145.971,2114043904,108789760,45105152,16039936,1944109056
1787071040152.253,2114043904,108789760,45105152,16039936,1944109056
1787071040158.530,2114043904,108789760,45105152,16039936,1944109056
1787071040164.427,2114043904,108789760,45105152,16039936,1944109056
1787071040170.352,2114043904,108789760,45105152,16039936,1944109056
1787071040176.625,2114043904,108789760,45105152,16039936,1944109056
1787071040182.867,2114043904,108789760,45105152,16039936,1944109056
1787071040189.146,2114043904,108789760,45105152,16039936,1944109056
1787071040194.288,2114043904,108789760,45105152,16039936,1944109056
1787071040200.564,2114043904,108789760,45105152,16039936,1944109056
1787071040206.842,2114043904,108789760,45105152,16039936,1944109056
1787071040213.122,2114043904,108789760,45105152,16039936,1944109056
1787071040218.904,2114043904,108789760,45105152,16039936,1944109056
1787071040225.182,2114043904,108789760,45105152,16039936,1944109056
1787071040231.357,2114043904,108789760,45105152,16039936,1944109056
1787071040237.634,2114043904,108789760,45105152,16039936,1944109056
1787071040243.908,2114043904,108789760,45105152,16039936,1944109056
1787071040249.387,2114043904,108789760,45105152,16039936,1944109056
1787071040254.864,2114043904,108789760,45105152,16039936,1944109056
1787071040260.569,2114043904,108789760,45105152,16039936,1944109056
1787071040266.844,2114043904,108789760,45105152,16039936,1944109056
1787071040273.027,2114043904,108789760,45105152,16039936,1944109056
1787071040279.305,2114043904,108789760,45105152,16039936,1944109056
1787071040285.572,2114043904,108789760,45105152,16039936,1944109056
1787071040291.845,2114043904,108789760,45105152,16039936,1944109056
1787071040298.026,2114043904,108789760,45105152,16039936,1944109056
1787071040304.308,2114043904,108789760,45105152,16039936,1944109056
1787071040310.591,2114043904,108789760,45105152,16039936,1944109056
1787071040316.874,2114043904,108789760,45105152,16039936,1944109056
1787071040323.156,2114043904,108789760,45105152,16039936,1944109056
1787071040329.446,2114043904,108789760,45105152,16039936,1944109056
1787071040335.571,2114043904,108789760,45105152,16039936,1944109056
1787071040341.846,2114043904,108789760,45105152,16039936,1944109056
1787071040348.023,2114043904,108789760,45105152,16039936,1944109056
1787071040354.306,2114043904,108789760,45105152,16039936,1944109056
1787071040360.578,2114043904,108789760,45105152,16039936,1944109056
1787071040366.853,2114043904,108789760,45105152,16039936,1944109056
1787071040373.128,2114043904,108789760,45105152,16039936,1944109056
1787071040379.402,2114043904,108789760,45105152,16039936,1944109056
1787071040385.722,2114043904,108789760,45105152,16039936,1944109056
1787071040391.997,2114043904,108789760,45105152,16039936,1944109056
1787071040398.273,2114043904,108789760,45105152,16039936,1944109056
1787071040404.553,2114043904,108789760,45105152,16039936,1944109056
1787071040410.569,2114043904,108789760,45105152,16039936,1944109056
1787071040416.857,2114043904,108789760,45105152,16039936,1944109056
1787071040423.136,2114043904,108789760,45105152,16039936,1944109056
1787071040429.429,2114043904,108789760,45105152,16039936,1944109056
1787071040435.570,2114043904,108789760,45105152,16039936,1944109056
1787071040440.761,2114043904,108789760,45105152,16039936,1944109056
1787071040447.037,2114043904,108789760,45105152,16039936,1944109056
1787071040453.313,2114043904,108789760,45105152,16039936,1944109056
1787071040459.588,2114043904,108789760,45105152,16039936,1944109056
1787071040465.863,2114043904,108789760,45105152,16039936,1944109056
1787071040472.136,2114043904,108789760,45105152,16039936,1944109056
1787071040478.411,2114043904,108789760,45105152,16039936,1944109056
1787071040484.684,2114043904,108789760,45105152,16039936,1944109056
1787071040490.961,2114043904,108789760,45105152,16039936,1944109056
1787071040497.237,2114043904,108789760,45105152,16039936,1944109056
1787071040503.512,2114043904,108789760,45105152,16039936,1944109056
1787071040509.788,2114043904,108789760,45105152,16039936,1944109056
1787071040516.064,2114043904,108789760,45105152,16039936,1944109056
1787071040522.349,2114043904,108789760,45105152,16039936,1944109056
1787071040527.619,2114043904,108789760,45105152,16039936,1944109056
1787071040533.421,2114043904,108789760,45105152,16039936,1944109056
1787071040539.699,2114043904,108789760,45105152,16039936,1944109056
1787071040545.974,2114043904,108789760,45105152,16039936,1944109056
1787071040552.235,2114043904,108789760,45105152,16039936,1944109056
1787071040558.511,2114043904,108789760,45105152,16039936,1944109056
1787071040564.792,2114043904,108789760,45105152,16039936,1944109056
1787071040571.068,2114043904,108789760,45105152,16039936,1944109056
1787071040577.344,2114043904,108789760,45105152,16039936,1944109056
1787071040583.618,2114043904,108789760,45105152,16039936,1944109056
1787071040589.895,2114043904,108789760,45105152,16039936,1944109056
1787071040595.890,2114043904,108789760,45105152,16039936,1944109056
1787071040602.166,2114043904,108789760,45105152,16039936,1944109056
1787071040608.446,2114043904,108789760,45105152,16039936,1944109056
1787071040613.882,2114043904,108789760,45105152,16039936,1944109056
1787071040619.286,2114043904,108789760,45105152,16039936,1944109056
1787071040625.562,2114043904,108789760,45105152,16039936,1944109056
1787071040631.839,2114043904,108789760,45105152,16039936,1944109056
1787071040638.113,2114043904,108789760,45105152,16039936,1944109056
1787071040644.392,2114043904,108789760,45105152,16039936,1944109056
1787071040650.081,2114043904,108789760,45105152,16039936,1944109056
1787071040656.361,2114043904,108789760,45105152,16039936,1944109056
1787071040662.637,2114043904,108789760,45105152,16039936,1944109056
1787071040668.907,2114043904,108789760,45105152,16039936,1944109056
1787071040675.182,2114043904,108789760,45105152,16039936,1944109056
1787071040681.457,2114043904,108789760,45105152,16039936,1944109056
1787071040687.737,2114043904,108789760,45105152,16039936,1944109056
1787071040693.901,2114043904,108789760,45105152,16039936,1944109056
1787071040700.175,2114043904,108789760,45105152,16039936,1944109056
1787071040706.360,2114043904,108789760,45105152,16039936,1944109056
1787071040712.634,2114043904,108789760,45105152,16039936,1944109056
1787071040718.913,2114043904,108789760,45105152,16039936,1944109056
1787071040725.190,2114043904,108789760,45105152,16039936,1944109056
1787071040731.467,2114043904,108789760,45105152,16039936,1944109056
1787071040737.741,2114043904,108789760,45105152,16039936,1944109056
1787071040744.014,2114043904,108789760,45105152,16039936,1944109056
1787071040750.287,2114043904,108789760,45105152,16039936,1944109056
1787071040756.613,2114043904,108789760,45105152,16039936,1944109056
1787071040762.886,2114043904,108789760,45105152,16039936,1944109056
1787071040769.162,2114043904,108789760,45105152,16039936,1944109056
1787071040775.438,2114043904,108789760,45105152,16039936,1944109056
1787071040781.714,2114043904,108789760,45105152,16039936,1944109056
1787071040787.988,2114043904,108789760,45105152,16039936,1944109056
1787071040794.263,2114043904,108789760,45105152,16039936,1944109056
1787071040800.547,2114043904,108789760,45105152,16039936,1944109056
1787071040806.357,2114043904,108789760,45105152,16039936,1944109056
1787071040812.631,2114043904,108789760,45105152,16039936,1944109056
1787071040818.915,2114043904,108789760,45105152,16039936,1944109056
1787071040824.618,2114043904,108789760,45105152,16039936,1944109056
1787071040830.905,2114043904,108789760,45105152,16039936,1944109056
1787071040835.951,2114043904,108789760,45105152,16039936,1944109056
1787071040842.226,2114043904,108789760,45105152,16039936,1944109056
1787071040848.507,2114043904,108789760,45105152,16039936,1944109056
1787071040854.785,2114043904,108789760,45105152,16039936,1944109056
1787071040860.569,2114043904,108789760,45105152,16039936,1944109056
1787071040866.842,2114043904,108789760,45105152,16039936,1944109056
1787071040873.118,2114043904,108789760,45105152,16039936,1944109056
1787071040879.391,2114043904,108789760,45105152,16039936,1944109056
1787071040885.569,2114043904,108789760,45105152,16039936,1944109056
1787071040891.096,2114043904,108789760,45105152,16039936,1944109056
1787071040897.375,2114043904,108789760,45105152,16039936,1944109056
1787071040903.656,2114043904,108789760,45105152,16039936,1944109056
1787071040909.940,2114043904,108789760,45105152,16039936,1944109056
1787071040916.217,2114043904,108789760,45105152,16039936,1944109056
1787071040922.499,2114043904,108789760,45105152,16039936,1944109056
1787071040928.774,2114043904,108789760,45105152,16039936,1944109056
1787071040935.052,2114043904,108789760,45105152,16039936,1944109056
1787071040941.332,2114043904,108789760,45105152,16039936,1944109056
1787071040947.619,2114043904,108789760,45105152,16039936,1944109056
1787071040953.895,2114043904,108789760,45105152,16039936,1944109056
1787071040960.172,2114043904,108789760,45105152,16039936,1944109056
1787071040965.580,2114043904,108789760,45105152,16039936,1944109056
1787071040971.869,2114043904,108789760,45105152,16039936,1944109056
1787071040977.233,2114043904,108789760,45105152,16039936,1944109056
1787071040983.510,2114043904,108789760,45105152,16039936,1944109056
1787071040989.687,2114043904,108789760,45105152,16039936,1944109056
1787071040995.969,2114043904,108789760,45105152,16039936,1944109056
1787071041002.234,2114043904,108789760,45105152,16039936,1944109056
1787071041008.513,2114043904,108789760,45105152,16039936,1944109056
1787071041014.687,2114043904,108789760,45105152,16039936,1944109056
1787071041020.968,2114043904,108789760,45105152,16039936,1944109056
1787071041027.239,2114043904,108789760,45105152,16039936,1944109056
1787071041033.513,2114043904,108789760,45105152,16039936,1944109056
1787071041039.795,2114043904,108789760,45105152,16039936,1944109056
1787071041045.977,2114043904,108789760,45105152,16039936,1944109056
1787071041052.259,2114043904,108789760,45105152,16039936,1944109056
1787071041058.545,2114043904,108789760,45105152,16039936,1944109056
1787071041064.834,2114043904,108789760,45105152,16039936,1944109056
1787071041071.121,2114043904,108789760,45105152,16039936,1944109056
1787071041077.399,2114043904,108789760,45105152,16039936,1944109056
1787071041083.073,2114043904,108789760,45105152,16039936,1944109056
1787071041088.336,2114043904,108789760,45105152,16039936,1944109056
1787071041094.620,2114043904,108789760,45105152,16039936,1944109056
1787071041100.896,2114043904,108789760,45105152,16039936,1944109056
1787071041107.178,2114043904,108789760,45105152,16039936,1944109056
1787071041112.288,2114043904,108789760,45105152,16039936,1944109056
1787071041118.565,2114043904,108789760,45105152,16039936,1944109056
1787071041124.882,2114043904,108789760,45105152,16039936,1944109056
1787071041131.157,2114043904,108789760,45105152,16039936,1944109056
1787071041137.439,2114043904,108789760,45105152,16039936,1944109056
1787071041143.729,2114043904,108789760,45105152,16039936,1944109056
1787071041150.012,2114043904,108789760,45105152,16039936,1944109056
1787071041156.288,2114043904,108789760,45105152,16039936,1944109056
1787071041162.562,2114043904,108789760,45105152,16039936,1944109056
1787071041168.844,2114043904,108789760,45105152,16039936,1944109056
1787071041175.123,2114043904,108789760,45105152,16039936,1944109056
1787071041181.347,2114043904,108789760,45105152,16039936,1944109056
1787071041187.225,2114043904,108789760,45105152,16039936,1944109056
1787071041193.503,2114043904,108789760,45105152,16039936,1944109056
1787071041199.777,2114043904,108789760,45105152,16039936,1944109056
1787071041206.050,2114043904,108789760,45105152,16039936,1944109056
1787071041212.278,2114043904,108789760,45105152,16039936,1944109056
1787071041218.554,2114043904,108789760,45105152,16039936,1944109056
1787071041224.837,2114043904,108789760,45105152,16039936,1944109056
1787071041231.113,2114043904,108789760,45105152,16039936,1944109056
1787071041237.388,2114043904,108789760,45105152,16039936,1944109056
1787071041243.664,2114043904,108789760,45105152,16039936,1944109056
1787071041249.941,2114043904,108789760,45105152,16039936,1944109056
1787071041256.063,2114043904,108789760,45105152,16039936,1944109056
1787071041261.254,2114043904,108789760,45105152,16039936,1944109056
1787071041267.534,2114043904,108789760,45105152,16039936,1944109056
1787071041273.014,2114043904,108789760,45105152,16039936,1944109056
1787071041279.291,2114043904,108789760,45105152,16039936,1944109056
1787071041285.573,2114043904,108789760,45105152,16039936,1944109056
1787071041291.849,2114043904,108789760,45105152,16039936,1944109056
1787071041298.131,2114043904,108789760,45105152,16039936,1944109056
1787071041304.405,2114043904,108789760,45105152,16039936,1944109056
1787071041310.564,2114043904,108789760,45105152,16039936,1944109056
1787071041316.838,2114043904,108789760,45105152,16039936,1944109056
1787071041323.013,2114043904,108789760,45105152,16039936,1944109056
1787071041329.289,2114043904,108789760,45105152,16039936,1944109056
1787071041335.571,2114043904,108789760,45105152,16039936,1944109056
1787071041341.847,2114043904,108789760,45105152,16039936,1944109056
1787071041348.123,2114043904,108789760,45105152,16039936,1944109056
1787071041354.397,2114043904,108789760,45105152,16039936,1944109056
1787071041360.673,2114043904,108789760,45105152,16039936,1944109056
1787071041366.946,2114043904,108789760,45105152,16039936,1944109056
1787071041373.222,2114043904,108789760,45105152,16039936,1944109056
1787071041379.497,2114043904,108789760,45105152,16039936,1944109056
1787071041385.776,2114043904,108789760,45105152,16039936,1944109056
1787071041392.052,2114043904,108789760,45105152,16039936,1944109056
1787071041398.020,2114043904,108789760,45105152,16039936,1944109056
1787071041404.298,2114043904,108789760,45105152,16039936,1944109056
1787071041410.574,2114043904,108789760,45105152,16039936,1944109056
1787071041416.848,2114043904,108789760,45105152,16039936,1944109056
1787071041423.128,2114043904,108789760,45105152,16039936,1944109056
1787071041429.215,2114043904,108789760,45105152,16039936,1944109056
1787071041435.495,2114043904,108789760,45105152,16039936,1944109056
1787071041441.771,2114043904,108789760,45105152,16039936,1944109056
1787071041448.019,2114043904,108789760,45105152,16039936,1944109056
1787071041453.671,2114043904,108789760,45105152,16039936,1944109056
1787071041459.956,2114043904,108789760,45105152,16039936,1944109056
1787071041466.232,2114043904,108789760,45105152,16039936,1944109056
1787071041472.508,2114043904,108789760,45105152,16039936,1944109056
1787071041478.785,2114043904,108789760,45105152,16039936,1944109056
1787071041485.062,2114043904,108789760,45105152,16039936,1944109056
1787071041490.604,2114043904,108789760,45105152,16039936,1944109056
1787071041496.931,2114043904,108789760,45105152,16039936,1944109056
1787071041502.618,2114043904,108789760,45105152,16039936,1944109056
1787071041508.898,2114043904,108789760,45105152,16039936,1944109056
1787071041515.181,2114043904,108789760,45105152,16039936,1944109056
1787071041521.457,2114043904,108789760,45105152,16039936,1944109056
1787071041526.977,2114043904,108789760,45105152,16039936,1944109056
1787071041533.256,2114043904,108789760,45105152,16039936,1944109056
1787071041539.531,2114043904,108789760,45105152,16039936,1944109056
1787071041545.811,2114043904,108789760,45105152,16039936,1944109056
1787071041552.091,2114043904,108789760,45105152,16039936,1944109056
1787071041558.373,2114043904,108789760,45105152,16039936,1944109056
1787071041564.656,2114043904,108789760,45105152,16039936,1944109056
1787071041570.935,2114043904,108789760,45105152,16039936,1944109056
1787071041577.210,2114043904,108789760,45105152,16039936,1944109056
1787071041583.488,2114043904,108789760,45105152,16039936,1944109056
1787071041589.764,2114043904,108789760,45105152,16039936,1944109056
1787071041596.038,2114043904,108789760,45105152,16039936,1944109056
1787071041602.313,2114043904,108789760,45105152,16039936,1944109056
1787071041608.588,2114043904,108789760,45105152,16039936,1944109056
1787071041614.862,2114043904,108789760,45105152,16039936,1944109056
1787071041621.138,2114043904,108789760,45105152,16039936,1944109056
1787071041627.420,2114043904,108789760,45105152,16039936,1944109056
1787071041632.868,2114043904,108789760,45105152,16039936,1944109056
1787071041639.147,2114043904,108789760,45105152,16039936,1944109056
1787071041645.424,2114043904,108789760,45105152,16039936,1944109056
1787071041651.704,2114043904,108789760,45105152,16039936,1944109056
1787071041657.991,2114043904,108789760,45105152,16039936,1944109056
1787071041664.265,2114043904,108789760,45105152,16039936,1944109056
1787071041670.541,2114043904,108789760,45105152,16039936,1944109056
1787071041676.816,2114043904,108789760,45105152,16039936,1944109056
1787071041682.837,2114043904,108789760,45105152,16039936,1944109056
1787071041688.331,2114043904,108789760,45105152,16039936,1944109056
1787071041694.281,2114043904,108789760,45105152,16039936,1944109056
1787071041700.556,2114043904,108789760,45105152,16039936,1944109056
1787071041706.831,2114043904,108789760,45105152,16039936,1944109056
1787071041713.104,2114043904,108789760,45105152,16039936,1944109056
1787071041719.381,2114043904,108789760,45105152,16039936,1944109056
1787071041725.655,2114043904,108789760,45105152,16039936,1944109056
1787071041731.928,2114043904,108789760,45105152,16039936,1944109056
1787071041738.203,2114043904,108789760,45105152,16039936,1944109056
1787071041744.478,2114043904,108789760,45105152,16039936,1944109056
1787071041750.750,2114043904,108789760,45105152,16039936,1944109056
1787071041757.025,2114043904,108789760,45105152,16039936,1944109056
1787071041763.298,2114043904,108789760,45105152,16039936,1944109056
1787071041769.573,2114043904,108789760,45105152,16039936,1944109056
1787071041775.846,2114043904,108789760,45105152,16039936,1944109056
1787071041782.130,2114043904,108789760,45105152,16039936,1944109056
1787071041788.411,2114043904,108789760,45105152,16039936,1944109056
1787071041794.275,2114043904,108789760,45105152,16039936,1944109056
1787071041800.553,2114043904,108789760,45105152,16039936,1944109056
1787071041806.340,2114043904,108789760,45105152,16039936,1944109056
1787071041812.036,2114043904,108789760,45105152,16039936,1944109056
1787071041818.319,2114043904,108789760,45105152,16039936,1944109056
1787071041824.597,2114043904,108789760,45105152,16039936,1944109056
1787071041830.873,2114043904,108789760,45105152,16039936,1944109056
1787071041837.149,2114043904,108789760,45105152,16039936,1944109056
1787071041843.423,2114043904,108789760,45105152,16039936,1944109056
1787071041849.699,2114043904,108789760,45105152,16039936,1944109056
1787071041855.975,2114043904,108789760,45105152,16039936,1944109056
1787071041862.251,2114043904,108789760,45105152,16039936,1944109056
1787071041868.525,2114043904,108789760,45105152,16039936,1944109056
1787071041874.845,2114043904,108789760,45105152,16039936,1944109056
1787071041881.120,2114043904,108789760,45105152,16039936,1944109056
1787071041887.397,2114043904,108789760,45105152,16039936,1944109056
1787071041893.672,2114043904,108789760,45105152,16039936,1944109056
1787071041899.949,2114043904,108789760,45105152,16039936,1944109056
1787071041906.224,2114043904,108789760,45105152,16039936,1944109056
1787071041912.501,2114043904,108789760,45105152,16039936,1944109056
1787071041918.776,2114043904,108789760,45105152,16039936,1944109056
1787071041925.051,2114043904,108789760,45105152,16039936,1944109056
1787071041931.333,2114043904,108789760,45105152,16039936,1944109056
1787071041937.618,2114043904,108789760,45105152,16039936,1944109056
1787071041943.536,2114043904,108789760,45105152,16039936,1944109056
1787071041949.812,2114043904,108789760,45105152,16039936,1944109056
1787071041956.086,2114043904,108789760,45105152,16039936,1944109056
1787071041962.362,2114043904,108789760,45105152,16039936,1944109056
1787071041968.637,2114043904,108789760,45105152,16039936,1944109056
1787071041974.922,2114043904,108789760,45105152,16039936,1944109056
1787071041981.197,2114043904,108789760,45105152,16039936,1944109056
1787071041987.483,2114043904,108789760,45105152,16039936,1944109056
1787071041993.764,2114043904,108789760,45105152,16039936,1944109056
1787071041999.762,2114043904,108789760,45105152,16039936,1944109056
1787071042006.039,2114043904,108789760,45105152,16039936,1944109056
1787071042012.319,2114043904,108789760,45105152,16039936,1944109056
1787071042018.596,2114043904,108789760,45105152,16039936,1944109056
1787071042024.875,2114043904,108789760,45105152,16039936,1944109056
1787071042031.159,2114043904,108789760,45105152,16039936,1944109056
1787071042037.441,2114043904,108789760,45105152,16039936,1944109056
1787071042043.721,2114043904,108789760,45105152,16039936,1944109056
1787071042049.998,2114043904,108789760,45105152,16039936,1944109056
1787071042055.814,2114043904,108789760,45105152,16039936,1944109056
1787071042061.294,2114043904,108789760,45105152,16039936,1944109056
1787071042067.568,2114043904,108789760,45105152,16039936,1944109056
1787071042073.010,2114043904,108789760,45105152,16039936,1944109056
1787071042078.674,2114043904,108789760,45105152,16039936,1944109056
1787071042084.950,2114043904,108789760,45105152,16039936,1944109056
1787071042091.232,2114043904,108789760,45105152,16039936,1944109056
1787071042097.506,2114043904,108789760,45105152,16039936,1944109056
1787071042103.664,2114043904,108789760,45105152,16039936,1944109056
1787071042108.760,2114043904,108789760,45105152,16039936,1944109056
1787071042115.036,2114043904,108789760,45105152,16039936,1944109056
1787071042121.311,2114043904,108789760,45105152,16039936,1944109056
1787071042127.588,2114043904,108789760,45105152,16039936,1944109056
1787071042133.202,2114043904,108789760,45105152,16039936,1944109056
1787071042138.336,2114043904,108789760,45105152,16039936,1944109056
1787071042144.612,2114043904,108789760,45105152,16039936,1944109056
1787071042149.882,2114043904,108789760,45105152,16039936,1944109056
1787071042155.488,2114043904,108789760,45105152,16039936,1944109056
1787071042160.935,2114043904,108789760,45105152,16039936,1944109056
1787071042166.568,2114043904,108789760,45105152,16039936,1944109056
1787071042172.845,2114043904,108789760,45105152,16039936,1944109056
1787071042179.120,2114043904,108789760,45105152,16039936,1944109056
1787071042185.394,2114043904,108789760,45105152,16039936,1944109056
1787071042191.669,2114043904,108789760,45105152,16039936,1944109056
1787071042197.943,2114043904,108789760,45105152,16039936,1944109056
1787071042204.217,2114043904,108789760,45105152,16039936,1944109056
1787071042210.492,2114043904,108789760,45105152,16039936,1944109056
1787071042216.765,2114043904,108789760,45105152,16039936,1944109056
1787071042223.040,2114043904,108789760,45105152,16039936,1944109056
1787071042229.317,2114043904,108789760,45105152,16039936,1944109056
1787071042235.598,2114043904,108789760,45105152,16039936,1944109056
1787071042241.734,2114043904,108789760,45105152,16039936,1944109056
1787071042248.014,2114043904,108789760,45105152,16039936,1944109056
1787071042254.298,2114043904,108789760,45105152,16039936,1944109056
1787071042260.560,2114043904,108789760,45105152,16039936,1944109056
1787071042266.649,2114043904,108789760,45105152,16039936,1944109056
1787071042272.923,2114043904,108789760,45105152,16039936,1944109056
1787071042279.205,2114043904,108789760,45105152,16039936,1944109056
1787071042285.481,2114043904,108789760,45105152,16039936,1944109056
1787071042291.758,2114043904,108789760,45105152,16039936,1944109056
1787071042298.031,2114043904,108789760,45105152,16039936,1944109056
1787071042304.305,2114043904,108789760,45105152,16039936,1944109056
1787071042310.557,2114043904,108789760,45105152,16039936,1944109056
1787071042316.845,2114043904,108789760,45105152,16039936,1944109056
1787071042323.121,2114043904,108789760,45105152,16039936,1944109056
1787071042329.401,2114043904,108789760,45105152,16039936,1944109056
1787071042335.561,2114043904,108789760,45105152,16039936,1944109056
1787071042340.680,2114043904,108789760,45105152,16039936,1944109056
1787071042346.963,2114043904,108789760,45105152,16039936,1944109056
1787071042353.240,2114043904,108789760,45105152,16039936,1944109056
1787071042359.523,2114043904,108789760,45105152,16039936,1944109056
1787071042364.671,2114043904,108789760,45105152,16039936,1944109056
1787071042370.945,2114043904,108789760,45105152,16039936,1944109056
1787071042377.221,2114043904,108789760,45105152,16039936,1944109056
1787071042383.497,2114043904,108789760,45105152,16039936,1944109056
1787071042389.774,2114043904,108789760,45105152,16039936,1944109056
1787071042396.051,2114043904,108789760,45105152,16039936,1944109056
1787071042402.325,2114043904,108789760,45105152,16039936,1944109056
1787071042408.600,2114043904,108789760,45105152,16039936,1944109056
1787071042414.875,2114043904,108789760,45105152,16039936,1944109056
1787071042421.149,2114043904,108789760,45105152,16039936,1944109056
1787071042427.427,2114043904,108789760,45105152,16039936,1944109056
1787071042433.101,2114043904,108789760,45105152,16039936,1944109056
1787071042438.406,2114043904,108789760,45105152,16039936,1944109056
1787071042443.890,2114043904,108789760,45105152,16039936,1944109056
1787071042450.164,2114043904,108789760,45105152,16039936,1944109056
1787071042456.341,2114043904,108789760,45105152,16039936,1944109056
1787071042462.089,2114043904,108789760,45105152,16039936,1944109056
1787071042468.378,2114043904,108789760,45105152,16039936,1944109056
1787071042474.653,2114043904,108789760,45105152,16039936,1944109056
1787071042480.493,2114043904,108789760,45105152,16039936,1944109056
1787071042485.567,2114043904,108789760,45105152,16039936,1944109056
1787071042491.855,2114043904,108789760,45105152,16039936,1944109056
1787071042498.002,2114043904,108789760,45105152,16039936,1944109056
1787071042504.284,2114043904,108789760,45105152,16039936,1944109056
1787071042510.559,2114043904,108789760,45105152,16039936,1944109056
1787071042516.841,2114043904,108789760,45105152,16039936,1944109056
1787071042523.118,2114043904,108789760,45105152,16039936,1944109056
1787071042529.403,2114043904,108789760,45105152,16039936,1944109056
1787071042535.562,2114043904,108789760,45105152,16039936,1944109056
1787071042541.839,2114043904,108789760,45105152,16039936,1944109056
1787071042548.002,2114043904,108789760,45105152,16039936,1944109056
1787071042554.279,2114043904,108789760,45105152,16039936,1944109056
1787071042559.500,2114043904,108789760,45105152,16039936,1944109056
1787071042564.670,2114043904,108789760,45105152,16039936,1944109056
1787071042570.952,2114043904,108789760,45105152,16039936,1944109056
1787071042577.236,2114043904,108789760,45105152,16039936,1944109056
1787071042583.519,2114043904,108789760,45105152,16039936,1944109056
1787071042589.797,2114043904,108789760,45105152,16039936,1944109056
1787071042595.308,2114043904,108789760,45105152,16039936,1944109056
1787071042601.586,2114043904,108789760,45105152,16039936,1944109056
1787071042607.921,2114043904,108789760,45105152,16039936,1944109056
1787071042614.197,2114043904,108789760,45105152,16039936,1944109056
1787071042619.265,2114043904,108789760,45105152,16039936,1944109056
1787071042625.542,2114043904,108789760,45105152,16039936,1944109056
1787071042631.338,2114043904,108789760,45105152,16039936,1944109056
1787071042636.997,2114043904,108789760,45105152,16039936,1944109056
1787071042643.284,2114043904,108789760,45105152,16039936,1944109056
1787071042649.562,2114043904,108789760,45105152,16039936,1944109056
1787071042655.838,2114043904,108789760,45105152,16039936,1944109056
1787071042660.930,2114043904,108789760,45105152,16039936,1944109056
1787071042667.206,2114043904,108789760,45105152,16039936,1944109056
1787071042673.003,2114043904,108789760,45105152,16039936,1944109056
1787071042679.285,2114043904,108789760,45105152,16039936,1944109056
1787071042685.563,2114043904,108789760,45105152,16039936,1944109056
1787071042691.837,2114043904,108789760,45105152,16039936,1944109056
1787071042698.112,2114043904,108789760,45105152,16039936,1944109056
1787071042704.388,2114043904,108789760,45105152,16039936,1944109056
1787071042710.663,2114043904,108789760,45105152,16039936,1944109056
1787071042716.938,2114043904,108789760,45105152,16039936,1944109056
1787071042723.221,2114043904,108789760,45105152,16039936,1944109056
1787071042729.497,2114043904,108789760,45105152,16039936,1944109056
1787071042735.559,2114043904,108789760,45105152,16039936,1944109056
1787071042741.182,2114043904,108789760,45105152,16039936,1944109056
1787071042747.468,2114043904,108789760,45105152,16039936,1944109056
1787071042753.746,2114043904,108789760,45105152,16039936,1944109056
1787071042760.033,2114043904,108789760,45105152,16039936,1944109056
1787071042766.306,2114043904,108789760,45105152,16039936,1944109056
1787071042772.589,2114043904,108789760,45105152,16039936,1944109056
1787071042778.865,2114043904,108789760,45105152,16039936,1944109056
1787071042785.152,2114043904,108789760,45105152,16039936,1944109056
1787071042791.427,2114043904,108789760,45105152,16039936,1944109056
1787071042797.708,2114043904,108789760,45105152,16039936,1944109056
1787071042803.991,2114043904,108789760,45105152,16039936,1944109056
1787071042810.277,2114043904,108789760,45105152,16039936,1944109056
1787071042816.550,2114043904,108789760,45105152,16039936,1944109056
1787071042822.836,2114043904,108789760,45105152,16039936,1944109056
1787071042829.110,2114043904,108789760,45105152,16039936,1944109056
1787071042835.386,2114043904,108789760,45105152,16039936,1944109056
1787071042841.183,2114043904,108789760,45105152,16039936,1944109056
1787071042847.459,2114043904,108789760,45105152,16039936,1944109056
1787071042853.736,2114043904,108789760,45105152,16039936,1944109056
1787071042860.023,2114043904,108789760,45105152,16039936,1944109056
1787071042866.300,2114043904,108789760,45105152,16039936,1944109056
1787071042872.586,2114043904,108789760,45105152,16039936,1944109056
1787071042877.641,2114043904,108789760,45105152,16039936,1944109056
1787071042883.924,2114043904,108789760,45105152,16039936,1944109056
1787071042889.664,2114043904,108789760,45105152,16039936,1944109056
1787071042895.947,2114043904,108789760,45105152,16039936,1944109056
1787071042902.224,2114043904,108789760,45105152,16039936,1944109056
1787071042908.509,2114043904,108789760,45105152,16039936,1944109056
1787071042914.786,2114043904,108789760,45105152,16039936,1944109056
1787071042921.066,2114043904,108789760,45105152,16039936,1944109056
1787071042927.233,2114043904,108789760,45105152,16039936,1944109056
1787071042933.517,2114043904,108789760,45105152,16039936,1944109056
1787071042939.794,2114043904,108789760,45105152,16039936,1944109056
1787071042946.070,2114043904,108789760,45105152,16039936,1944109056
1787071042951.785,2114043904,108789760,45105152,16039936,1944109056
1787071042958.064,2114043904,108789760,45105152,16039936,1944109056
1787071042964.340,2114043904,108789760,45105152,16039936,1944109056
1787071042970.616,2114043904,108789760,45105152,16039936,1944109056
1787071042976.939,2114043904,108789760,45105152,16039936,1944109056
1787071042982.688,2114043904,108789760,45105152,16039936,1944109056
1787071042988.964,2114043904,108789760,45105152,16039936,1944109056
1787071042994.327,2114043904,108789760,45105152,16039936,1944109056
1787071043000.603,2114043904,108789760,45105152,16039936,1944109056
1787071043006.332,2114043904,108789760,45105152,16039936,1944109056
1787071043012.609,2114043904,108789760,45105152,16039936,1944109056
1787071043018.886,2114043904,108789760,45105152,16039936,1944109056
1787071043025.160,2114043904,108789760,45105152,16039936,1944109056
1787071043031.329,2114043904,108789760,45105152,16039936,1944109056
1787071043037.608,2114043904,108789760,45105152,16039936,1944109056
1787071043043.889,2114043904,108789760,45105152,16039936,1944109056
1787071043050.170,2114043904,108789760,45105152,16039936,1944109056
1787071043056.331,2114043904,108789760,45105152,16039936,1944109056
1787071043062.625,2114043904,108789760,45105152,16039936,1944109056
1787071043068.910,2114043904,108789760,45105152,16039936,1944109056
1787071043075.193,2114043904,108789760,45105152,16039936,1944109056
1787071043081.469,2114043904,108789760,45105152,16039936,1944109056
1787071043087.744,2114043904,108789760,45105152,16039936,1944109056
1787071043094.020,2114043904,108789760,45105152,16039936,1944109056
1787071043100.297,2114043904,108789760,45105152,16039936,1944109056
1787071043106.573,2114043904,108789760,45105152,16039936,1944109056
1787071043112.846,2114043904,108789760,45105152,16039936,1944109056
1787071043119.121,2114043904,108789760,45105152,16039936,1944109056
1787071043125.396,2114043904,108789760,45105152,16039936,1944109056
1787071043131.672,2114043904,108789760,45105152,16039936,1944109056
1787071043137.960,2114043904,108789760,45105152,16039936,1944109056
1787071043143.888,2114043904,108789760,45105152,16039936,1944109056
1787071043150.176,2114043904,108789760,45105152,16039936,1944109056
1787071043156.452,2114043904,108789760,45105152,16039936,1944109056
1787071043162.581,2114043904,108789760,45105152,16039936,1944109056
1787071043168.857,2114043904,108789760,45105152,16039936,1944109056
1787071043175.134,2114043904,108789760,45105152,16039936,1944109056
1787071043181.330,2114043904,108789760,45105152,16039936,1944109056
1787071043187.609,2114043904,108789760,45105152,16039936,1944109056
1787071043193.058,2114043904,108789760,45105152,16039936,1944109056
1787071043199.335,2114043904,108789760,45105152,16039936,1944109056
1787071043205.609,2114043904,108789760,45105152,16039936,1944109056
1787071043210.927,2114043904,108789760,45105152,16039936,1944109056
1787071043217.204,2114043904,108789760,45105152,16039936,1944109056
1787071043223.480,2114043904,108789760,45105152,16039936,1944109056
1787071043229.756,2114043904,108789760,45105152,16039936,1944109056
1787071043236.033,2114043904,108789760,45105152,16039936,1944109056
1787071043242.310,2114043904,108789760,45105152,16039936,1944109056
1787071043248.588,2114043904,108789760,45105152,16039936,1944109056
1787071043254.861,2114043904,108789760,45105152,16039936,1944109056
1787071043261.136,2114043904,108789760,45105152,16039936,1944109056
1787071043267.411,2114043904,108789760,45105152,16039936,1944109056
1787071043273.688,2114043904,108789760,45105152,16039936,1944109056
1787071043279.961,2114043904,108789760,45105152,16039936,1944109056
1787071043286.236,2114043904,108789760,45105152,16039936,1944109056
1787071043292.509,2114043904,108789760,45105152,16039936,1944109056
1787071043298.782,2114043904,108789760,45105152,16039936,1944109056
1787071043305.061,2114043904,108789760,45105152,16039936,1944109056
1787071043311.343,2114043904,108789760,45105152,16039936,1944109056
1787071043317.624,2114043904,108789760,45105152,16039936,1944109056
1787071043323.906,2114043904,108789760,45105152,16039936,1944109056
1787071043330.185,2114043904,108789760,45105152,16039936,1944109056
1787071043336.460,2114043904,108789760,45105152,16039936,1944109056
1787071043342.737,2114043904,108789760,45105152,16039936,1944109056
1787071043349.060,2114043904,108789760,45105152,16039936,1944109056
1787071043355.336,2114043904,108789760,45105152,16039936,1944109056
1787071043361.612,2114043904,108789760,45105152,16039936,1944109056
1787071043367.888,2114043904,108789760,45105152,16039936,1944109056
1787071043374.164,2114043904,108789760,45105152,16039936,1944109056
1787071043380.439,2114043904,108789760,45105152,16039936,1944109056
1787071043386.716,2114043904,108789760,45105152,16039936,1944109056
1787071043392.991,2114043904,108789760,45105152,16039936,1944109056
1787071043399.267,2114043904,108789760,45105152,16039936,1944109056
1787071043405.541,2114043904,108789760,45105152,16039936,1944109056
1787071043411.826,2114043904,108789760,45105152,16039936,1944109056
1787071043418.104,2114043904,108789760,45105152,16039936,1944109056
1787071043424.381,2114043904,108789760,45105152,16039936,1944109056
1787071043430.657,2114043904,108789760,45105152,16039936,1944109056
1787071043436.934,2114043904,108789760,45105152,16039936,1944109056
1787071043443.208,2114043904,108789760,45105152,16039936,1944109056
1787071043449.485,2114043904,108789760,45105152,16039936,1944109056
1787071043455.760,2114043904,108789760,45105152,16039936,1944109056
1787071043462.036,2114043904,108789760,45105152,16039936,1944109056
1787071043468.318,2114043904,108789760,45105152,16039936,1944109056
1787071043474.007,2114043904,108789760,45105152,16039936,1944109056
1787071043480.286,2114043904,108789760,45105152,16039936,1944109056
1787071043486.564,2114043904,108789760,45105152,16039936,1944109056
1787071043492.840,2114043904,108789760,45105152,16039936,1944109056
1787071043499.114,2114043904,108789760,45105152,16039936,1944109056
1787071043505.389,2114043904,108789760,45105152,16039936,1944109056
1787071043511.666,2114043904,108789760,45105152,16039936,1944109056
1787071043517.942,2114043904,108789760,45105152,16039936,1944109056
1787071043524.218,2114043904,108789760,45105152,16039936,1944109056
1787071043530.492,2114043904,108789760,45105152,16039936,1944109056
1787071043536.768,2114043904,108789760,45105152,16039936,1944109056
1787071043543.042,2114043904,108789760,45105152,16039936,1944109056
1787071043549.319,2114043904,108789760,45105152,16039936,1944109056
1787071043555.596,2114043904,108789760,45105152,16039936,1944109056
1787071043561.869,2114043904,108789760,45105152,16039936,1944109056
1787071043568.144,2114043904,108789760,45105152,16039936,1944109056
1787071043574.419,2114043904,108789760,45105152,16039936,1944109056
1787071043580.695,2114043904,108789760,45105152,16039936,1944109056
1787071043586.973,2114043904,108789760,45105152,16039936,1944109056
1787071043593.250,2114043904,108789760,45105152,16039936,1944109056
1787071043599.527,2114043904,108789760,45105152,16039936,1944109056
1787071043605.803,2114043904,108789760,45105152,16039936,1944109056
1787071043612.079,2114043904,108789760,45105152,16039936,1944109056
1787071043618.355,2114043904,108789760,45105152,16039936,1944109056
1787071043624.631,2114043904,108789760,45105152,16039936,1944109056
1787071043630.918,2114043904,108789760,45105152,16039936,1944109056
1787071043637.205,2114043904,108789760,45105152,16039936,1944109056
1787071043643.491,2114043904,108789760,45105152,16039936,1944109056
1787071043649.769,2114043904,108789760,45105152,16039936,1944109056
1787071043656.058,2114043904,108789760,45105152,16039936,1944109056
1787071043661.985,2114043904,108789760,45105152,16039936,1944109056
1787071043667.797,2114043904,108789760,45105152,16039936,1944109056
1787071043672.988,2114043904,108789760,45105152,16039936,1944109056
1787071043679.267,2114043904,108789760,45105152,16039936,1944109056
1787071043685.489,2114043904,108789760,45105152,16039936,1944109056
1787071043691.765,2114043904,108789760,45105152,16039936,1944109056
1787071043698.042,2114043904,108789760,45105152,16039936,1944109056
1787071043704.328,2114043904,108789760,45105152,16039936,1944109056
1787071043710.613,2114043904,108789760,45105152,16039936,1944109056
1787071043716.891,2114043904,108789760,45105152,16039936,1944109056
1787071043723.167,2114043904,108789760,45105152,16039936,1944109056
1787071043729.519,2114043904,108789760,45105152,16039936,1944109056
1787071043735.559,2114043904,108789760,45105152,16039936,1944109056
1787071043741.835,2114043904,108789760,45105152,16039936,1944109056
1787071043748.112,2114043904,108789760,45105152,16039936,1944109056
1787071043754.401,2114043904,108789760,45105152,16039936,1944109056
1787071043760.559,2114043904,108789760,45105152,16039936,1944109056
1787071043766.844,2114043904,108789760,45105152,16039936,1944109056
1787071043772.335,2114043904,108789760,45105152,16039936,1944109056
1787071043777.588,2114043904,108789760,45105152,16039936,1944109056
1787071043783.865,2114043904,108789760,45105152,16039936,1944109056
1787071043789.655,2114043904,108789760,45105152,16039936,1944109056
1787071043795.930,2114043904,108789760,45105152,16039936,1944109056
1787071043802.156,2114043904,108789760,45105152,16039936,1944109056
1787071043808.438,2114043904,108789760,45105152,16039936,1944109056
1787071043814.284,2114043904,108789760,45105152,16039936,1944109056
1787071043820.558,2114043904,108789760,45105152,16039936,1944109056
1787071043826.214,2114043904,108789760,45105152,16039936,1944109056
1787071043832.491,2114043904,108789760,45105152,16039936,1944109056
1787071043838.771,2114043904,108789760,45105152,16039936,1944109056
1787071043843.883,2114043904,108789760,45105152,16039936,1944109056
1787071043850.157,2114043904,108789760,45105152,16039936,1944109056
1787071043856.325,2114043904,108789760,45105152,16039936,1944109056
1787071043862.600,2114043904,108789760,45105152,16039936,1944109056
1787071043868.820,2114043904,108789760,45105152,16039936,1944109056
1787071043875.096,2114043904,108789760,45105152,16039936,1944109056
1787071043881.369,2114043904,108789760,45105152,16039936,1944109056
1787071043887.649,2114043904,108789760,45105152,16039936,1944109056
1787071043893.927,2114043904,108789760,45105152,16039936,1944109056
1787071043900.203,2114043904,108789760,45105152,16039936,1944109056
1787071043906.323,2114043904,108789760,45105152,16039936,1944109056
1787071043912.603,2114043904,108789760,45105152,16039936,1944109056
1787071043918.880,2114043904,108789760,45105152,16039936,1944109056
1787071043925.157,2114043904,108789760,45105152,16039936,1944109056
1787071043931.432,2114043904,108789760,45105152,16039936,1944109056
1787071043937.708,2114043904,108789760,45105152,16039936,1944109056
1787071043943.983,2114043904,108789760,45105152,16039936,1944109056
1787071043950.256,2114043904,108789760,45105152,16039936,1944109056
1787071043956.532,2114043904,108789760,45105152,16039936,1944109056
1787071043962.807,2114043904,108789760,45105152,16039936,1944109056
1787071043969.083,2114043904,108789760,45105152,16039936,1944109056
1787071043975.358,2114043904,108789760,45105152,16039936,1944109056
1787071043981.634,2114043904,108789760,45105152,16039936,1944109056
1787071043987.909,2114043904,108789760,45105152,16039936,1944109056
1787071043994.184,2114043904,108789760,45105152,16039936,1944109056
1787071044000.457,2114043904,108789760,45105152,16039936,1944109056
1787071044006.733,2114043904,108789760,45105152,16039936,1944109056
1787071044013.017,2114043904,108789760,45105152,16039936,1944109056
1787071044019.296,2114043904,108789760,45105152,16039936,1944109056
1787071044025.581,2114043904,108789760,45105152,16039936,1944109056
1787071044031.860,2114043904,108789760,45105152,16039936,1944109056
1787071044038.138,2114043904,108789760,45105152,16039936,1944109056
1787071044044.418,2114043904,108789760,45105152,16039936,1944109056
1787071044050.705,2114043904,108789760,45105152,16039936,1944109056
1787071044056.984,2114043904,108789760,45105152,16039936,1944109056
1787071044063.268,2114043904,108789760,45105152,16039936,1944109056
1787071044069.479,2114043904,108789760,45105152,16039936,1944109056
1787071044075.757,2114043904,108789760,45105152,16039936,1944109056
1787071044082.041,2113748992,108789760,45105152,16039936,1943814144
1787071044088.318,2113748992,108789760,45105152,16039936,1943814144
1787071044094.263,2113748992,108789760,45105152,16039936,1943814144
1787071044100.595,2113748992,108789760,45105152,16039936,1943814144
1787071044106.873,2113748992,108789760,45105152,16039936,1943814144
1787071044113.150,2113748992,108789760,45105152,16039936,1943814144
1787071044119.426,2113748992,108789760,45105152,16039936,1943814144
1787071044125.700,2113748992,108789760,45105152,16039936,1943814144
1787071044131.977,2113748992,108789760,45105152,16039936,1943814144
1787071044138.250,2113748992,108789760,45105152,16039936,1943814144
1787071044144.527,2113748992,108789760,45105152,16039936,1943814144
1787071044150.802,2113748992,108789760,45105152,16039936,1943814144
1787071044157.078,2113748992,108789760,45105152,16039936,1943814144
1787071044163.352,2113748992,108789760,45105152,16039936,1943814144
1787071044169.630,2113748992,108789760,45105152,16039936,1943814144
1787071044175.905,2113748992,108789760,45105152,16039936,1943814144
1787071044182.187,2113748992,108789760,45105152,16039936,1943814144
1787071044188.415,2113748992,108789760,45105152,16039936,1943814144
1787071044194.698,2113748992,108789760,45105152,16039936,1943814144
1787071044200.981,2113748992,108789760,45105152,16039936,1943814144
1787071044207.259,2113748992,108789760,45105152,16039936,1943814144
1787071044213.532,2113748992,108789760,45105152,16039936,1943814144
1787071044219.808,2113748992,108789760,45105152,16039936,1943814144
1787071044226.082,2113748992,108789760,45105152,16039936,1943814144
1787071044232.358,2113748992,108789760,45105152,16039936,1943814144
1787071044238.346,2113748992,108789760,45105152,16039936,1943814144
1787071044244.624,2113748992,108789760,45105152,16039936,1943814144
1787071044250.906,2113748992,108789760,45105152,16039936,1943814144
1787071044256.316,2113748992,108789760,45105152,16039936,1943814144
1787071044262.602,2113748992,108789760,45105152,16039936,1943814144
1787071044268.833,2113748992,108789760,45105152,16039936,1943814144
1787071044275.108,2113748992,108789760,45105152,16039936,1943814144
1787071044281.315,2113748992,108789760,45105152,16039936,1943814144
1787071044287.599,2113748992,108789760,45105152,16039936,1943814144
1787071044293.877,2113748992,108789760,45105152,16039936,1943814144
1787071044300.151,2113748992,108789760,45105152,16039936,1943814144
1787071044306.426,2113748992,108789760,45105152,16039936,1943814144
1787071044312.178,2113748992,108789760,45105152,16039936,1943814144
1787071044318.456,2113748992,108789760,45105152,16039936,1943814144
1787071044324.733,2113748992,108789760,45105152,16039936,1943814144
1787071044331.019,2113748992,108789760,45105152,16039936,1943814144
1787071044337.294,2113748992,108789760,45105152,16039936,1943814144
1787071044342.329,2113748992,108789760,45105152,16039936,1943814144
1787071044348.069,2113748992,108789760,45105152,16039936,1943814144
1787071044354.345,2113748992,108789760,45105152,16039936,1943814144
1787071044360.620,2113748992,108789760,45105152,16039936,1943814144
1787071044366.894,2113748992,108789760,45105152,16039936,1943814144
1787071044373.169,2113748992,108789760,45105152,16039936,1943814144
1787071044379.443,2113748992,108789760,45105152,16039936,1943814144
1787071044385.556,2113748992,108789760,45105152,16039936,1943814144
1787071044391.833,2113748992,108789760,45105152,16039936,1943814144
1787071044398.109,2113748992,108789760,45105152,16039936,1943814144
1787071044404.214,2113748992,108789760,45105152,16039936,1943814144
1787071044410.497,2113748992,108789760,45105152,16039936,1943814144
1787071044416.772,2113748992,108789760,45105152,16039936,1943814144
1787071044422.985,2113748992,108789760,45105152,16039936,1943814144
1787071044429.264,2113748992,108789760,45105152,16039936,1943814144
1787071044435.538,2113748992,108789760,45105152,16039936,1943814144
1787071044441.819,2113748992,108789760,45105152,16039936,1943814144
1787071044448.109,2113748992,108789760,45105152,16039936,1943814144
1787071044454.384,2113748992,108789760,45105152,16039936,1943814144
1787071044460.668,2113748992,108789760,45105152,16039936,1943814144
1787071044466.950,2113748992,108789760,45105152,16039936,1943814144
1787071044473.273,2113748992,108789760,45105152,16039936,1943814144
1787071044479.549,2113748992,108789760,45105152,16039936,1943814144
1787071044485.826,2113748992,108789760,45105152,16039936,1943814144
1787071044492.103,2113748992,108789760,45105152,16039936,1943814144
1787071044498.380,2113748992,108789760,45105152,16039936,1943814144
1787071044504.652,2113748992,108789760,45105152,16039936,1943814144
1787071044510.915,2113748992,108789760,45105152,16039936,1943814144
1787071044517.193,2113748992,108789760,45105152,16039936,1943814144
1787071044523.491,2113748992,108789760,45105152,16039936,1943814144
1787071044529.774,2113748992,108789760,45105152,16039936,1943814144
1787071044535.913,2113748992,108789760,45105152,16039936,1943814144
1787071044541.184,2113748992,108789760,45105152,16039936,1943814144
1787071044547.460,2113748992,108789760,45105152,16039936,1943814144
1787071044552.578,2113748992,108789760,45105152,16039936,1943814144
1787071044558.868,2113748992,108789760,45105152,16039936,1943814144
1787071044564.646,2113748992,108789760,45105152,16039936,1943814144
1787071044570.927,2113748992,108789760,45105152,16039936,1943814144
1787071044577.201,2113748992,108789760,45105152,16039936,1943814144
1787071044583.475,2113748992,108789760,45105152,16039936,1943814144
1787071044589.649,2113748992,108789760,45105152,16039936,1943814144
1787071044595.929,2113748992,108789760,45105152,16039936,1943814144
1787071044602.161,2113748992,108789760,45105152,16039936,1943814144
1787071044607.474,2113748992,108789760,45105152,16039936,1943814144
1787071044612.983,2113748992,108789760,45105152,16039936,1943814144
1787071044619.259,2113748992,108789760,45105152,16039936,1943814144
1787071044625.535,2113748992,108789760,45105152,16039936,1943814144
1787071044631.312,2113748992,108789760,45105152,16039936,1943814144
1787071044637.591,2113748992,108789760,45105152,16039936,1943814144
1787071044643.871,2113748992,108789760,45105152,16039936,1943814144
1787071044649.323,2113748992,108789760,45105152,16039936,1943814144
1787071044655.599,2113748992,108789760,45105152,16039936,1943814144
1787071044661.873,2113748992,108789760,45105152,16039936,1943814144
1787071044668.146,2113748992,108789760,45105152,16039936,1943814144
1787071044674.426,2113748992,108789760,45105152,16039936,1943814144
1787071044680.702,2113748992,108789760,45105152,16039936,1943814144
1787071044686.977,2113748992,108789760,45105152,16039936,1943814144
1787071044693.255,2113748992,108789760,45105152,16039936,1943814144
1787071044699.531,2113748992,108789760,45105152,16039936,1943814144
1787071044705.805,2113748992,108789760,45105152,16039936,1943814144
1787071044711.993,2113748992,108789760,45105152,16039936,1943814144
1787071044718.271,2113748992,108789760,45105152,16039936,1943814144
1787071044724.547,2113748992,108789760,45105152,16039936,1943814144
1787071044730.820,2113748992,108789760,45105152,16039936,1943814144
1787071044737.095,2113748992,108789760,45105152,16039936,1943814144
1787071044743.368,2113748992,108789760,45105152,16039936,1943814144
1787071044749.651,2113748992,108789760,45105152,16039936,1943814144
1787071044755.931,2113748992,108789760,45105152,16039936,1943814144
1787071044762.207,2113748992,108789760,45105152,16039936,1943814144
1787071044768.489,2113748992,108789760,45105152,16039936,1943814144
1787071044774.767,2113748992,108789760,45105152,16039936,1943814144
1787071044780.383,2113748992,108789760,45105152,16039936,1943814144
1787071044785.484,2113748992,108789760,45105152,16039936,1943814144
1787071044791.761,2113748992,108789760,45105152,16039936,1943814144
1787071044797.979,2113748992,108789760,45105152,16039936,1943814144
1787071044804.254,2113748992,108789760,45105152,16039936,1943814144
1787071044810.526,2113748992,108789760,45105152,16039936,1943814144
1787071044816.808,2113748992,108789760,45105152,16039936,1943814144
1787071044823.084,2113748992,108789760,45105152,16039936,1943814144
1787071044829.210,2113748992,108789760,45105152,16039936,1943814144
1787071044835.491,2113748992,108789760,45105152,16039936,1943814144
1787071044841.807,2113748992,108789760,45105152,16039936,1943814144
1787071044848.083,2113748992,108789760,45105152,16039936,1943814144
1787071044854.361,2113748992,108789760,45105152,16039936,1943814144
1787071044860.637,2113748992,108789760,45105152,16039936,1943814144
1787071044866.911,2113748992,108789760,45105152,16039936,1943814144
1787071044873.191,2113748992,108789760,45105152,16039936,1943814144
1787071044879.475,2113748992,108789760,45105152,16039936,1943814144
1787071044885.753,2113748992,108789760,45105152,16039936,1943814144
1787071044892.029,2113748992,108789760,45105152,16039936,1943814144
1787071044898.308,2113748992,108789760,45105152,16039936,1943814144
1787071044904.583,2113748992,108789760,45105152,16039936,1943814144
1787071044910.478,2113748992,108789760,45105152,16039936,1943814144
1787071044916.764,2113748992,108789760,45105152,16039936,1943814144
1787071044923.041,2113748992,108789760,45105152,16039936,1943814144
1787071044929.319,2113748992,108789760,45105152,16039936,1943814144
1787071044935.286,2113748992,108789760,45105152,16039936,1943814144
1787071044941.565,2113748992,108789760,45105152,16039936,1943814144
1787071044947.840,2113748992,108789760,45105152,16039936,1943814144
1787071044954.117,2113748992,108789760,45105152,16039936,1943814144
1787071044960.391,2113748992,108789760,45105152,16039936,1943814144
1787071044966.674,2113748992,108789760,45105152,16039936,1943814144
1787071044972.949,2113748992,108789760,45105152,16039936,1943814144
1787071044979.229,2113748992,108789760,45105152,16039936,1943814144
1787071044985.502,2113748992,108789760,45105152,16039936,1943814144
1787071044991.778,2113748992,108789760,45105152,16039936,1943814144
1787071044998.051,2113748992,108789760,45105152,16039936,1943814144
1787071045004.327,2113748992,108789760,45105152,16039936,1943814144
1787071045010.602,2113748992,108789760,45105152,16039936,1943814144
1787071045016.879,2113748992,108789760,45105152,16039936,1943814144
1787071045023.154,2113748992,108789760,45105152,16039936,1943814144
1787071045029.429,2113748992,108789760,45105152,16039936,1943814144
1787071045035.582,2113748992,108789760,45105152,16039936,1943814144
1787071045041.865,2113748992,108789760,45105152,16039936,1943814144
1787071045047.975,2113748992,108789760,45105152,16039936,1943814144
1787071045054.253,2113748992,108789760,45105152,16039936,1943814144
1787071045060.534,2113748992,108789760,45105152,16039936,1943814144
1787071045065.934,2113748992,108789760,45105152,16039936,1943814144
1787071045072.212,2113748992,108789760,45105152,16039936,1943814144
1787071045077.783,2113748992,108789760,45105152,16039936,1943814144
1787071045084.060,2113748992,108789760,45105152,16039936,1943814144
1787071045089.641,2113748992,108789760,45105152,16039936,1943814144
1787071045095.730,2113748992,108789760,45105152,16039936,1943814144
1787071045101.213,2113748992,108789760,45105152,16039936,1943814144
1787071045107.492,2113748992,108789760,45105152,16039936,1943814144
1787071045113.783,2113748992,108789760,45105152,16039936,1943814144
1787071045119.461,2113748992,108789760,45105152,16039936,1943814144
1787071045125.738,2113748992,108789760,45105152,16039936,1943814144
1787071045132.013,2113748992,108789760,45105152,16039936,1943814144
1787071045137.300,2113748992,108789760,45105152,16039936,1943814144
1787071045143.579,2113748992,108789760,45105152,16039936,1943814144
1787071045149.856,2113748992,108789760,45105152,16039936,1943814144
1787071045156.132,2113748992,108789760,45105152,16039936,1943814144
1787071045162.386,2113748992,108789760,45105152,16039936,1943814144
1787071045168.669,2113748992,108789760,45105152,16039936,1943814144
1787071045174.950,2113748992,108789760,45105152,16039936,1943814144
1787071045181.223,2113748992,108789760,45105152,16039936,1943814144
1787071045187.497,2113748992,108789760,45105152,16039936,1943814144
1787071045193.771,2113748992,108789760,45105152,16039936,1943814144
1787071045200.043,2113748992,108789760,45105152,16039936,1943814144
1787071045206.311,2113748992,108789760,45105152,16039936,1943814144
1787071045212.588,2113748992,108789760,45105152,16039936,1943814144
1787071045218.810,2113748992,108789760,45105152,16039936,1943814144
1787071045225.084,2113748992,108789760,45105152,16039936,1943814144
1787071045231.357,2113748992,108789760,45105152,16039936,1943814144
1787071045237.633,2113748992,108789760,45105152,16039936,1943814144
1787071045243.816,2113748992,108789760,45105152,16039936,1943814144
1787071045249.518,2113748992,108789760,45105152,16039936,1943814144
1787071045255.493,2113748992,108789760,45105152,16039936,1943814144
1787071045261.769,2113748992,108789760,45105152,16039936,1943814144
1787071045268.042,2113748992,108789760,45105152,16039936,1943814144
1787071045274.318,2113748992,108789760,45105152,16039936,1943814144
1787071045280.592,2113748992,108789760,45105152,16039936,1943814144
1787071045286.871,2113748992,108789760,45105152,16039936,1943814144
1787071045293.149,2113748992,108789760,45105152,16039936,1943814144
1787071045299.423,2113748992,108789760,45105152,16039936,1943814144
1787071045305.699,2113748992,108789760,45105152,16039936,1943814144
1787071045311.979,2113748992,108789760,45105152,16039936,1943814144
1787071045318.255,2113748992,108789760,45105152,16039936,1943814144
1787071045324.531,2113748992,108789760,45105152,16039936,1943814144
1787071045330.806,2113748992,108789760,45105152,16039936,1943814144
1787071045337.082,2113748992,108789760,45105152,16039936,1943814144
1787071045343.354,2113748992,108789760,45105152,16039936,1943814144
1787071045349.630,2113748992,108789760,45105152,16039936,1943814144
1787071045355.445,2113748992,108789760,45105152,16039936,1943814144
1787071045361.720,2113748992,108789760,45105152,16039936,1943814144
1787071045367.993,2113748992,108789760,45105152,16039936,1943814144
1787071045374.271,2113748992,108789760,45105152,16039936,1943814144
1787071045380.545,2113748992,108789760,45105152,16039936,1943814144
1787071045385.970,2113748992,108789760,45105152,16039936,1943814144
1787071045392.246,2113748992,108789760,45105152,16039936,1943814144
1787071045397.972,2113748992,108789760,45105152,16039936,1943814144
1787071045404.248,2113748992,108789760,45105152,16039936,1943814144
1787071045410.481,2113748992,108789760,45105152,16039936,1943814144
1787071045416.760,2113748992,108789760,45105152,16039936,1943814144
1787071045423.036,2113748992,108789760,45105152,16039936,1943814144
1787071045429.310,2113748992,108789760,45105152,16039936,1943814144
1787071045435.585,2113748992,108789760,45105152,16039936,1943814144
1787071045441.866,2113748992,108789760,45105152,16039936,1943814144
1787071045447.981,2113748992,108789760,45105152,16039936,1943814144
1787071045453.632,2113748992,108789760,45105152,16039936,1943814144
1787071045459.908,2113748992,108789760,45105152,16039936,1943814144
