epoch_ms,aggregate_rss_bytes,pid_95982,pid_95984,pid_95985,pid_95986
1787071421444.826,221937664,109248512,37928960,15826944,58933248
1787071421451.093,221937664,109248512,37928960,15826944,58933248
1787071421457.354,221937664,109248512,37928960,15826944,58933248
1787071421462.936,221937664,109248512,37928960,15826944,58933248
1787071421469.218,221937664,109248512,37928960,15826944,58933248
1787071421475.493,221937664,109248512,37928960,15826944,58933248
1787071421481.770,221937664,109248512,37928960,15826944,58933248
1787071421488.045,221937664,109248512,37928960,15826944,58933248
1787071421494.320,221937664,109248512,37928960,15826944,58933248
1787071421500.598,221937664,109248512,37928960,15826944,58933248
1787071421506.871,221937664,109248512,37928960,15826944,58933248
1787071421513.148,221937664,109248512,37928960,15826944,58933248
1787071421519.422,221937664,109248512,37928960,15826944,58933248
1787071421525.699,221937664,109248512,37928960,15826944,58933248
1787071421531.975,221937664,109248512,37928960,15826944,58933248
1787071421538.252,221937664,109248512,37928960,15826944,58933248
1787071421544.525,221937664,109248512,37928960,15826944,58933248
1787071421550.801,221937664,109248512,37928960,15826944,58933248
1787071421557.073,221937664,109248512,37928960,15826944,58933248
1787071421562.155,221937664,109248512,37928960,15826944,58933248
1787071421568.430,221937664,109248512,37928960,15826944,58933248
1787071421574.703,221937664,109248512,37928960,15826944,58933248
1787071421580.968,221937664,109248512,37928960,15826944,58933248
1787071421587.242,221937664,109248512,37928960,15826944,58933248
1787071421593.519,221937664,109248512,37928960,15826944,58933248
1787071421599.796,221937664,109248512,37928960,15826944,58933248
1787071421606.071,221937664,109248512,37928960,15826944,58933248
1787071421612.363,221937664,109248512,37928960,15826944,58933248
1787071421618.642,221937664,109248512,37928960,15826944,58933248
1787071421624.821,221937664,109248512,37928960,15826944,58933248
1787071421631.094,221937664,109248512,37928960,15826944,58933248
1787071421636.357,221937664,109248512,37928960,15826944,58933248
1787071421642.635,221937664,109248512,37928960,15826944,58933248
1787071421648.581,221937664,109248512,37928960,15826944,58933248
1787071421654.862,221937664,109248512,37928960,15826944,58933248
1787071421661.142,221937664,109248512,37928960,15826944,58933248
1787071421667.167,221937664,109248512,37928960,15826944,58933248
1787071421672.505,221937664,109248512,37928960,15826944,58933248
1787071421678.774,221937664,109248512,37928960,15826944,58933248
1787071421685.045,221937664,109248512,37928960,15826944,58933248
1787071421690.727,221937664,109248512,37928960,15826944,58933248
1787071421696.705,221937664,109248512,37928960,15826944,58933248
1787071421702.981,221937664,109248512,37928960,15826944,58933248
1787071421709.259,221937664,109248512,37928960,15826944,58933248
1787071421715.531,221937664,109248512,37928960,15826944,58933248
1787071421721.812,221937664,109248512,37928960,15826944,58933248
1787071421728.077,221937664,109248512,37928960,15826944,58933248
1787071421734.342,221937664,109248512,37928960,15826944,58933248
1787071421740.607,221937664,109248512,37928960,15826944,58933248
1787071421746.873,221937664,109248512,37928960,15826944,58933248
1787071421753.134,221937664,109248512,37928960,15826944,58933248
1787071421759.403,221937664,109248512,37928960,15826944,58933248
1787071421765.667,221937664,109248512,37928960,15826944,58933248
1787071421771.933,221937664,109248512,37928960,15826944,58933248
1787071421778.196,221937664,109248512,37928960,15826944,58933248
1787071421784.457,221937664,109248512,37928960,15826944,58933248
1787071421790.727,221937664,109248512,37928960,15826944,58933248
1787071421797.004,221937664,109248512,37928960,15826944,58933248
1787071421803.278,221937664,109248512,37928960,15826944,58933248
1787071421809.553,221937664,109248512,37928960,15826944,58933248
1787071421815.817,221937664,109248512,37928960,15826944,58933248
1787071421822.082,221937664,109248512,37928960,15826944,58933248
1787071421828.403,221937664,109248512,37928960,15826944,58933248
1787071421834.681,221937664,109248512,37928960,15826944,58933248
1787071421840.955,222052352,109363200,37928960,15826944,58933248
1787071421847.226,222183424,109395968,37928960,15826944,59031552
1787071421853.494,222183424,109395968,37928960,15826944,59031552
1787071421859.760,222281728,109395968,37928960,15826944,59129856
1787071421866.025,222691328,109395968,37928960,15826944,59539456
1787071421872.290,222724096,109395968,37928960,15826944,59572224
1787071421878.552,222724096,109395968,37928960,15826944,59572224
1787071421883.646,222724096,109395968,37928960,15826944,59572224
1787071421889.910,222724096,109395968,37928960,15826944,59572224
1787071421896.169,222724096,109395968,37928960,15826944,59572224
1787071421902.426,222724096,109395968,37928960,15826944,59572224
1787071421908.685,222724096,109395968,37928960,15826944,59572224
1787071421914.943,223477760,109395968,37928960,15859712,60293120
1787071421921.215,228818944,109395968,38256640,15859712,65306624
1787071421927.490,231211008,109445120,38649856,15859712,67256320
1787071421933.143,231309312,109445120,38649856,15859712,67354624
1787071421939.407,231342080,109445120,38649856,15859712,67387392
1787071421945.670,231391232,109445120,38649856,15859712,67436544
1787071421951.935,231391232,109445120,38649856,15859712,67436544
1787071421958.212,231424000,109445120,38649856,15859712,67469312
1787071421964.484,231424000,109445120,38649856,15859712,67469312
1787071421970.762,231424000,109445120,38649856,15859712,67469312
1787071421977.026,231473152,109445120,38649856,15859712,67518464
1787071421983.303,238632960,109445120,38649856,15859712,74678272
1787071421989.241,248152064,109445120,38649856,15859712,84197376
1787071421995.516,254525440,109445120,38649856,15859712,90570752
1787071422001.798,264339456,109445120,38649856,15859712,100384768
1787071422008.073,285753344,109445120,38649856,15859712,121798656
1787071422014.350,305971200,109445120,38649856,15859712,142016512
1787071422020.618,306036736,109445120,38699008,15859712,142032896
1787071422026.894,306380800,109445120,38699008,15859712,142376960
1787071422033.166,308346880,109445120,38699008,15859712,144343040
1787071422039.439,309395456,109445120,38699008,15859712,145391616
1787071422045.706,309673984,109445120,38699008,15859712,145670144
1787071422051.975,309690368,109445120,38699008,15859712,145686528
1787071422058.255,309821440,109445120,38699008,15859712,145817600
1787071422064.536,309837824,109445120,38699008,15859712,145833984
1787071422070.810,309854208,109445120,38699008,15859712,145850368
1787071422077.088,309854208,109445120,38699008,15859712,145850368
1787071422083.357,309870592,109445120,38699008,15859712,145866752
1787071422089.627,309870592,109445120,38699008,15859712,145866752
1787071422095.901,309870592,109445120,38699008,15859712,145866752
1787071422102.175,309870592,109445120,38699008,15859712,145866752
1787071422108.448,309870592,109445120,38699008,15859712,145866752
1787071422114.724,309870592,109445120,38699008,15859712,145866752
1787071422121.003,309870592,109445120,38699008,15859712,145866752
1787071422127.285,309968896,109445120,38699008,15859712,145965056
1787071422133.561,309985280,109445120,38699008,15859712,145981440
1787071422139.838,309985280,109445120,38699008,15859712,145981440
1787071422145.402,309985280,109445120,38699008,15859712,145981440
1787071422151.680,309985280,109445120,38699008,15859712,145981440
1787071422157.951,309985280,109445120,38699008,15859712,145981440
1787071422164.226,309985280,109445120,38699008,15859712,145981440
1787071422170.499,309985280,109445120,38699008,15859712,145981440
1787071422176.774,310034432,109445120,38699008,15859712,146030592
1787071422183.047,310034432,109445120,38699008,15859712,146030592
1787071422188.996,310034432,109445120,38699008,15859712,146030592
1787071422195.272,310050816,109445120,38699008,15859712,146046976
1787071422201.039,310050816,109445120,38699008,15859712,146046976
1787071422207.313,310050816,109445120,38699008,15859712,146046976
1787071422212.821,310050816,109445120,38699008,15859712,146046976
1787071422219.181,310050816,109445120,38699008,15859712,146046976
1787071422225.456,310067200,109445120,38699008,15859712,146063360
1787071422231.736,310067200,109445120,38699008,15859712,146063360
1787071422238.011,310067200,109445120,38699008,15859712,146063360
1787071422244.286,310067200,109445120,38699008,15859712,146063360
1787071422250.563,310067200,109445120,38699008,15859712,146063360
1787071422256.841,310067200,109445120,38699008,15859712,146063360
1787071422263.118,310067200,109445120,38699008,15859712,146063360
1787071422269.393,310067200,109445120,38699008,15859712,146063360
1787071422275.675,310067200,109445120,38699008,15859712,146063360
1787071422281.955,310099968,109445120,38699008,15859712,146096128
1787071422288.235,310099968,109445120,38699008,15859712,146096128
1787071422294.509,310099968,109445120,38699008,15859712,146096128
1787071422300.787,310099968,109445120,38699008,15859712,146096128
1787071422307.063,310099968,109445120,38699008,15859712,146096128
1787071422313.342,310099968,109445120,38699008,15859712,146096128
1787071422319.618,310099968,109445120,38699008,15859712,146096128
1787071422325.892,310116352,109445120,38699008,15859712,146112512
1787071422332.176,310116352,109445120,38699008,15859712,146112512
1787071422337.552,310116352,109445120,38699008,15859712,146112512
1787071422342.725,310116352,109445120,38699008,15859712,146112512
1787071422349.016,310018048,109346816,38699008,15859712,146112512
1787071422355.296,310018048,109346816,38699008,15859712,146112512
1787071422361.575,310018048,109346816,38699008,15859712,146112512
1787071422367.860,310018048,109346816,38699008,15859712,146112512
1787071422374.148,310034432,109363200,38699008,15859712,146112512
1787071422380.437,310018048,109346816,38699008,15859712,146112512
1787071422385.581,310018048,109346816,38699008,15859712,146112512
1787071422391.857,310018048,109346816,38699008,15859712,146112512
1787071422398.126,310018048,109346816,38699008,15859712,146112512
1787071422404.396,310018048,109346816,38699008,15859712,146112512
1787071422410.674,310018048,109346816,38699008,15859712,146112512
1787071422416.955,316014592,109346816,38699008,15859712,152109056
1787071422423.234,319504384,109346816,38699008,15859712,155598848
1787071422429.512,323223552,109346816,38699008,15859712,159318016
1787071422435.790,327548928,109346816,38699008,15859712,163643392
1787071422442.063,327598080,109346816,38715392,15859712,163676160
1787071422447.567,327598080,109346816,38715392,15859712,163676160
1787071422453.854,334036992,109346816,38715392,15859712,170115072
1787071422459.573,334036992,109346816,38715392,15859712,170115072
1787071422465.856,334036992,109346816,38715392,15859712,170115072
1787071422472.147,334053376,109346816,38715392,15859712,170131456
1787071422478.479,335855616,109346816,39862272,15859712,170786816
1787071422484.744,336461824,109379584,40402944,15859712,170819584
1787071422491.019,336461824,109379584,40402944,15859712,170819584
1787071422497.093,336461824,109379584,40402944,15859712,170819584
1787071422503.381,336461824,109379584,40402944,15859712,170819584
1787071422509.667,336363520,109281280,40402944,15859712,170819584
1787071422515.951,336363520,109281280,40402944,15859712,170819584
1787071422521.860,336363520,109281280,40402944,15859712,170819584
1787071422528.134,336379904,109281280,40402944,15859712,170835968
1787071422534.408,336379904,109281280,40402944,15859712,170835968
1787071422540.682,336379904,109281280,40402944,15859712,170835968
1787071422545.757,336379904,109281280,40402944,15859712,170835968
1787071422551.978,336379904,109281280,40402944,15859712,170835968
1787071422558.258,336379904,109281280,40402944,15859712,170835968
1787071422564.416,336379904,109281280,40402944,15859712,170835968
1787071422570.689,336396288,109281280,40402944,15876096,170835968
1787071422576.953,336330752,109281280,40402944,15810560,170835968
1787071422583.214,336330752,109281280,40402944,15810560,170835968
1787071422589.473,336330752,109281280,40402944,15810560,170835968
1787071422594.791,336330752,109281280,40402944,15810560,170835968
1787071422601.075,336330752,109281280,40402944,15810560,170835968
1787071422607.337,336330752,109281280,40402944,15810560,170835968
1787071422613.602,336330752,109281280,40402944,15810560,170835968
1787071422619.872,336330752,109281280,40402944,15810560,170835968
1787071422626.144,336330752,109281280,40402944,15810560,170835968
1787071422632.407,336330752,109281280,40402944,15810560,170835968
1787071422638.674,336330752,109281280,40402944,15810560,170835968
1787071422644.840,336330752,109281280,40402944,15810560,170835968
1787071422651.116,336330752,109281280,40402944,15810560,170835968
1787071422657.389,336330752,109281280,40402944,15810560,170835968
1787071422663.658,336330752,109281280,40402944,15810560,170835968
1787071422669.924,336330752,109281280,40402944,15810560,170835968
1787071422676.190,336330752,109281280,40402944,15810560,170835968
1787071422682.445,336330752,109281280,40402944,15810560,170835968
1787071422688.711,336330752,109281280,40402944,15810560,170835968
1787071422694.975,336330752,109281280,40402944,15810560,170835968
1787071422701.240,336330752,109281280,40402944,15810560,170835968
1787071422707.510,336330752,109281280,40402944,15810560,170835968
1787071422713.768,336330752,109281280,40402944,15810560,170835968
1787071422720.030,336347136,109281280,40402944,15810560,170852352
1787071422726.295,338198528,109281280,40976384,15810560,172130304
1787071422732.568,338788352,109297664,41549824,15810560,172130304
1787071422738.830,338788352,109297664,41549824,15810560,172130304
1787071422744.913,338837504,109297664,41549824,15810560,172179456
1787071422751.171,338919424,109297664,41631744,15810560,172179456
1787071422757.438,338919424,109297664,41631744,15810560,172179456
1787071422763.712,338919424,109297664,41631744,15810560,172179456
1787071422769.990,338919424,109297664,41631744,15810560,172179456
1787071422776.266,338919424,109297664,41631744,15810560,172179456
1787071422782.546,338919424,109297664,41631744,15810560,172179456
1787071422788.823,338919424,109297664,41631744,15810560,172179456
1787071422794.959,344227840,109297664,41631744,15810560,177487872
1787071422801.219,344604672,109297664,41631744,15810560,177864704
1787071422807.486,344604672,109297664,41631744,15810560,177864704
1787071422813.756,344604672,109297664,41631744,15810560,177864704
1787071422819.927,345980928,109297664,41631744,15810560,179240960
1787071422826.216,347226112,109297664,42254336,15810560,179863552
1787071422832.508,347340800,109297664,42254336,15810560,179978240
1787071422837.713,347340800,109297664,42254336,15810560,179978240
1787071422844.012,347340800,109297664,42254336,15810560,179978240
1787071422850.297,347340800,109297664,42254336,15810560,179978240
1787071422856.575,347340800,109297664,42254336,15810560,179978240
1787071422862.853,347340800,109297664,42254336,15810560,179978240
1787071422869.137,347357184,109314048,42254336,15810560,179978240
1787071422875.302,347357184,109314048,42254336,15810560,179978240
1787071422880.400,347357184,109314048,42254336,15810560,179978240
1787071422886.684,347357184,109314048,42254336,15810560,179978240
1787071422892.302,347357184,109314048,42254336,15810560,179978240
1787071422898.028,347357184,109314048,42254336,15810560,179978240
1787071422904.311,347357184,109314048,42254336,15810560,179978240
1787071422910.588,347357184,109314048,42254336,15810560,179978240
1787071422916.043,347357184,109314048,42254336,15810560,179978240
1787071422922.326,347357184,109314048,42254336,15810560,179978240
1787071422928.609,347357184,109314048,42254336,15810560,179978240
1787071422934.897,347488256,109314048,42385408,15810560,179978240
1787071422941.193,347815936,109314048,42385408,15810560,180305920
1787071422947.482,347865088,109314048,42434560,15810560,180305920
1787071422953.776,347865088,109314048,42434560,15810560,180305920
1787071422960.065,347865088,109314048,42434560,15810560,180305920
1787071422966.350,347865088,109314048,42434560,15810560,180305920
1787071422972.630,347865088,109314048,42434560,15810560,180305920
1787071422978.909,347865088,109314048,42434560,15810560,180305920
1787071422985.256,347865088,109314048,42434560,15810560,180305920
1787071422991.540,347865088,109314048,42434560,15810560,180305920
1787071422997.820,347865088,109314048,42434560,15810560,180305920
1787071423004.101,347865088,109314048,42434560,15810560,180305920
1787071423010.380,347865088,109314048,42434560,15810560,180305920
1787071423016.672,347865088,109314048,42434560,15810560,180305920
1787071423022.955,347881472,109314048,42434560,15810560,180322304
1787071423029.233,347881472,109314048,42434560,15810560,180322304
1787071423035.514,348438528,109314048,42467328,15810560,180846592
1787071423041.787,348438528,109314048,42467328,15810560,180846592
1787071423048.056,348487680,109314048,42516480,15810560,180846592
1787071423054.335,348487680,109314048,42516480,15810560,180846592
1787071423060.613,348487680,109314048,42516480,15810560,180846592
1787071423066.896,348504064,109314048,42516480,15810560,180862976
1787071423073.178,348504064,109314048,42516480,15810560,180862976
1787071423079.462,348504064,109314048,42516480,15810560,180862976
1787071423085.743,348667904,109314048,42516480,15810560,181026816
1787071423092.020,348798976,109314048,42516480,15810560,181157888
1787071423098.297,348897280,109314048,42516480,15810560,181256192
1787071423104.582,348930048,109314048,42516480,15810560,181288960
1787071423110.875,349061120,109314048,42516480,15810560,181420032
1787071423117.165,349192192,109314048,42516480,15810560,181551104
1787071423123.452,349323264,109314048,42516480,15810560,181682176
1787071423128.840,349323264,109314048,42516480,15810560,181682176
1787071423133.947,349814784,109314048,42549248,15810560,182140928
1787071423139.892,350240768,109314048,43139072,15810560,181977088
1787071423146.178,350306304,109314048,43139072,15810560,182042624
1787071423152.455,350371840,109314048,43139072,15810560,182108160
1787071423158.737,350502912,109314048,43139072,15810560,182239232
1787071423165.020,350699520,109314048,43139072,15810560,182435840
1787071423171.307,350830592,109314048,43139072,15810560,182566912
1787071423177.589,350961664,109314048,43139072,15810560,182697984
1787071423183.870,350961664,109314048,43139072,15810560,182697984
1787071423189.933,351092736,109314048,43139072,15810560,182829056
1787071423196.212,351223808,109314048,43139072,15810560,182960128
1787071423202.488,351354880,109314048,43139072,15810560,183091200
1787071423208.761,351387648,109330432,43139072,15810560,183107584
1787071423215.041,351485952,109314048,43139072,15810560,183222272
1787071423220.665,351617024,109314048,43139072,15810560,183353344
1787071423226.227,351748096,109314048,43139072,15810560,183484416
1787071423232.501,351764480,109314048,43139072,15810560,183500800
1787071423238.777,351895552,109314048,43139072,15810560,183631872
1787071423245.060,352026624,109314048,43139072,15810560,183762944
1787071423251.343,352157696,109314048,43139072,15810560,183894016
1787071423257.630,352256000,109314048,43139072,15810560,183992320
1787071423263.757,352288768,109314048,43139072,15810560,184025088
1787071423269.265,352419840,109314048,43139072,15810560,184156160
1787071423275.544,352550912,109314048,43139072,15810560,184287232
1787071423281.672,352665600,109314048,43139072,15810560,184401920
1787071423287.951,352681984,109314048,43139072,15810560,184418304
1787071423294.228,352813056,109314048,43139072,15810560,184549376
1787071423300.522,352944128,109314048,43139072,15810560,184680448
1787071423306.806,353075200,109314048,43139072,15810560,184811520
1787071423313.088,353075200,109314048,43139072,15810560,184811520
1787071423319.376,353206272,109314048,43139072,15810560,184942592
1787071423325.656,353337344,109314048,43139072,15810560,185073664
1787071423331.933,353468416,109314048,43139072,15810560,185204736
1787071423338.214,354140160,109314048,43679744,15810560,185335808
1787071423343.448,354140160,109314048,43679744,15810560,185335808
1787071423349.732,354271232,109314048,43679744,15810560,185466880
1787071423355.417,354402304,109314048,43679744,15810560,185597952
1787071423361.690,354516992,109330432,43679744,15810560,185696256
1787071423368.019,354549760,109330432,43679744,15810560,185729024
1787071423374.295,354680832,109330432,43679744,15810560,185860096
1787071423380.418,354811904,109330432,43679744,15810560,185991168
1787071423386.696,354942976,109330432,43679744,15810560,186122240
1787071423392.976,354942976,109330432,43679744,15810560,186122240
1787071423399.261,355074048,109330432,43679744,15810560,186253312
1787071423405.540,355205120,109330432,43679744,15810560,186384384
1787071423411.640,355336192,109330432,43679744,15810560,186515456
1787071423417.900,355418112,109330432,43679744,15810560,186597376
1787071423424.181,355467264,109330432,43679744,15810560,186646528
1787071423430.461,355598336,109330432,43679744,15810560,186777600
1787071423436.757,356171776,109330432,43728896,15810560,187301888
1787071423442.166,356253696,109330432,43679744,15810560,187432960
1787071423447.563,356384768,109330432,43679744,15810560,187564032
1787071423453.847,356450304,109330432,43679744,15810560,187629568
1787071423460.128,356515840,109330432,43679744,15810560,187695104
1787071423466.417,356646912,109330432,43679744,15810560,187826176
1787071423472.095,356777984,109330432,43679744,15810560,187957248
1787071423478.378,356909056,109330432,43679744,15810560,188088320
1787071423484.661,356909056,109330432,43679744,15810560,188088320
1787071423490.943,357040128,109330432,43679744,15810560,188219392
1787071423497.220,357171200,109330432,43679744,15810560,188350464
1787071423503.378,357302272,109330432,43679744,15810560,188481536
1787071423509.568,357400576,109330432,43679744,15810560,188579840
1787071423515.852,357433344,109330432,43679744,15810560,188612608
1787071423521.598,357564416,109330432,43679744,15810560,188743680
1787071423527.871,357695488,109330432,43679744,15810560,188874752
1787071423534.138,357826560,109330432,43679744,15810560,189005824
1787071423540.482,359497728,109330432,44777472,15810560,189579264
1787071423546.750,359038976,109330432,44220416,15810560,189677568
1787071423552.591,359170048,109330432,44220416,15810560,189808640
1787071423559.051,359301120,109330432,44220416,15810560,189939712
1787071423564.931,359301120,109330432,44220416,15810560,189939712
1787071423571.209,359432192,109330432,44220416,15810560,190070784
1787071423577.486,359563264,109330432,44220416,15810560,190201856
1787071423583.762,359694336,109330432,44220416,15810560,190332928
1787071423589.151,359727104,109330432,44220416,15810560,190365696
1787071423595.423,359792640,109330432,44220416,15810560,190431232
1787071423601.703,359792640,109330432,44220416,15810560,190431232
1787071423606.794,376569856,109330432,44220416,15810560,207208448
1787071423613.075,376602624,109330432,44220416,15810560,207241216
1787071423619.348,376602624,109330432,44220416,15810560,207241216
1787071423625.622,376602624,109330432,44220416,15810560,207241216
1787071423631.002,376602624,109330432,44220416,15810560,207241216
1787071423636.208,376602624,109330432,44220416,15810560,207241216
1787071423642.499,377126912,109330432,44220416,15810560,207765504
1787071423648.785,377667584,109330432,44761088,15810560,207765504
1787071423655.078,377667584,109330432,44761088,15810560,207765504
1787071423661.363,377667584,109330432,44761088,15810560,207765504
1787071423667.646,377667584,109330432,44761088,15810560,207765504
1787071423673.926,377667584,109330432,44761088,15810560,207765504
1787071423680.031,377667584,109330432,44761088,15810560,207765504
1787071423686.252,377667584,109330432,44761088,15810560,207765504
1787071423691.707,377667584,109330432,44761088,15810560,207765504
1787071423697.985,377667584,109330432,44761088,15810560,207765504
1787071423704.272,377667584,109330432,44761088,15810560,207765504
1787071423709.852,378060800,109330432,44761088,15810560,208158720
1787071423716.139,378224640,109330432,44761088,15810560,208322560
1787071423722.420,378241024,109330432,44761088,15810560,208338944
1787071423728.486,378241024,109330432,44761088,15810560,208338944
1787071423734.776,378241024,109330432,44761088,15810560,208338944
1787071423741.067,378241024,109330432,44761088,15810560,208338944
1787071423747.416,378765312,109330432,44761088,15810560,208863232
1787071423753.696,379338752,109330432,45334528,15810560,208863232
1787071423759.983,379338752,109330432,45334528,15810560,208863232
1787071423766.264,379338752,109330432,45334528,15810560,208863232
1787071423772.544,379338752,109330432,45334528,15810560,208863232
1787071423778.821,379338752,109330432,45334528,15810560,208863232
1787071423785.103,379338752,109330432,45334528,15810560,208863232
1787071423791.390,379338752,109330432,45334528,15810560,208863232
1787071423797.488,379338752,109330432,45334528,15810560,208863232
1787071423803.762,379338752,109330432,45334528,15810560,208863232
1787071423809.017,379338752,109330432,45334528,15810560,208863232
1787071423814.150,379338752,109330432,45334528,15810560,208863232
1787071423819.691,379338752,109330432,45334528,15810560,208863232
1787071423825.959,379338752,109330432,45334528,15810560,208863232
1787071423832.124,379338752,109330432,45334528,15810560,208863232
1787071423837.272,379338752,109330432,45334528,15810560,208863232
1787071423843.551,379338752,109330432,45334528,15810560,208863232
1787071423849.826,379863040,109330432,45334528,15810560,209387520
1787071423855.824,380420096,109330432,45875200,15810560,209403904
1787071423862.107,380420096,109330432,45875200,15810560,209403904
1787071423867.898,380420096,109330432,45875200,15810560,209403904
1787071423874.193,380420096,109330432,45875200,15810560,209403904
1787071423880.481,380420096,109330432,45875200,15810560,209403904
1787071423886.764,380420096,109330432,45875200,15810560,209403904
1787071423893.049,380420096,109330432,45875200,15810560,209403904
1787071423898.850,380420096,109330432,45875200,15810560,209403904
1787071423905.128,380420096,109330432,45875200,15810560,209403904
1787071423911.414,380420096,109330432,45875200,15810560,209403904
1787071423917.733,380420096,109330432,45875200,15810560,209403904
1787071423923.865,380420096,109330432,45875200,15810560,209403904
1787071423930.143,380420096,109330432,45875200,15810560,209403904
1787071423936.425,380436480,109346816,45875200,15810560,209403904
1787071423942.281,380436480,109346816,45875200,15810560,209403904
1787071423947.564,380420096,109330432,45875200,15810560,209403904
1787071423953.746,380960768,109330432,45875200,15810560,209944576
1787071423959.511,381714432,109330432,46546944,15810560,210026496
1787071423965.572,381681664,109330432,46530560,15810560,210010112
1787071423971.866,381681664,109330432,46530560,15810560,210010112
1787071423978.149,381681664,109330432,46530560,15810560,210010112
1787071423984.438,381681664,109330432,46530560,15810560,210010112
1787071423990.721,381681664,109330432,46530560,15810560,210010112
1787071423996.706,381681664,109330432,46530560,15810560,210010112
1787071424002.483,381681664,109330432,46530560,15810560,210010112
1787071424008.762,381681664,109330432,46530560,15810560,210010112
1787071424014.628,381681664,109330432,46530560,15810560,210010112
1787071424020.910,381681664,109330432,46530560,15810560,210010112
1787071424027.189,381681664,109330432,46530560,15810560,210010112
1787071424033.487,381681664,109330432,46530560,15810560,210010112
1787071424038.754,381681664,109330432,46530560,15810560,210010112
1787071424045.047,381681664,109330432,46530560,15810560,210010112
1787071424051.328,381681664,109330432,46530560,15810560,210010112
1787071424057.606,382238720,109330432,46530560,15810560,210567168
1787071424063.888,382763008,109330432,47054848,15810560,210567168
1787071424070.172,382763008,109330432,47054848,15810560,210567168
1787071424076.455,382763008,109330432,47054848,15810560,210567168
1787071424082.738,382779392,109330432,47054848,15810560,210583552
1787071424089.021,382795776,109346816,47054848,15810560,210583552
1787071424095.298,382779392,109330432,47054848,15810560,210583552
1787071424101.571,382779392,109330432,47054848,15810560,210583552
1787071424107.850,382779392,109330432,47054848,15810560,210583552
1787071424114.126,382795776,109330432,47054848,15810560,210599936
1787071424120.397,382795776,109330432,47054848,15810560,210599936
1787071424126.735,399556608,109330432,47054848,15810560,227360768
1787071424133.026,399933440,109330432,47054848,15810560,227737600
1787071424138.929,416317440,109330432,47054848,15810560,244121600
1787071424144.963,422674432,109330432,47054848,15810560,250478592
1787071424151.245,445333504,109330432,47054848,15810560,273137664
1787071424157.530,460423168,109330432,47054848,15810560,288227328
1787071424163.812,501809152,109330432,47054848,15810560,329613312
1787071424170.093,510754816,109330432,47054848,15810560,338558976
1787071424176.370,510754816,109330432,47054848,15810560,338558976
1787071424182.646,510754816,109330432,47054848,15810560,338558976
1787071424188.922,610697216,109330432,47054848,15810560,438501376
1787071424195.198,611418112,109330432,47054848,15810560,439222272
1787071424201.475,611418112,109330432,47054848,15810560,439222272
1787071424207.431,611418112,109330432,47054848,15810560,439222272
1787071424213.712,611418112,109330432,47054848,15810560,439222272
1787071424219.346,611418112,109330432,47054848,15810560,439222272
1787071424224.429,611418112,109330432,47054848,15810560,439222272
1787071424230.411,611418112,109330432,47054848,15810560,439222272
1787071424236.247,611418112,109330432,47054848,15810560,439222272
1787071424241.332,611418112,109330432,47054848,15810560,439222272
1787071424247.500,611418112,109330432,47054848,15810560,439222272
1787071424253.381,611418112,109330432,47054848,15810560,439222272
1787071424259.656,611418112,109330432,47054848,15810560,439222272
1787071424265.812,611418112,109330432,47054848,15810560,439222272
1787071424271.599,611418112,109330432,47054848,15810560,439222272
1787071424277.878,612532224,109330432,47054848,15810560,440336384
1787071424284.155,615432192,109330432,47054848,15810560,443236352
1787071424290.433,617463808,109330432,47054848,15810560,445267968
1787071424296.710,620838912,109330432,47054848,15810560,448643072
1787071424302.780,623788032,109330432,47054848,15810560,451592192
1787071424309.066,623951872,109330432,47054848,15810560,451756032
1787071424315.344,624869376,109314048,47054848,15810560,452689920
1787071424321.620,627703808,109314048,47054848,15810560,455524352
1787071424327.896,630472704,109314048,47054848,15810560,458293248
1787071424334.173,633159680,109314048,47054848,15810560,460980224
1787071424339.219,635289600,109314048,47054848,15810560,463110144
1787071424345.498,637812736,109314048,47054848,15810560,465633280
1787071424351.219,639975424,109314048,47054848,15810560,467795968
1787071424356.831,640974848,109314048,47054848,15810560,468795392
1787071424361.894,640974848,109314048,47054848,15810560,468795392
1787071424368.173,640974848,109314048,47054848,15810560,468795392
1787071424374.448,659128320,109314048,47054848,15810560,486948864
1787071424379.529,674988032,109314048,47054848,15810560,502808576
1787071424385.793,677347328,109314048,47054848,15810560,505167872
1787071424390.909,679280640,109314048,47054848,15810560,507101184
1787071424397.183,681525248,109314048,47054848,15810560,509345792
1787071424403.461,683720704,109314048,47054848,15810560,511541248
1787071424409.554,685850624,109314048,47054848,15810560,513671168
1787071424415.835,687931392,109314048,47054848,15810560,515751936
1787071424422.118,689881088,109314048,47054848,15810560,517701632
1787071424428.395,691765248,109314048,47054848,15810560,519585792
1787071424434.677,693698560,109297664,47054848,15810560,521535488
1787071424440.958,695353344,109297664,47054848,15810560,523190272
1787071424447.235,697335808,109297664,47054848,15810560,525172736
1787071424453.513,699449344,109297664,47054848,15810560,527286272
1787071424459.791,701399040,109297664,47054848,15810560,529235968
1787071424466.068,703315968,109297664,47054848,15810560,531152896
1787071424472.346,705134592,109297664,47054848,15810560,532971520
1787071424478.568,707035136,109297664,47054848,15810560,534872064
1787071424484.261,709689344,109297664,47054848,15810560,537526272
1787071424489.852,716963840,109297664,47054848,15810560,544800768
1787071424496.128,725319680,109297664,47054848,15810560,553156608
1787071424502.462,733970432,109297664,47054848,15810560,561807360
1787071424507.677,741015552,109297664,47054848,15810560,568852480
1787071424513.958,749273088,109297664,47054848,15810560,577110016
1787071424519.248,756318208,109297664,47054848,15810560,584155136
1787071424524.359,759103488,109297664,47054848,15810560,586940416
1787071424530.637,759103488,109297664,47054848,15810560,586940416
1787071424536.917,759103488,109297664,47054848,15810560,586940416
1787071424542.884,759103488,109297664,47054848,15810560,586940416
1787071424549.160,759103488,109297664,47054848,15810560,586940416
1787071424555.421,759103488,109297664,47054848,15810560,586940416
1787071424561.496,759103488,109297664,47054848,15810560,586940416
1787071424567.793,759103488,109297664,47054848,15810560,586940416
1787071424574.097,759103488,109297664,47054848,15810560,586940416
1787071424580.388,759103488,109297664,47054848,15810560,586940416
1787071424586.670,759103488,109297664,47054848,15810560,586940416
1787071424592.953,759103488,109297664,47054848,15810560,586940416
1787071424599.236,759103488,109297664,47054848,15810560,586940416
1787071424605.522,759103488,109297664,47054848,15810560,586940416
1787071424611.811,759103488,109297664,47054848,15810560,586940416
1787071424617.885,759103488,109297664,47054848,15810560,586940416
1787071424624.174,759103488,109297664,47054848,15810560,586940416
1787071424630.462,759103488,109297664,47054848,15810560,586940416
1787071424636.740,759103488,109297664,47054848,15810560,586940416
1787071424643.019,759103488,109297664,47054848,15810560,586940416
1787071424649.296,759103488,109297664,47054848,15810560,586940416
1787071424655.576,759103488,109297664,47054848,15810560,586940416
1787071424661.852,759103488,109297664,47054848,15810560,586940416
1787071424668.128,759103488,109297664,47054848,15810560,586940416
1787071424674.406,759103488,109297664,47054848,15810560,586940416
1787071424680.682,759103488,109297664,47054848,15810560,586940416
1787071424686.958,759103488,109297664,47054848,15810560,586940416
1787071424693.234,759103488,109297664,47054848,15810560,586940416
1787071424699.511,759119872,109297664,47054848,15810560,586956800
1787071424705.787,759119872,109297664,47054848,15810560,586956800
1787071424712.066,759119872,109297664,47054848,15810560,586956800
1787071424718.342,759119872,109297664,47054848,15810560,586956800
1787071424724.618,759119872,109297664,47054848,15810560,586956800
1787071424730.894,759119872,109297664,47054848,15810560,586956800
1787071424737.173,759119872,109297664,47054848,15810560,586956800
1787071424743.449,759676928,109297664,47054848,15810560,587513856
1787071424749.726,760299520,109314048,47595520,15810560,587579392
1787071424756.011,771440640,109314048,47595520,15810560,598720512
1787071424762.130,791298048,109314048,47595520,15810560,618577920
1787071424767.886,800817152,109314048,47595520,15810560,628097024
1787071424774.167,827965440,109314048,47595520,15810560,655245312
1787071424780.447,839106560,109314048,47595520,15810560,666386432
1787071424786.726,839106560,109314048,47595520,15810560,666386432
1787071424792.881,839106560,109314048,47595520,15810560,666386432
1787071424799.159,839106560,109314048,47595520,15810560,666386432
1787071424805.443,839106560,109314048,47595520,15810560,666386432
1787071424811.726,839106560,109314048,47595520,15810560,666386432
1787071424818.003,839106560,109314048,47595520,15810560,666386432
1787071424823.242,921600000,109314048,47595520,15810560,748879872
1787071424829.106,939786240,109314048,47595520,15810560,767066112
1787071424835.385,939786240,109314048,47595520,15810560,767066112
1787071424841.662,939786240,109314048,47595520,15810560,767066112
1787071424847.939,939786240,109314048,47595520,15810560,767066112
1787071424854.215,939786240,109314048,47595520,15810560,767066112
1787071424860.497,939786240,109314048,47595520,15810560,767066112
1787071424866.777,939786240,109314048,47595520,15810560,767066112
1787071424872.246,939786240,109314048,47595520,15810560,767066112
1787071424878.523,939786240,109314048,47595520,15810560,767066112
1787071424884.859,939786240,109314048,47595520,15810560,767066112
1787071424891.135,939786240,109314048,47595520,15810560,767066112
1787071424897.411,939786240,109314048,47595520,15810560,767066112
1787071424903.687,939786240,109314048,47595520,15810560,767066112
1787071424909.967,939786240,109314048,47595520,15810560,767066112
1787071424916.243,939786240,109314048,47595520,15810560,767066112
1787071424922.521,939786240,109314048,47595520,15810560,767066112
1787071424928.804,939786240,109314048,47595520,15810560,767066112
1787071424935.083,939786240,109314048,47595520,15810560,767066112
1787071424941.365,939786240,109314048,47595520,15810560,767066112
1787071424946.653,939786240,109314048,47595520,15810560,767066112
1787071424952.593,939786240,109314048,47595520,15810560,767066112
1787071424958.048,939786240,109314048,47595520,15810560,767066112
1787071424964.330,939786240,109314048,47595520,15810560,767066112
1787071424970.607,939786240,109314048,47595520,15810560,767066112
1787071424976.886,939786240,109314048,47595520,15810560,767066112
1787071424983.070,939786240,109314048,47595520,15810560,767066112
1787071424989.353,939786240,109314048,47595520,15810560,767066112
1787071424995.502,939786240,109314048,47595520,15810560,767066112
1787071425001.784,939786240,109314048,47595520,15810560,767066112
1787071425008.061,958185472,109314048,47595520,15810560,785465344
1787071425014.344,973340672,109314048,47595520,15810560,800620544
1787071425020.622,973340672,109314048,47595520,15810560,800620544
1787071425026.532,973340672,109314048,47595520,15810560,800620544
1787071425032.811,973340672,109314048,47595520,15810560,800620544
1787071425038.749,973340672,109314048,47595520,15810560,800620544
1787071425045.025,973340672,109314048,47595520,15810560,800620544
1787071425051.213,973340672,109314048,47595520,15810560,800620544
1787071425057.495,973340672,109314048,47595520,15810560,800620544
1787071425063.770,973340672,109314048,47595520,15810560,800620544
1787071425070.047,973340672,109314048,47595520,15810560,800620544
1787071425076.324,973340672,109314048,47595520,15810560,800620544
1787071425082.601,973340672,109314048,47595520,15810560,800620544
1787071425088.886,973340672,109314048,47595520,15810560,800620544
1787071425094.112,973340672,109314048,47595520,15810560,800620544
1787071425099.831,973340672,109314048,47595520,15810560,800620544
1787071425106.115,973340672,109314048,47595520,15810560,800620544
1787071425112.394,973340672,109314048,47595520,15810560,800620544
1787071425118.672,979435520,109314048,47595520,15810560,806715392
1787071425124.949,987693056,109314048,47595520,15810560,814972928
1787071425130.811,995393536,109314048,47595520,15810560,822673408
1787071425137.093,1003683840,109314048,47595520,15810560,830963712
1787071425143.382,1012137984,109314048,47595520,15810560,839417856
1787071425149.664,1020329984,109314048,47595520,15810560,847609856
1787071425155.415,1023688704,109314048,47595520,15810560,850968576
1787071425161.693,1023688704,109314048,47595520,15810560,850968576
1787071425167.977,1023688704,109314048,47595520,15810560,850968576
1787071425173.540,1023688704,109314048,47595520,15810560,850968576
1787071425179.816,1023688704,109314048,47595520,15810560,850968576
1787071425185.598,1023688704,109314048,47595520,15810560,850968576
1787071425191.876,1023688704,109314048,47595520,15810560,850968576
1787071425196.947,1023688704,109314048,47595520,15810560,850968576
1787071425203.225,1023688704,109314048,47595520,15810560,850968576
1787071425209.502,1023688704,109314048,47595520,15810560,850968576
1787071425215.369,1023688704,109314048,47595520,15810560,850968576
1787071425221.647,1023688704,109314048,47595520,15810560,850968576
1787071425227.924,1023688704,109314048,47595520,15810560,850968576
1787071425234.206,1023688704,109314048,47595520,15810560,850968576
1787071425240.205,1023688704,109314048,47595520,15810560,850968576
1787071425246.487,1023688704,109314048,47595520,15810560,850968576
1787071425252.087,1023688704,109314048,47595520,15810560,850968576
1787071425258.366,1023688704,109314048,47595520,15810560,850968576
1787071425264.715,1023688704,109314048,47595520,15810560,850968576
1787071425270.999,1023688704,109314048,47595520,15810560,850968576
1787071425277.284,1023688704,109314048,47595520,15810560,850968576
1787071425283.562,1023688704,109314048,47595520,15810560,850968576
1787071425289.838,1023688704,109314048,47595520,15810560,850968576
1787071425296.115,1023688704,109314048,47595520,15810560,850968576
1787071425302.394,1023688704,109314048,47595520,15810560,850968576
1787071425308.572,1023688704,109314048,47595520,15810560,850968576
1787071425313.752,1023688704,109314048,47595520,15810560,850968576
1787071425320.028,1023688704,109314048,47595520,15810560,850968576
1787071425326.212,1023688704,109314048,47595520,15810560,850968576
1787071425332.489,1023705088,109314048,47595520,15810560,850984960
1787071425338.776,1023705088,109314048,47595520,15810560,850984960
1787071425345.057,1023705088,109314048,47595520,15810560,850984960
1787071425351.335,1023705088,109314048,47595520,15810560,850984960
1787071425357.613,1023705088,109314048,47595520,15810560,850984960
1787071425363.568,1023705088,109314048,47595520,15810560,850984960
1787071425369.846,1023705088,109314048,47595520,15810560,850984960
1787071425375.059,1023737856,109314048,47595520,15810560,851017728
1787071425381.341,1023737856,109314048,47595520,15810560,851017728
1787071425386.821,1023737856,109314048,47595520,15810560,851017728
1787071425393.101,1023737856,109314048,47595520,15810560,851017728
1787071425399.025,1023737856,109314048,47595520,15810560,851017728
1787071425404.705,1023737856,109314048,47595520,15810560,851017728
1787071425410.981,1023737856,109314048,47595520,15810560,851017728
1787071425416.757,1023737856,109314048,47595520,15810560,851017728
1787071425423.035,1023737856,109314048,47595520,15810560,851017728
1787071425429.312,1023737856,109314048,47595520,15810560,851017728
1787071425435.590,1023737856,109314048,47595520,15810560,851017728
1787071425441.775,1023737856,109314048,47595520,15810560,851017728
1787071425447.540,1023737856,109314048,47595520,15810560,851017728
1787071425453.816,1023737856,109314048,47595520,15810560,851017728
1787071425459.544,1023737856,109314048,47595520,15810560,851017728
1787071425465.824,1023737856,109314048,47595520,15810560,851017728
1787071425472.101,1023737856,109314048,47595520,15810560,851017728
1787071425478.203,1023737856,109314048,47595520,15810560,851017728
1787071425484.484,1023737856,109314048,47595520,15810560,851017728
1787071425490.766,1023737856,109314048,47595520,15810560,851017728
1787071425497.043,1024294912,109314048,47595520,15810560,851574784
1787071425503.326,1027571712,109314048,47595520,15810560,854851584
1787071425509.543,1030848512,109314048,47595520,15810560,858128384
1787071425515.552,1033994240,109314048,47595520,15810560,861274112
1787071425521.830,1037303808,109314048,47595520,15810560,864583680
1787071425528.107,1040531456,109314048,47595520,15810560,867811328
1787071425534.385,1043775488,109314048,47595520,15810560,871055360
1787071425540.660,1047035904,109314048,47595520,15810560,874315776
1787071425546.936,1050296320,109314048,47595520,15810560,877576192
1787071425553.214,1053523968,109314048,47595520,15810560,880803840
1787071425559.500,1056751616,109314048,47595520,15810560,884031488
1787071425565.784,1059962880,109314048,47595520,15810560,887242752
1787071425572.063,1063174144,109314048,47595520,15810560,890454016
1787071425578.343,1066385408,109314048,47595520,15810560,893665280
1787071425584.620,1069563904,109314048,47595520,15810560,896843776
1787071425590.896,1072775168,109314048,47595520,15810560,900055040
1787071425597.174,1075970048,109314048,47595520,15810560,903249920
1787071425602.525,1078624256,109314048,47595520,15810560,905904128
1787071425608.812,1081802752,109314048,47595520,15810560,909082624
1787071425615.091,1084948480,109314048,47595520,15810560,912228352
1787071425621.369,1088094208,109314048,47595520,15810560,915374080
1787071425627.647,1091207168,109314048,47595520,15810560,918487040
1787071425633.924,1094369280,109314048,47595520,15810560,921649152
1787071425640.267,1098416128,109314048,47595520,15810560,925696000
1787071425646.544,1104510976,109314048,47595520,15810560,931790848
1787071425652.820,1110605824,109314048,47595520,15810560,937885696
1787071425659.098,1116635136,109314048,47595520,15810560,943915008
1787071425665.386,1122664448,109314048,47595520,15810560,949944320
1787071425671.666,1128562688,109314048,47595520,15810560,955842560
1787071425677.944,1134526464,109314048,47595520,15810560,961806336
1787071425684.220,1140473856,109314048,47595520,15810560,967753728
1787071425690.496,1146372096,109314048,47595520,15810560,973651968
1787071425696.772,1152253952,109314048,47595520,15810560,979533824
1787071425703.048,1158119424,109314048,47595520,15810560,985399296
1787071425708.529,1163280384,109314048,47595520,15810560,990560256
1787071425713.744,1168162816,109314048,47595520,15810560,995442688
1787071425720.021,1173962752,109314048,47595520,15810560,1001242624
1787071425726.298,1179729920,109314048,47595520,15810560,1007009792
1787071425732.583,1185431552,109314048,47595520,15810560,1012711424
1787071425738.046,1190395904,109314048,47595520,15810560,1017675776
1787071425743.973,1195753472,109314048,47595520,15810560,1023033344
1787071425750.257,1201324032,109314048,47595520,15810560,1028603904
1787071425756.534,1206878208,109314048,47595520,15810560,1034158080
1787071425762.811,1212416000,109314048,47595520,15810560,1039695872
1787071425769.087,1217937408,109314048,47595520,15810560,1045217280
1787071425775.358,1218838528,109314048,47611904,15810560,1046102016
1787071425781.624,1218854912,109314048,47611904,15810560,1046118400
1787071425787.896,1218854912,109314048,47611904,15810560,1046118400
1787071425794.169,1218854912,109314048,47611904,15810560,1046118400
1787071425800.451,1218854912,109314048,47611904,15810560,1046118400
1787071425806.727,1218854912,109314048,47611904,15810560,1046118400
1787071425813.014,1218854912,109314048,47611904,15810560,1046118400
1787071425818.823,1218854912,109314048,47611904,15810560,1046118400
1787071425825.104,1218854912,109314048,47611904,15810560,1046118400
1787071425831.381,1218854912,109314048,47611904,15810560,1046118400
1787071425837.656,1218854912,109314048,47611904,15810560,1046118400
1787071425843.934,1218854912,109314048,47611904,15810560,1046118400
1787071425850.210,1218854912,109314048,47611904,15810560,1046118400
1787071425855.409,1218854912,109314048,47611904,15810560,1046118400
1787071425861.698,1218854912,109314048,47611904,15810560,1046118400
1787071425867.975,1218854912,109314048,47611904,15810560,1046118400
1787071425874.251,1218854912,109314048,47611904,15810560,1046118400
1787071425880.527,1218854912,109314048,47611904,15810560,1046118400
1787071425886.805,1218854912,109314048,47611904,15810560,1046118400
1787071425892.871,1218854912,109314048,47611904,15810560,1046118400
1787071425899.149,1218871296,109330432,47611904,15810560,1046118400
1787071425905.431,1218871296,109330432,47611904,15810560,1046118400
1787071425911.706,1220706304,109330432,47611904,15810560,1047953408
1787071425917.986,1226932224,109330432,47611904,15810560,1054179328
1787071425924.263,1233272832,109330432,47611904,15810560,1060519936
1787071425930.534,1239678976,109330432,47611904,15810560,1066926080
1787071425936.819,1246035968,109330432,47611904,15810560,1073283072
1787071425942.874,1252179968,109330432,47611904,15810560,1079427072
1787071425948.751,1258192896,109330432,47611904,15810560,1085440000
1787071425955.039,1264566272,109330432,47611904,15810560,1091813376
1787071425961.322,1271021568,109330432,47611904,15810560,1098268672
1787071425967.209,1276968960,109330432,47611904,15810560,1104216064
1787071425973.494,1283358720,109330432,47611904,15810560,1110605824
1787071425979.772,1289682944,109330432,47611904,15810560,1116930048
1787071425986.053,1295794176,109330432,47611904,15810560,1123041280
1787071425992.333,1302216704,109330432,47611904,15810560,1129463808
1787071425998.613,1308573696,109330432,47611904,15810560,1135820800
1787071426004.890,1314897920,109330432,47611904,15810560,1142145024
1787071426011.173,1321287680,109330432,47611904,15810560,1148534784
1787071426017.249,1327300608,109330432,47611904,15810560,1154547712
1787071426022.610,1332559872,109330432,47611904,15810560,1159806976
1787071426028.895,1338769408,109330432,47611904,15810560,1166016512
1787071426035.172,1339244544,109330432,47611904,15810560,1166491648
1787071426041.450,1339244544,109330432,47611904,15810560,1166491648
1787071426047.727,1339244544,109330432,47611904,15810560,1166491648
1787071426054.003,1339244544,109330432,47611904,15810560,1166491648
1787071426060.281,1339244544,109330432,47611904,15810560,1166491648
1787071426066.564,1339244544,109330432,47611904,15810560,1166491648
1787071426072.845,1339244544,109330432,47611904,15810560,1166491648
1787071426079.123,1339244544,109330432,47611904,15810560,1166491648
1787071426085.405,1339244544,109330432,47611904,15810560,1166491648
1787071426091.684,1339244544,109330432,47611904,15810560,1166491648
1787071426097.535,1339244544,109330432,47611904,15810560,1166491648
1787071426103.819,1339244544,109330432,47611904,15810560,1166491648
1787071426109.774,1339244544,109330432,47611904,15810560,1166491648
1787071426116.054,1339228160,109314048,47611904,15810560,1166491648
1787071426122.332,1339228160,109314048,47611904,15810560,1166491648
1787071426128.608,1339228160,109314048,47611904,15810560,1166491648
1787071426134.886,1339228160,109314048,47611904,15810560,1166491648
1787071426141.162,1339228160,109314048,47611904,15810560,1166491648
1787071426147.439,1339228160,109314048,47611904,15810560,1166491648
1787071426153.714,1339228160,109314048,47611904,15810560,1166491648
1787071426159.990,1339228160,109314048,47611904,15810560,1166491648
1787071426166.266,1339228160,109314048,47611904,15810560,1166491648
1787071426172.542,1339228160,109314048,47611904,15810560,1166491648
1787071426178.819,1339228160,109314048,47611904,15810560,1166491648
1787071426185.095,1339228160,109314048,47611904,15810560,1166491648
1787071426191.371,1347698688,109314048,47611904,15810560,1174962176
1787071426197.653,1347944448,109314048,47611904,15810560,1175207936
1787071426203.682,1348091904,109314048,47611904,15810560,1175355392
1787071426209.966,1349533696,109314048,47611904,15810560,1176797184
1787071426215.299,1352941568,109314048,47611904,15810560,1180205056
1787071426221.579,1357332480,109314048,47611904,15810560,1184595968
1787071426227.862,1361608704,109314048,47611904,15810560,1188872192
1787071426234.094,1365950464,109314048,47611904,15810560,1193213952
1787071426239.132,1369554944,109314048,47611904,15810560,1196818432
1787071426244.670,1373552640,109314048,47611904,15810560,1200816128
1787071426250.947,1377959936,109314048,47611904,15810560,1205223424
1787071426257.226,1382400000,109314048,47611904,15810560,1209663488
1787071426263.502,1396162560,109314048,47611904,15810560,1223426048
1787071426269.779,1411530752,109314048,47611904,15810560,1238794240
1787071426275.792,1426276352,109314048,47611904,15810560,1253539840
1787071426282.071,1441284096,109314048,47611904,15810560,1268547584
1787071426288.352,1455964160,109314048,47611904,15810560,1283227648
1787071426294.639,1470595072,109314048,47611904,15810560,1297858560
1787071426300.002,1482539008,109314048,47611904,15810560,1309802496
1787071426305.408,1504493568,109314048,47611904,15810560,1331757056
1787071426311.696,1517027328,109314048,47611904,15810560,1344290816
1787071426317.869,1528463360,109314048,47611904,15810560,1355726848
1787071426323.728,1528512512,109314048,47611904,15810560,1355776000
1787071426328.818,1528512512,109314048,47611904,15810560,1355776000
1787071426335.095,1528512512,109314048,47611904,15810560,1355776000
1787071426341.372,1528512512,109314048,47611904,15810560,1355776000
1787071426347.072,1528512512,109314048,47611904,15810560,1355776000
1787071426353.357,1528512512,109314048,47611904,15810560,1355776000
1787071426359.635,1528512512,109314048,47611904,15810560,1355776000
1787071426364.848,1528512512,109314048,47611904,15810560,1355776000
1787071426371.053,1528512512,109314048,47611904,15810560,1355776000
1787071426376.990,1528512512,109314048,47611904,15810560,1355776000
1787071426383.345,1528512512,109314048,47611904,15810560,1355776000
1787071426389.133,1528512512,109314048,47611904,15810560,1355776000
1787071426394.389,1528512512,109314048,47611904,15810560,1355776000
1787071426400.666,1528692736,109314048,47611904,15810560,1355956224
1787071426405.798,1528692736,109314048,47611904,15810560,1355956224
1787071426412.081,1528692736,109314048,47611904,15810560,1355956224
1787071426417.867,1528692736,109314048,47611904,15810560,1355956224
1787071426423.938,1528692736,109314048,47611904,15810560,1355956224
1787071426430.216,1528692736,109314048,47611904,15810560,1355956224
1787071426436.498,1528692736,109314048,47611904,15810560,1355956224
1787071426442.597,1528692736,109314048,47611904,15810560,1355956224
1787071426448.878,1530986496,109314048,47611904,15810560,1358249984
1787071426455.155,1534672896,109314048,47611904,15810560,1361936384
1787071426461.256,1538375680,109314048,47611904,15810560,1365639168
1787071426467.541,1542160384,109314048,47611904,15810560,1369423872
1787071426473.118,1545601024,109314048,47611904,15810560,1372864512
1787071426479.392,1549369344,109314048,47611904,15810560,1376632832
1787071426485.669,1553432576,109314048,47611904,15810560,1380696064
1787071426491.947,1567064064,109314048,47611904,15810560,1394327552
1787071426497.505,1579106304,109314048,47611904,15810560,1406369792
1787071426503.783,1592737792,109314048,47611904,15810560,1420001280
1787071426510.065,1606270976,109314048,47611904,15810560,1433534464
1787071426516.343,1619968000,109314048,47611904,15810560,1447231488
1787071426522.074,1628438528,109314048,47611904,15810560,1455702016
1787071426528.351,1629126656,109314048,47611904,15810560,1456390144
1787071426534.535,1629372416,109314048,47611904,15810560,1456635904
1787071426539.723,1629765632,109314048,47611904,15810560,1457029120
1787071426545.670,1630076928,109314048,47611904,15810560,1457340416
1787071426551.963,1630420992,109314048,47611904,15810560,1457684480
1787071426557.135,1630666752,109314048,47611904,15810560,1457930240
1787071426563.433,1630896128,109314048,47611904,15810560,1458159616
1787071426568.993,1631141888,109314048,47611904,15810560,1458405376
1787071426575.286,1631436800,109314048,47611904,15810560,1458700288
1787071426580.408,1631584256,109314048,47611904,15810560,1458847744
1787071426586.708,1631666176,109314048,47611904,15810560,1458929664
1787071426593.005,1631879168,109314048,47611904,15810560,1459142656
1787071426599.302,1631879168,109314048,47611904,15810560,1459142656
1787071426605.591,1631895552,109314048,47611904,15810560,1459159040
1787071426611.879,1631895552,109314048,47611904,15810560,1459159040
1787071426618.165,1632206848,109314048,47611904,15810560,1459470336
1787071426624.450,1632845824,109314048,47611904,15810560,1460109312
1787071426630.735,1633501184,109314048,47611904,15810560,1460764672
1787071426637.019,1634123776,109314048,47611904,15810560,1461387264
1787071426643.302,1636499456,109314048,47611904,15810560,1463762944
1787071426649.585,1642397696,109314048,47611904,15810560,1469661184
1787071426655.869,1648066560,109314048,47611904,15810560,1475330048
1787071426662.151,1653866496,109314048,47611904,15810560,1481129984
1787071426668.434,1659748352,109314048,47611904,15810560,1487011840
1787071426674.713,1675001856,109314048,47611904,15810560,1502265344
1787071426680.991,1675509760,109314048,47611904,15810560,1502773248
1787071426687.269,1676181504,109314048,47611904,15810560,1503444992
1787071426693.553,1676935168,109314048,47611904,15810560,1504198656
1787071426699.833,1677656064,109314048,47611904,15810560,1504919552
1787071426705.408,1677901824,109314048,47611904,15810560,1505165312
1787071426711.688,1677918208,109314048,47611904,15810560,1505181696
1787071426717.965,1678082048,109314048,47611904,15810560,1505345536
1787071426724.242,1678082048,109314048,47611904,15810560,1505345536
1787071426730.520,1678082048,109314048,47611904,15810560,1505345536
1787071426736.797,1678082048,109314048,47611904,15810560,1505345536
1787071426743.074,1678147584,109314048,47611904,15810560,1505411072
1787071426749.427,1678147584,109314048,47611904,15810560,1505411072
1787071426755.705,1686552576,109314048,47611904,15810560,1513816064
1787071426761.982,1686552576,109314048,47611904,15810560,1513816064
1787071426768.259,1686552576,109314048,47611904,15810560,1513816064
1787071426774.536,1689501696,109314048,47611904,15810560,1516765184
1787071426780.815,1689534464,109314048,47611904,15810560,1516797952
1787071426787.093,1689550848,109314048,47611904,15810560,1516814336
1787071426793.370,1689616384,109314048,47611904,15810560,1516879872
1787071426798.627,1689616384,109314048,47611904,15810560,1516879872
1787071426804.213,1689665536,109314048,47611904,15810560,1516929024
1787071426810.496,1689862144,109314048,47611904,15810560,1517125632
1787071426816.774,1689878528,109314048,47611904,15810560,1517142016
1787071426823.051,1689927680,109314048,47611904,15810560,1517191168
1787071426829.329,1689976832,109314048,47611904,15810560,1517240320
1787071426835.606,1689976832,109314048,47611904,15810560,1517240320
1787071426841.883,1689976832,109314048,47611904,15810560,1517240320
1787071426848.162,1689976832,109314048,47611904,15810560,1517240320
1787071426854.438,1689976832,109314048,47611904,15810560,1517240320
1787071426860.715,1689976832,109314048,47611904,15810560,1517240320
1787071426866.891,1689976832,109314048,47611904,15810560,1517240320
1787071426873.168,1690009600,109314048,47611904,15810560,1517273088
1787071426879.445,1690009600,109314048,47611904,15810560,1517273088
1787071426885.722,1690009600,109314048,47611904,15810560,1517273088
1787071426891.998,1690009600,109314048,47611904,15810560,1517273088
1787071426898.284,1690009600,109314048,47611904,15810560,1517273088
1787071426904.060,1708228608,109314048,47611904,15810560,1535492096
1787071426909.583,1711849472,109314048,47611904,15810560,1539112960
1787071426915.862,1712095232,109314048,47611904,15810560,1539358720
1787071426922.137,1712521216,109314048,47611904,15810560,1539784704
1787071426928.421,1712635904,109314048,47611904,15810560,1539899392
1787071426934.704,1712734208,109314048,47611904,15810560,1539997696
1787071426940.982,1712816128,109314048,47611904,15810560,1540079616
1787071426947.262,1712881664,109314048,47611904,15810560,1540145152
1787071426953.539,1712898048,109314048,47611904,15810560,1540161536
1787071426959.818,1713438720,109314048,47611904,15810560,1540702208
1787071426966.094,1713635328,109314048,47611904,15810560,1540898816
1787071426972.370,1713635328,109314048,47611904,15810560,1540898816
1787071426978.652,1713635328,109314048,47611904,15810560,1540898816
1787071426984.718,1713635328,109314048,47611904,15810560,1540898816
1787071426991.001,1713635328,109314048,47611904,15810560,1540898816
1787071426997.280,1713635328,109314048,47611904,15810560,1540898816
1787071427003.561,1713635328,109314048,47611904,15810560,1540898816
1787071427009.836,1713635328,109314048,47611904,15810560,1540898816
1787071427016.120,1713635328,109314048,47611904,15810560,1540898816
1787071427022.403,1713635328,109314048,47611904,15810560,1540898816
1787071427028.687,1713635328,109314048,47611904,15810560,1540898816
1787071427034.186,1713635328,109314048,47611904,15810560,1540898816
1787071427040.465,1713635328,109314048,47611904,15810560,1540898816
1787071427046.743,1713635328,109314048,47611904,15810560,1540898816
1787071427053.019,1713635328,109314048,47611904,15810560,1540898816
1787071427059.302,1713635328,109314048,47611904,15810560,1540898816
1787071427065.591,1713635328,109314048,47611904,15810560,1540898816
1787071427071.874,1713635328,109314048,47611904,15810560,1540898816
1787071427078.154,1713635328,109314048,47611904,15810560,1540898816
1787071427083.614,1713635328,109314048,47611904,15810560,1540898816
1787071427089.897,1713635328,109314048,47611904,15810560,1540898816
1787071427096.177,1713635328,109314048,47611904,15810560,1540898816
1787071427102.456,1713635328,109314048,47611904,15810560,1540898816
1787071427108.741,1713635328,109314048,47611904,15810560,1540898816
1787071427115.021,1713635328,109314048,47611904,15810560,1540898816
1787071427121.355,1713635328,109314048,47611904,15810560,1540898816
1787071427127.632,1713635328,109314048,47611904,15810560,1540898816
1787071427133.306,1713635328,109314048,47611904,15810560,1540898816
1787071427139.586,1713635328,109314048,47611904,15810560,1540898816
1787071427145.866,1713635328,109314048,47611904,15810560,1540898816
1787071427151.114,1713635328,109314048,47611904,15810560,1540898816
1787071427156.699,1713635328,109314048,47611904,15810560,1540898816
1787071427162.977,1713635328,109314048,47611904,15810560,1540898816
1787071427169.252,1713635328,109314048,47611904,15810560,1540898816
1787071427175.529,1713635328,109314048,47611904,15810560,1540898816
1787071427181.719,1713635328,109314048,47611904,15810560,1540898816
1787071427187.997,1713635328,109314048,47611904,15810560,1540898816
1787071427194.273,1713635328,109314048,47611904,15810560,1540898816
1787071427199.526,1713635328,109314048,47611904,15810560,1540898816
1787071427205.799,1713635328,109314048,47611904,15810560,1540898816
1787071427212.078,1713635328,109314048,47611904,15810560,1540898816
1787071427218.359,1713635328,109314048,47611904,15810560,1540898816
1787071427224.636,1713635328,109314048,47611904,15810560,1540898816
1787071427230.911,1713635328,109314048,47611904,15810560,1540898816
1787071427237.185,1713635328,109314048,47611904,15810560,1540898816
1787071427243.462,1713635328,109314048,47611904,15810560,1540898816
1787071427249.738,1713635328,109314048,47611904,15810560,1540898816
1787071427256.014,1713635328,109314048,47611904,15810560,1540898816
1787071427262.290,1713635328,109314048,47611904,15810560,1540898816
1787071427268.568,1713635328,109314048,47611904,15810560,1540898816
1787071427274.851,1713635328,109314048,47611904,15810560,1540898816
1787071427281.108,1713635328,109314048,47611904,15810560,1540898816
1787071427287.394,1713635328,109314048,47611904,15810560,1540898816
1787071427292.966,1713635328,109314048,47611904,15810560,1540898816
1787071427299.246,1713635328,109314048,47611904,15810560,1540898816
1787071427304.827,1713635328,109314048,47611904,15810560,1540898816
1787071427309.975,1713635328,109314048,47611904,15810560,1540898816
1787071427316.252,1713635328,109314048,47611904,15810560,1540898816
1787071427322.532,1713635328,109314048,47611904,15810560,1540898816
1787071427328.808,1713635328,109314048,47611904,15810560,1540898816
1787071427334.701,1713635328,109314048,47611904,15810560,1540898816
1787071427340.987,1713635328,109314048,47611904,15810560,1540898816
1787071427347.068,1713635328,109314048,47611904,15810560,1540898816
1787071427353.346,1719222272,109314048,47611904,15810560,1546485760
1787071427359.523,1719238656,109314048,47611904,15810560,1546502144
1787071427365.806,1719238656,109314048,47611904,15810560,1546502144
1787071427372.071,1719238656,109314048,47611904,15810560,1546502144
1787071427378.348,1719238656,109314048,47611904,15810560,1546502144
1787071427384.524,1719238656,109314048,47611904,15810560,1546502144
1787071427390.413,1719238656,109314048,47611904,15810560,1546502144
1787071427396.698,1719304192,109314048,47611904,15810560,1546567680
1787071427402.978,1719304192,109314048,47611904,15810560,1546567680
1787071427409.255,1719304192,109314048,47611904,15810560,1546567680
1787071427414.320,1719304192,109314048,47611904,15810560,1546567680
1787071427420.597,1719304192,109314048,47611904,15810560,1546567680
1787071427426.875,1719304192,109314048,47611904,15810560,1546567680
1787071427433.151,1719304192,109314048,47611904,15810560,1546567680
1787071427439.427,1719336960,109314048,47611904,15810560,1546600448
1787071427445.703,1719353344,109314048,47611904,15810560,1546616832
1787071427451.979,1719353344,109314048,47611904,15810560,1546616832
1787071427458.252,1719353344,109314048,47611904,15810560,1546616832
1787071427464.522,1719353344,109314048,47611904,15810560,1546616832
1787071427470.802,1719353344,109314048,47611904,15810560,1546616832
1787071427476.493,1719353344,109314048,47611904,15810560,1546616832
1787071427482.765,1719353344,109314048,47611904,15810560,1546616832
1787071427488.736,1719631872,109314048,47611904,15810560,1546895360
1787071427495.073,1720156160,109314048,47611904,15810560,1547419648
1787071427501.190,1720664064,109314048,47611904,15810560,1547927552
1787071427507.476,1721221120,109314048,47611904,15810560,1548484608
1787071427513.754,1721745408,109314048,47611904,15810560,1549008896
1787071427520.031,1722286080,109314048,47611904,15810560,1549549568
1787071427526.182,1722400768,109330432,47611904,15810560,1549647872
1787071427532.466,1722400768,109330432,47611904,15810560,1549647872
1787071427538.733,1722384384,109314048,47611904,15810560,1549647872
1787071427545.000,1722384384,109314048,47611904,15810560,1549647872
1787071427550.900,1722384384,109314048,47611904,15810560,1549647872
1787071427557.177,1722384384,109314048,47611904,15810560,1549647872
1787071427563.456,1722384384,109314048,47611904,15810560,1549647872
1787071427569.733,1722384384,109314048,47611904,15810560,1549647872
1787071427576.015,1722384384,109314048,47611904,15810560,1549647872
1787071427581.104,1722384384,109314048,47611904,15810560,1549647872
1787071427587.385,1722384384,109314048,47611904,15810560,1549647872
1787071427593.069,1722384384,109314048,47611904,15810560,1549647872
1787071427599.356,1722384384,109314048,47611904,15810560,1549647872
1787071427605.404,1722400768,109314048,47611904,15810560,1549664256
1787071427611.680,1722400768,109314048,47611904,15810560,1549664256
1787071427617.856,1723301888,109314048,47611904,15810560,1550565376
1787071427624.134,1723334656,109314048,47611904,15810560,1550598144
1787071427630.421,1723367424,109314048,47611904,15810560,1550630912
1787071427636.714,1723400192,109314048,47611904,15810560,1550663680
1787071427642.854,1723449344,109314048,47611904,15810560,1550712832
1787071427649.132,1723547648,109314048,47611904,15810560,1550811136
1787071427655.418,1723629568,109314048,47611904,15810560,1550893056
1787071427661.700,1723727872,109314048,47611904,15810560,1550991360
1787071427667.979,1723793408,109314048,47611904,15810560,1551056896
1787071427674.257,1723842560,109314048,47611904,15810560,1551106048
1787071427680.536,1723858944,109314048,47611904,15810560,1551122432
1787071427686.814,1723858944,109314048,47611904,15810560,1551122432
1787071427693.092,1723858944,109314048,47611904,15810560,1551122432
1787071427699.369,1723858944,109314048,47611904,15810560,1551122432
1787071427705.646,1723858944,109314048,47611904,15810560,1551122432
1787071427711.924,1723858944,109314048,47611904,15810560,1551122432
1787071427718.201,1723891712,109314048,47611904,15810560,1551155200
1787071427724.479,1723940864,109314048,47611904,15810560,1551204352
1787071427730.757,1723940864,109314048,47611904,15810560,1551204352
1787071427737.031,1723940864,109314048,47611904,15810560,1551204352
1787071427743.074,1723940864,109314048,47611904,15810560,1551204352
1787071427749.359,1723940864,109314048,47611904,15810560,1551204352
1787071427755.635,1723940864,109314048,47611904,15810560,1551204352
1787071427761.911,1723940864,109314048,47611904,15810560,1551204352
1787071427767.856,1724235776,109314048,47611904,15810560,1551499264
1787071427774.135,1724235776,109314048,47611904,15810560,1551499264
1787071427780.425,1724235776,109314048,47611904,15810560,1551499264
1787071427786.703,1724235776,109314048,47611904,15810560,1551499264
1787071427792.979,1724235776,109314048,47611904,15810560,1551499264
1787071427799.255,1724235776,109314048,47611904,15810560,1551499264
1787071427805.531,1724235776,109314048,47611904,15810560,1551499264
1787071427811.806,1724235776,109314048,47611904,15810560,1551499264
1787071427818.083,1724235776,109314048,47611904,15810560,1551499264
1787071427824.357,1724235776,109314048,47611904,15810560,1551499264
1787071427830.639,1724235776,109314048,47611904,15810560,1551499264
1787071427836.925,1724170240,109314048,47611904,15745024,1551499264
1787071427843.205,1724170240,109314048,47611904,15745024,1551499264
1787071427849.384,1724170240,109314048,47611904,15745024,1551499264
1787071427855.663,1728757760,109314048,47611904,15745024,1556086784
1787071427861.940,1738883072,109314048,47611904,15745024,1566212096
1787071427868.289,1749352448,109314048,47611904,15745024,1576681472
1787071427874.567,1769783296,109314048,47611904,15745024,1597112320
1787071427880.787,1782906880,109314048,47611904,15745024,1610235904
1787071427887.064,1782906880,109314048,47611904,15745024,1610235904
1787071427893.341,1782906880,109314048,47611904,15745024,1610235904
1787071427899.617,1782906880,109314048,47611904,15745024,1610235904
1787071427905.890,1782906880,109314048,47611904,15745024,1610235904
1787071427912.164,1782906880,109314048,47611904,15745024,1610235904
1787071427918.441,1782906880,109314048,47611904,15745024,1610235904
1787071427924.718,1782906880,109314048,47611904,15745024,1610235904
1787071427930.994,1782906880,109314048,47611904,15745024,1610235904
1787071427937.270,1782906880,109314048,47611904,15745024,1610235904
1787071427943.552,1796620288,109314048,47611904,15745024,1623949312
1787071427949.159,1797095424,109314048,47611904,15745024,1624424448
1787071427955.439,1797603328,109314048,47611904,15745024,1624932352
1787071427961.716,1798062080,109314048,47611904,15745024,1625391104
1787071427967.992,1798520832,109314048,47611904,15745024,1625849856
1787071427974.268,1798963200,109314048,47611904,15745024,1626292224
1787071427980.544,1799454720,109314048,47611904,15745024,1626783744
1787071427986.820,1799929856,109314048,47611904,15745024,1627258880
1787071427993.104,1799929856,109314048,47611904,15745024,1627258880
1787071427999.382,1799929856,109314048,47611904,15745024,1627258880
1787071428005.659,1799929856,109314048,47611904,15745024,1627258880
1787071428011.943,1799929856,109314048,47611904,15745024,1627258880
1787071428024.608,1800175616,109314048,47611904,15745024,1627504640
1787071428030.928,1800175616,109314048,47611904,15745024,1627504640
1787071428037.289,1793687552,102825984,47611904,15745024,1627504640
1787071428043.579,1793687552,102825984,47611904,15745024,1627504640
1787071428049.875,1793687552,102825984,47611904,15745024,1627504640
1787071428056.158,1793687552,102825984,47611904,15745024,1627504640
1787071428061.976,1793687552,102825984,47611904,15745024,1627504640
1787071428068.254,1793687552,102825984,47611904,15745024,1627504640
1787071428074.530,1793687552,102825984,47611904,15745024,1627504640
1787071428080.820,1793687552,102825984,47611904,15745024,1627504640
1787071428087.121,1793687552,102825984,47611904,15745024,1627504640
1787071428093.415,1793687552,102825984,47611904,15745024,1627504640
1787071428099.692,1793687552,102825984,47611904,15745024,1627504640
1787071428105.982,1793687552,102825984,47611904,15745024,1627504640
1787071428112.275,1793687552,102825984,47611904,15745024,1627504640
1787071428117.842,1793687552,102825984,47611904,15745024,1627504640
1787071428124.140,1793687552,102825984,47611904,15745024,1627504640
1787071428130.419,1793687552,102825984,47611904,15745024,1627504640
1787071428136.694,1793687552,102825984,47611904,15745024,1627504640
1787071428142.976,1793687552,102825984,47611904,15745024,1627504640
1787071428149.272,1793687552,102825984,47611904,15745024,1627504640
1787071428155.562,1793687552,102825984,47611904,15745024,1627504640
1787071428161.847,1793687552,102825984,47611904,15745024,1627504640
1787071428168.147,1793687552,102825984,47611904,15745024,1627504640
1787071428174.443,1793687552,102825984,47611904,15745024,1627504640
1787071428180.400,1793687552,102825984,47611904,15745024,1627504640
1787071428186.696,1793687552,102825984,47611904,15745024,1627504640
1787071428192.984,1793687552,102825984,47611904,15745024,1627504640
1787071428198.270,1793687552,102825984,47611904,15745024,1627504640
1787071428203.816,1793687552,102825984,47611904,15745024,1627504640
1787071428209.510,1793687552,102825984,47611904,15745024,1627504640
1787071428215.790,1793687552,102825984,47611904,15745024,1627504640
1787071428222.078,1793687552,102825984,47611904,15745024,1627504640
1787071428228.359,1793687552,102825984,47611904,15745024,1627504640
1787071428234.657,1793687552,102825984,47611904,15745024,1627504640
1787071428240.943,1793687552,102825984,47611904,15745024,1627504640
1787071428247.223,1793687552,102825984,47611904,15745024,1627504640
1787071428253.499,1793687552,102825984,47611904,15745024,1627504640
1787071428259.779,1793687552,102825984,47611904,15745024,1627504640
1787071428266.052,1793687552,102825984,47611904,15745024,1627504640
1787071428272.329,1793687552,102825984,47611904,15745024,1627504640
1787071428278.272,1793687552,102825984,47611904,15745024,1627504640
1787071428284.509,1793687552,102825984,47611904,15745024,1627504640
1787071428290.780,1793687552,102825984,47611904,15745024,1627504640
1787071428297.052,1793687552,102825984,47611904,15745024,1627504640
1787071428305.249,1793687552,102825984,47611904,15745024,1627504640
1787071428311.530,1793687552,102825984,47611904,15745024,1627504640
1787071428317.806,1793687552,102825984,47611904,15745024,1627504640
1787071428323.376,1793687552,102825984,47611904,15745024,1627504640
1787071428329.654,1793687552,102825984,47611904,15745024,1627504640
1787071428335.927,1793687552,102825984,47611904,15745024,1627504640
1787071428342.201,1793687552,102825984,47611904,15745024,1627504640
1787071428348.480,1793687552,102825984,47611904,15745024,1627504640
1787071428354.769,1793687552,102825984,47611904,15745024,1627504640
1787071428361.048,1793687552,102825984,47611904,15745024,1627504640
1787071428367.320,1793687552,102825984,47611904,15745024,1627504640
1787071428373.594,1793687552,102825984,47611904,15745024,1627504640
1787071428379.878,1793687552,102825984,47611904,15745024,1627504640
1787071428386.159,1793687552,102825984,47611904,15745024,1627504640
1787071428392.086,1793687552,102825984,47611904,15745024,1627504640
1787071428398.362,1793687552,102825984,47611904,15745024,1627504640
1787071428404.642,1793687552,102825984,47611904,15745024,1627504640
1787071428410.924,1793687552,102825984,47611904,15745024,1627504640
1787071428417.207,1793687552,102825984,47611904,15745024,1627504640
1787071428423.496,1793687552,102825984,47611904,15745024,1627504640
1787071428429.784,1793687552,102825984,47611904,15745024,1627504640
1787071428436.076,1793687552,102825984,47611904,15745024,1627504640
1787071428442.367,1793687552,102825984,47611904,15745024,1627504640
1787071428448.483,1793687552,102825984,47611904,15745024,1627504640
1787071428454.773,1793687552,102825984,47611904,15745024,1627504640
1787071428461.070,1793687552,102825984,47611904,15745024,1627504640
1787071428467.351,1793687552,102825984,47611904,15745024,1627504640
1787071428473.631,1793687552,102825984,47611904,15745024,1627504640
1787071428479.914,1793687552,102825984,47611904,15745024,1627504640
1787071428486.198,1793687552,102825984,47611904,15745024,1627504640
1787071428492.481,1793687552,102825984,47611904,15745024,1627504640
1787071428498.525,1793687552,102825984,47611904,15745024,1627504640
1787071428504.281,1793687552,102825984,47611904,15745024,1627504640
1787071428509.512,1793687552,102825984,47611904,15745024,1627504640
1787071428515.793,1793687552,102825984,47611904,15745024,1627504640
1787071428522.069,1793687552,102825984,47611904,15745024,1627504640
1787071428528.351,1793687552,102825984,47611904,15745024,1627504640
1787071428534.626,1793687552,102825984,47611904,15745024,1627504640
1787071428540.905,1793687552,102825984,47611904,15745024,1627504640
1787071428547.184,1793687552,102825984,47611904,15745024,1627504640
1787071428553.393,1793687552,102825984,47611904,15745024,1627504640
1787071428559.316,1793687552,102825984,47611904,15745024,1627504640
1787071428565.596,1793687552,102825984,47611904,15745024,1627504640
1787071428571.869,1793687552,102825984,47611904,15745024,1627504640
1787071428578.145,1793687552,102825984,47611904,15745024,1627504640
1787071428584.430,1793687552,102825984,47611904,15745024,1627504640
1787071428590.713,1793687552,102825984,47611904,15745024,1627504640
1787071428596.999,1793687552,102825984,47611904,15745024,1627504640
1787071428603.288,1793687552,102825984,47611904,15745024,1627504640
1787071428609.514,1793687552,102825984,47611904,15745024,1627504640
1787071428615.797,1793687552,102825984,47611904,15745024,1627504640
1787071428622.123,1793687552,102825984,47611904,15745024,1627504640
1787071428627.963,1793687552,102825984,47611904,15745024,1627504640
1787071428634.253,1793687552,102825984,47611904,15745024,1627504640
1787071428640.543,1793687552,102825984,47611904,15745024,1627504640
1787071428646.823,1793687552,102825984,47611904,15745024,1627504640
1787071428653.090,1793687552,102825984,47611904,15745024,1627504640
1787071428659.362,1793687552,102825984,47611904,15745024,1627504640
1787071428665.632,1793687552,102825984,47611904,15745024,1627504640
1787071428671.902,1793687552,102825984,47611904,15745024,1627504640
1787071428678.167,1793687552,102825984,47611904,15745024,1627504640
1787071428684.434,1793687552,102825984,47611904,15745024,1627504640
1787071428690.701,1793687552,102825984,47611904,15745024,1627504640
1787071428696.963,1793703936,102825984,47611904,15745024,1627521024
1787071428703.225,1793949696,102825984,47628288,15745024,1627750400
1787071428709.490,1795538944,102825984,47628288,15745024,1629339648
1787071428715.759,1796767744,102825984,47628288,15745024,1630568448
1787071428722.039,1797799936,102825984,47628288,15745024,1631600640
1787071428728.304,1798537216,102825984,47628288,15745024,1632337920
1787071428734.568,1799307264,102825984,47628288,15745024,1633107968
1787071428740.831,1800044544,102825984,47628288,15745024,1633845248
1787071428747.097,1800814592,102825984,47628288,15745024,1634615296
1787071428753.377,1801748480,102825984,47628288,15745024,1635549184
1787071428759.663,1802452992,102825984,47628288,15745024,1636253696
1787071428765.942,1803206656,102825984,47628288,15745024,1637007360
1787071428772.219,1804173312,102825984,47628288,15745024,1637974016
1787071428778.495,1807630336,102825984,47628288,15745024,1641431040
1787071428783.604,1809809408,102825984,47628288,15745024,1643610112
1787071428789.429,1810792448,102825984,47628288,15745024,1644593152
1787071428795.711,1811595264,102825984,47628288,15745024,1645395968
1787071428801.221,1812267008,102825984,47628288,15745024,1646067712
1787071428807.113,1813020672,102825984,47628288,15745024,1646821376
1787071428813.391,1813757952,102825984,47628288,15745024,1647558656
1787071428819.667,1814511616,102825984,47628288,15745024,1648312320
1787071428825.943,1815248896,102825984,47628288,15745024,1649049600
1787071428832.220,1821032448,102825984,47628288,15745024,1654833152
1787071428838.497,1838284800,102825984,47628288,15745024,1672085504
1787071428844.774,1856159744,102825984,47628288,15745024,1689960448
1787071428850.323,1871183872,102825984,47628288,15745024,1704984576
1787071428856.255,1887141888,102825984,47628288,15745024,1720942592
1787071428862.535,1904263168,102825984,47628288,15745024,1738063872
1787071428868.097,1919533056,102825984,47628288,15745024,1753333760
1787071428874.020,1935491072,102825984,47628288,15745024,1769291776
1787071428880.290,1949040640,102825984,47628288,15745024,1782841344
1787071428886.570,1949040640,102825984,47628288,15745024,1782841344
1787071428892.850,1949057024,102825984,47628288,15745024,1782857728
1787071428899.125,1949089792,102825984,47628288,15745024,1782890496
1787071428905.411,1949106176,102825984,47628288,15745024,1782906880
1787071428911.690,1949106176,102825984,47628288,15745024,1782906880
1787071428917.970,1949106176,102825984,47628288,15745024,1782906880
1787071428924.248,1949122560,102825984,47628288,15745024,1782923264
1787071428930.530,1949122560,102825984,47628288,15745024,1782923264
1787071428936.811,1949122560,102825984,47628288,15745024,1782923264
1787071428942.857,1949171712,102825984,47628288,15745024,1782972416
1787071428949.135,1949188096,102825984,47628288,15745024,1782988800
1787071428955.415,1949384704,102825984,47628288,15745024,1783185408
1787071428961.691,1949564928,102825984,47628288,15745024,1783365632
1787071428967.967,1949745152,102825984,47628288,15745024,1783545856
1787071428974.243,1949892608,102825984,47628288,15745024,1783693312
1787071428980.519,1950089216,102825984,47628288,15745024,1783889920
1787071428986.801,1950220288,102825984,47628288,15745024,1784020992
1787071428993.085,1950384128,102825984,47628288,15745024,1784184832
1787071428998.934,1950531584,102825984,47628288,15745024,1784332288
1787071429005.223,1950728192,102825984,47628288,15745024,1784528896
1787071429011.502,1950990336,102825984,47628288,15745024,1784791040
1787071429017.786,1951105024,102825984,47628288,15745024,1784905728
1787071429024.074,1951285248,102825984,47628288,15745024,1785085952
1787071429029.850,1951432704,102825984,47628288,15745024,1785233408
1787071429036.129,1951612928,102825984,47628288,15745024,1785413632
1787071429042.406,1951776768,102825984,47628288,15745024,1785577472
1787071429048.682,1951907840,102825984,47628288,15745024,1785708544
1787071429054.958,1955692544,102825984,47628288,15745024,1789493248
1787071429061.234,1962852352,102825984,47628288,15745024,1796653056
1787071429067.511,1962868736,102825984,47628288,15745024,1796669440
1787071429073.789,1962868736,102825984,47628288,15745024,1796669440
1787071429080.064,1962885120,102825984,47628288,15745024,1796685824
1787071429086.341,1962885120,102825984,47628288,15745024,1796685824
1787071429092.619,1962885120,102825984,47628288,15745024,1796685824
1787071429098.898,1962885120,102825984,47628288,15745024,1796685824
1787071429105.175,1962901504,102825984,47628288,15745024,1796702208
1787071429111.451,1962901504,102825984,47628288,15745024,1796702208
1787071429117.727,1962901504,102825984,47628288,15745024,1796702208
1787071429124.004,1962934272,102825984,47628288,15745024,1796734976
1787071429129.449,1962934272,102825984,47628288,15745024,1796734976
1787071429135.731,1962950656,102825984,47628288,15745024,1796751360
1787071429142.014,1962967040,102825984,47628288,15745024,1796767744
1787071429148.080,1962983424,102825984,47628288,15745024,1796784128
1787071429154.355,1962999808,102825984,47628288,15745024,1796800512
1787071429159.505,1963016192,102825984,47628288,15745024,1796816896
1787071429165.717,1963016192,102825984,47628288,15745024,1796816896
1787071429171.218,1963016192,102825984,47628288,15745024,1796816896
1787071429177.501,1963016192,102825984,47628288,15745024,1796816896
1787071429183.779,1963016192,102825984,47628288,15745024,1796816896
1787071429190.056,1963016192,102825984,47628288,15745024,1796816896
1787071429196.332,1963032576,102825984,47628288,15745024,1796833280
1787071429202.607,1963048960,102825984,47628288,15745024,1796849664
1787071429208.892,1963048960,102825984,47628288,15745024,1796849664
1787071429215.119,1963048960,102825984,47628288,15745024,1796849664
1787071429221.396,1963048960,102825984,47628288,15745024,1796849664
1787071429227.671,1963065344,102825984,47628288,15745024,1796866048
1787071429232.819,1963065344,102825984,47628288,15745024,1796866048
1787071429239.100,1966866432,102825984,47628288,15745024,1800667136
1787071429244.761,1966866432,102825984,47628288,15745024,1800667136
1787071429250.634,1966866432,102825984,47628288,15745024,1800667136
1787071429256.910,1966882816,102825984,47628288,15745024,1800683520
1787071429263.186,1966882816,102825984,47628288,15745024,1800683520
1787071429269.462,1966899200,102825984,47628288,15745024,1800699904
1787071429275.739,1966915584,102825984,47628288,15745024,1800716288
1787071429282.021,1966915584,102825984,47628288,15745024,1800716288
1787071429288.298,1966915584,102825984,47628288,15745024,1800716288
1787071429294.572,1966931968,102825984,47628288,15745024,1800732672
1787071429300.846,1966931968,102825984,47628288,15745024,1800732672
1787071429307.125,1966948352,102825984,47628288,15745024,1800749056
1787071429313.401,1966948352,102825984,47628288,15745024,1800749056
1787071429319.677,1966948352,102825984,47628288,15745024,1800749056
1787071429325.954,1966948352,102825984,47628288,15745024,1800749056
1787071429332.231,1966981120,102825984,47628288,15745024,1800781824
1787071429338.512,1966981120,102825984,47628288,15745024,1800781824
1787071429344.655,1968635904,102825984,47628288,15745024,1802436608
1787071429349.736,1972338688,102825984,47628288,15745024,1806139392
1787071429355.395,1976401920,102825984,47628288,15745024,1810202624
1787071429361.650,1977597952,102825984,47628288,15745024,1811398656
1787071429367.979,1977925632,102825984,47628288,15745024,1811726336
1787071429374.256,1977925632,102825984,47628288,15745024,1811726336
1787071429379.715,1977991168,102825984,47628288,15745024,1811791872
1787071429385.993,1978007552,102825984,47628288,15745024,1811808256
1787071429392.140,1978007552,102825984,47628288,15745024,1811808256
1787071429398.418,1978007552,102825984,47628288,15745024,1811808256
1787071429404.695,1978007552,102825984,47628288,15745024,1811808256
1787071429410.970,1978007552,102825984,47628288,15745024,1811808256
1787071429417.248,1978007552,102825984,47628288,15745024,1811808256
1787071429423.524,1978007552,102825984,47628288,15745024,1811808256
1787071429429.799,1978007552,102825984,47628288,15745024,1811808256
1787071429436.079,1978007552,102825984,47628288,15745024,1811808256
1787071429442.075,1978007552,102825984,47628288,15745024,1811808256
1787071429448.353,1978007552,102825984,47628288,15745024,1811808256
1787071429454.630,1978007552,102825984,47628288,15745024,1811808256
1787071429460.909,1978007552,102825984,47628288,15745024,1811808256
1787071429467.191,1978007552,102825984,47628288,15745024,1811808256
1787071429472.437,1978007552,102825984,47628288,15745024,1811808256
1787071429478.715,1978007552,102825984,47628288,15745024,1811808256
1787071429484.993,1978007552,102825984,47628288,15745024,1811808256
1787071429491.272,1978761216,102825984,47628288,15745024,1812561920
1787071429497.548,1978761216,102825984,47628288,15745024,1812561920
1787071429503.825,1978843136,102825984,47628288,15745024,1812643840
1787071429509.706,1979236352,102825984,47628288,15745024,1813037056
1787071429515.982,1979236352,102825984,47628288,15745024,1813037056
1787071429521.072,1979236352,102825984,47628288,15745024,1813037056
1787071429526.170,1979236352,102825984,47628288,15745024,1813037056
1787071429532.450,1979236352,102825984,47628288,15745024,1813037056
1787071429538.727,1979236352,102825984,47628288,15745024,1813037056
1787071429545.003,1979236352,102825984,47628288,15745024,1813037056
1787071429550.438,1979236352,102825984,47628288,15745024,1813037056
1787071429556.686,1979236352,102825984,47628288,15745024,1813037056
1787071429562.966,1979236352,102825984,47628288,15745024,1813037056
1787071429569.245,1979236352,102825984,47628288,15745024,1813037056
1787071429575.523,1979236352,102825984,47628288,15745024,1813037056
1787071429581.799,1979236352,102825984,47628288,15745024,1813037056
1787071429588.075,1979236352,102825984,47628288,15745024,1813037056
1787071429594.354,1979236352,102825984,47628288,15745024,1813037056
1787071429600.639,1979236352,102825984,47628288,15745024,1813037056
1787071429606.351,1979236352,102825984,47628288,15745024,1813037056
1787071429612.627,1979236352,102825984,47628288,15745024,1813037056
1787071429618.904,1979416576,102825984,47628288,15745024,1813217280
1787071429624.373,1979416576,102825984,47628288,15745024,1813217280
1787071429630.393,1980530688,102825984,47628288,15745024,1814331392
1787071429636.551,1980547072,102825984,47628288,15745024,1814347776
1787071429642.835,1980547072,102825984,47628288,15745024,1814347776
1787071429649.114,1980547072,102825984,47628288,15745024,1814347776
1787071429655.394,1980547072,102825984,47628288,15745024,1814347776
1787071429661.053,1980547072,102825984,47628288,15745024,1814347776
1787071429667.332,1980547072,102825984,47628288,15745024,1814347776
1787071429673.494,1980547072,102825984,47628288,15745024,1814347776
1787071429678.728,1980547072,102825984,47628288,15745024,1814347776
1787071429684.501,1980547072,102825984,47628288,15745024,1814347776
1787071429690.785,1980547072,102825984,47628288,15745024,1814347776
1787071429696.631,1980547072,102825984,47628288,15745024,1814347776
1787071429702.908,1980547072,102825984,47628288,15745024,1814347776
1787071429709.185,1980547072,102825984,47628288,15745024,1814347776
1787071429715.462,1980547072,102825984,47628288,15745024,1814347776
1787071429721.743,1980547072,102825984,47628288,15745024,1814347776
1787071429727.956,1980547072,102825984,47628288,15745024,1814347776
1787071429734.266,1980547072,102825984,47628288,15745024,1814347776
1787071429740.542,1980547072,102825984,47628288,15745024,1814347776
1787071429746.819,1980547072,102825984,47628288,15745024,1814347776
1787071429753.106,1980547072,102825984,47628288,15745024,1814347776
1787071429759.387,1980547072,102825984,47628288,15745024,1814347776
1787071429764.681,1980547072,102825984,47628288,15745024,1814347776
1787071429770.961,1980547072,102825984,47628288,15745024,1814347776
1787071429776.167,1980547072,102825984,47628288,15745024,1814347776
1787071429782.448,1980547072,102825984,47628288,15745024,1814347776
1787071429788.726,1980547072,102825984,47628288,15745024,1814347776
1787071429795.002,1980547072,102825984,47628288,15745024,1814347776
1787071429801.278,1980547072,102825984,47628288,15745024,1814347776
1787071429807.554,1980547072,102825984,47628288,15745024,1814347776
1787071429813.831,1980547072,102825984,47628288,15745024,1814347776
1787071429820.106,1980547072,102825984,47628288,15745024,1814347776
1787071429826.383,1980547072,102825984,47628288,15745024,1814347776
1787071429832.659,1980547072,102825984,47628288,15745024,1814347776
1787071429838.561,1980547072,102825984,47628288,15745024,1814347776
1787071429844.846,1980547072,102825984,47628288,15745024,1814347776
1787071429850.421,1980547072,102825984,47628288,15745024,1814347776
1787071429856.697,1980547072,102825984,47628288,15745024,1814347776
1787071429862.976,1980547072,102825984,47628288,15745024,1814347776
1787071429869.252,1980547072,102825984,47628288,15745024,1814347776
1787071429875.536,1980547072,102825984,47628288,15745024,1814347776
1787071429881.813,1980874752,102825984,47628288,15745024,1814675456
1787071429887.982,1980874752,102825984,47628288,15745024,1814675456
1787071429894.266,1980874752,102825984,47628288,15745024,1814675456
1787071429899.844,1981464576,102825984,47628288,15745024,1815265280
1787071429905.393,1981464576,102825984,47628288,15745024,1815265280
1787071429911.681,1981530112,102825984,47628288,15745024,1815330816
1787071429917.961,1981530112,102825984,47628288,15745024,1815330816
1787071429923.350,1981710336,102825984,47628288,15745024,1815511040
1787071429929.468,1981726720,102825984,47628288,15745024,1815527424
1787071429935.746,1981956096,102825984,47628288,15745024,1815756800
1787071429942.023,1981956096,102825984,47628288,15745024,1815756800
1787071429948.298,1981988864,102825984,47628288,15745024,1815789568
1787071429954.586,1982005248,102825984,47628288,15745024,1815805952
1787071429960.866,1982021632,102825984,47628288,15745024,1815822336
1787071429967.145,1982087168,102825984,47628288,15745024,1815887872
1787071429973.421,1982169088,102825984,47628288,15745024,1815969792
1787071429979.703,1982201856,102825984,47628288,15745024,1816002560
1787071429985.979,1982251008,102825984,47628288,15745024,1816051712
1787071429992.256,1982300160,102825984,47628288,15745024,1816100864
1787071429998.534,1982332928,102825984,47628288,15745024,1816133632
1787071430004.811,1982382080,102825984,47628288,15745024,1816182784
1787071430010.512,1982414848,102825984,47628288,15745024,1816215552
1787071430016.797,1982447616,102825984,47628288,15745024,1816248320
1787071430023.063,1982480384,102825984,47628288,15745024,1816281088
1787071430029.334,1982529536,102825984,47628288,15745024,1816330240
1787071430035.605,1982529536,102825984,47628288,15745024,1816330240
1787071430041.866,1982545920,102825984,47628288,15745024,1816346624
1787071430048.127,1982545920,102825984,47628288,15745024,1816346624
1787071430054.386,1982578688,102825984,47628288,15745024,1816379392
1787071430059.691,1982627840,102825984,47628288,15745024,1816428544
1787071430065.952,1982693376,102825984,47628288,15745024,1816494080
1787071430072.051,1982758912,102825984,47628288,15745024,1816559616
1787071430078.320,1985511424,102825984,47628288,15745024,1819312128
1787071430084.593,1986674688,102825984,47628288,15745024,1820475392
1787071430090.860,1990066176,102825984,47628288,15745024,1823866880
1787071430097.125,1990197248,102825984,47628288,15745024,1823997952
1787071430103.434,1990279168,102825984,47628288,15745024,1824079872
1787071430109.663,1990426624,102825984,47628288,15745024,1824227328
1787071430115.368,1990672384,102825984,47628288,15745024,1824473088
1787071430121.646,1991000064,102825984,47628288,15745024,1824800768
1787071430127.925,1991294976,102825984,47628288,15745024,1825095680
1787071430134.204,1991606272,102825984,47628288,15745024,1825406976
1787071430139.513,1991884800,102825984,47628288,15745024,1825685504
1787071430145.790,1992196096,102825984,47628288,15745024,1825996800
1787071430152.068,1992540160,102825984,47628288,15745024,1826340864
1787071430157.106,1992785920,102825984,47628288,15745024,1826586624
1787071430163.383,1993129984,102825984,47628288,15745024,1826930688
1787071430169.668,1993474048,102825984,47628288,15745024,1827274752
1787071430174.898,1994457088,102825984,47628288,15745024,1828257792
1787071430181.077,2000846848,102825984,47628288,15745024,1834647552
1787071430186.759,2006712320,102825984,47628288,15745024,1840513024
1787071430192.834,2012725248,102825984,47628288,15745024,1846525952
1787071430198.605,2018361344,102825984,47628288,15745024,1852162048
1787071430204.885,2024718336,102825984,47628288,15745024,1858519040
1787071430211.162,2027765760,102825984,47628288,15745024,1861566464
1787071430217.438,2037366784,102825984,47628288,15745024,1871167488
1787071430222.917,2053636096,102825984,47628288,15745024,1887436800
1787071430229.202,2061123584,102825984,47628288,15745024,1894924288
1787071430235.486,2061123584,102825984,47628288,15745024,1894924288
1787071430241.767,2061254656,102825984,47628288,15745024,1895055360
1787071430248.046,2061369344,102825984,47628288,15745024,1895170048
1787071430254.324,2061369344,102825984,47628288,15745024,1895170048
1787071430260.598,2061369344,102825984,47628288,15745024,1895170048
1787071430266.874,2061369344,102825984,47628288,15745024,1895170048
1787071430272.378,2061369344,102825984,47628288,15745024,1895170048
1787071430278.661,2061369344,102825984,47628288,15745024,1895170048
1787071430284.938,2061369344,102825984,47628288,15745024,1895170048
1787071430291.215,2061369344,102825984,47628288,15745024,1895170048
1787071430297.495,2061369344,102825984,47628288,15745024,1895170048
1787071430303.772,2061385728,102825984,47628288,15745024,1895186432
1787071430310.048,2061385728,102825984,47628288,15745024,1895186432
1787071430316.325,2061385728,102825984,47628288,15745024,1895186432
1787071430322.600,2061385728,102825984,47628288,15745024,1895186432
1787071430328.883,2061385728,102825984,47628288,15745024,1895186432
1787071430335.163,2061434880,102825984,47628288,15745024,1895235584
1787071430341.441,2061434880,102825984,47628288,15745024,1895235584
1787071430347.055,2061533184,102825984,47628288,15745024,1895333888
1787071430353.331,2061533184,102825984,47628288,15745024,1895333888
1787071430359.494,2061533184,102825984,47628288,15745024,1895333888
1787071430365.775,2061533184,102825984,47628288,15745024,1895333888
1787071430372.040,2061549568,102825984,47628288,15745024,1895350272
1787071430378.332,2061549568,102825984,47628288,15745024,1895350272
1787071430384.611,2061549568,102825984,47628288,15745024,1895350272
1787071430390.889,2061549568,102825984,47628288,15745024,1895350272
1787071430397.166,2061549568,102825984,47628288,15745024,1895350272
1787071430403.444,2061549568,102825984,47628288,15745024,1895350272
1787071430409.721,2061549568,102825984,47628288,15745024,1895350272
1787071430415.999,2061565952,102825984,47628288,15745024,1895366656
1787071430422.277,2061860864,102825984,47628288,15745024,1895661568
1787071430428.554,2061860864,102825984,47628288,15745024,1895661568
1787071430434.832,2061860864,102825984,47628288,15745024,1895661568
1787071430441.109,2061860864,102825984,47628288,15745024,1895661568
1787071430447.386,2061860864,102825984,47628288,15745024,1895661568
1787071430453.662,2061860864,102825984,47628288,15745024,1895661568
1787071430459.938,2061860864,102825984,47628288,15745024,1895661568
1787071430466.216,2061860864,102825984,47628288,15745024,1895661568
1787071430472.493,2061860864,102825984,47628288,15745024,1895661568
1787071430478.808,2061877248,102825984,47628288,15745024,1895677952
1787071430485.084,2062123008,102825984,47628288,15745024,1895923712
1787071430491.363,2062680064,102825984,47628288,15745024,1896480768
1787071430497.639,2062680064,102825984,47628288,15745024,1896480768
1787071430503.917,2062680064,102825984,47628288,15745024,1896480768
1787071430509.722,2062680064,102825984,47628288,15745024,1896480768
1787071430516.000,2062680064,102825984,47628288,15745024,1896480768
1787071430522.279,2062680064,102825984,47628288,15745024,1896480768
1787071430528.557,2062680064,102825984,47628288,15745024,1896480768
1787071430534.833,2062680064,102825984,47628288,15745024,1896480768
1787071430541.110,2062680064,102825984,47628288,15745024,1896480768
1787071430547.387,2062680064,102825984,47628288,15745024,1896480768
1787071430553.664,2062680064,102825984,47628288,15745024,1896480768
1787071430559.943,2062680064,102825984,47628288,15745024,1896480768
1787071430566.225,2062680064,102825984,47628288,15745024,1896480768
1787071430572.502,2062680064,102825984,47628288,15745024,1896480768
1787071430578.780,2062680064,102825984,47628288,15745024,1896480768
1787071430585.058,2062680064,102825984,47628288,15745024,1896480768
1787071430591.338,2062680064,102825984,47628288,15745024,1896480768
1787071430597.619,2062680064,102825984,47628288,15745024,1896480768
1787071430603.901,2062680064,102825984,47628288,15745024,1896480768
1787071430610.178,2062680064,102825984,47628288,15745024,1896480768
1787071430616.456,2062680064,102825984,47628288,15745024,1896480768
1787071430622.733,2063777792,102825984,47628288,15745024,1897578496
1787071430629.010,2063777792,102825984,47628288,15745024,1897578496
1787071430635.289,2064564224,102825984,48152576,15745024,1897840640
1787071430641.567,2064138240,102842368,47710208,15745024,1897840640
1787071430647.854,2064154624,102842368,47710208,15745024,1897857024
1787071430654.138,2064187392,102842368,47710208,15745024,1897889792
1787071430660.422,2064416768,102842368,47710208,15745024,1898119168
1787071430666.703,2064809984,102842368,47710208,15745024,1898512384
1787071430672.419,2064809984,102842368,47710208,15745024,1898512384
1787071430678.700,2064875520,102842368,47710208,15745024,1898577920
1787071430684.493,2064875520,102842368,47710208,15745024,1898577920
1787071430690.771,2064875520,102842368,47710208,15745024,1898577920
1787071430697.047,2064875520,102842368,47710208,15745024,1898577920
1787071430703.322,2064875520,102842368,47710208,15745024,1898577920
1787071430709.493,2064875520,102842368,47710208,15745024,1898577920
1787071430715.770,2064875520,102842368,47710208,15745024,1898577920
1787071430722.052,2064875520,102842368,47710208,15745024,1898577920
1787071430728.327,2064875520,102842368,47710208,15745024,1898577920
1787071430734.489,2064957440,102842368,47710208,15745024,1898659840
1787071430740.205,2065104896,102842368,47710208,15745024,1898807296
1787071430746.489,2065121280,102842368,47710208,15745024,1898823680
1787071430752.057,2065121280,102842368,47710208,15745024,1898823680
1787071430758.331,2065170432,102842368,47710208,15745024,1898872832
1787071430763.719,2065170432,102842368,47710208,15745024,1898872832
1787071430769.995,2065170432,102842368,47710208,15745024,1898872832
1787071430776.157,2065170432,102842368,47710208,15745024,1898872832
1787071430781.656,2065170432,102842368,47710208,15745024,1898872832
1787071430787.933,2065170432,102842368,47710208,15745024,1898872832
1787071430793.842,2065170432,102842368,47710208,15745024,1898872832
1787071430800.122,2065252352,102842368,47710208,15745024,1898954752
1787071430806.400,2065285120,102842368,47710208,15745024,1898987520
1787071430812.680,2065285120,102842368,47710208,15745024,1898987520
1787071430818.957,2065285120,102842368,47710208,15745024,1898987520
1787071430825.232,2065285120,102842368,47710208,15745024,1898987520
1787071430831.511,2065285120,102842368,47710208,15745024,1898987520
1787071430836.758,2065285120,102842368,47710208,15745024,1898987520
1787071430842.824,2065285120,102842368,47710208,15745024,1898987520
1787071430849.152,2065285120,102842368,47710208,15745024,1898987520
1787071430854.471,2065285120,102842368,47710208,15745024,1898987520
1787071430860.749,2065285120,102842368,47710208,15745024,1898987520
1787071430867.027,2065285120,102842368,47710208,15745024,1898987520
1787071430872.422,2065285120,102842368,47710208,15745024,1898987520
1787071430878.705,2065285120,102842368,47710208,15745024,1898987520
1787071430884.983,2065285120,102842368,47710208,15745024,1898987520
1787071430891.259,2065285120,102842368,47710208,15745024,1898987520
1787071430896.940,2065285120,102842368,47710208,15745024,1898987520
1787071430903.220,2065285120,102842368,47710208,15745024,1898987520
1787071430909.502,2065285120,102842368,47710208,15745024,1898987520
1787071430915.780,2065285120,102842368,47710208,15745024,1898987520
1787071430922.055,2065285120,102842368,47710208,15745024,1898987520
1787071430928.333,2065285120,102842368,47710208,15745024,1898987520
1787071430934.611,2065285120,102842368,47710208,15745024,1898987520
1787071430940.889,2065383424,102842368,47710208,15745024,1899085824
1787071430946.870,2065432576,102842368,47710208,15745024,1899134976
1787071430953.149,2066776064,102842368,47710208,15745024,1900478464
1787071430958.875,2068021248,102842368,47710208,15745024,1901723648
1787071430965.054,2071511040,102842368,48955392,15745024,1903968256
1787071430971.216,2073526272,102858752,49922048,15745024,1905000448
1787071430976.925,2073935872,102858752,50118656,15745024,1905213440
1787071430983.204,2074066944,102891520,50216960,15745024,1905213440
1787071430988.659,2074099712,102891520,50216960,15745024,1905246208
1787071430994.940,2074099712,102891520,50216960,15745024,1905246208
1787071431000.068,2074099712,102891520,50216960,15745024,1905246208
1787071431006.177,2074116096,102891520,50216960,15745024,1905262592
1787071431012.455,2074116096,102891520,50216960,15745024,1905262592
1787071431018.734,2074116096,102891520,50216960,15745024,1905262592
1787071431025.015,2074116096,102891520,50216960,15745024,1905262592
1787071431031.289,2074116096,102891520,50216960,15745024,1905262592
1787071431037.568,2074116096,102891520,50216960,15745024,1905262592
1787071431043.844,2074116096,102891520,50216960,15745024,1905262592
1787071431050.140,2074116096,102891520,50216960,15745024,1905262592
1787071431055.322,2074116096,102891520,50216960,15745024,1905262592
1787071431061.622,2074116096,102891520,50216960,15745024,1905262592
1787071431067.916,2074116096,102891520,50216960,15745024,1905262592
1787071431074.214,2074116096,102891520,50216960,15745024,1905262592
1787071431080.501,2074116096,102891520,50216960,15745024,1905262592
1787071431086.782,2074116096,102891520,50216960,15745024,1905262592
1787071431093.066,2074116096,102891520,50216960,15745024,1905262592
1787071431099.349,2074116096,102891520,50216960,15745024,1905262592
1787071431105.632,2074116096,102891520,50216960,15745024,1905262592
1787071431111.912,2074116096,102891520,50216960,15745024,1905262592
1787071431118.193,2074116096,102891520,50216960,15745024,1905262592
1787071431123.483,2074116096,102891520,50216960,15745024,1905262592
1787071431129.784,2074116096,102891520,50216960,15745024,1905262592
1787071431136.065,2074116096,102891520,50216960,15745024,1905262592
1787071431141.804,2074116096,102891520,50216960,15745024,1905262592
1787071431148.094,2074116096,102891520,50216960,15745024,1905262592
1787071431154.386,2074116096,102891520,50216960,15745024,1905262592
1787071431160.334,2074116096,102891520,50216960,15745024,1905262592
1787071431166.621,2074116096,102891520,50216960,15745024,1905262592
1787071431172.894,2074116096,102891520,50216960,15745024,1905262592
1787071431179.177,2074116096,102891520,50216960,15745024,1905262592
1787071431185.457,2074116096,102891520,50216960,15745024,1905262592
1787071431191.735,2074116096,102891520,50216960,15745024,1905262592
1787071431198.023,2074116096,102891520,50216960,15745024,1905262592
1787071431204.313,2074116096,102891520,50216960,15745024,1905262592
1787071431210.592,2074116096,102891520,50216960,15745024,1905262592
1787071431216.619,2074116096,102891520,50216960,15745024,1905262592
1787071431222.896,2074116096,102891520,50216960,15745024,1905262592
1787071431229.174,2074116096,102891520,50216960,15745024,1905262592
1787071431234.494,2074116096,102891520,50216960,15745024,1905262592
1787071431240.776,2074116096,102891520,50216960,15745024,1905262592
1787071431247.053,2074116096,102891520,50216960,15745024,1905262592
1787071431252.255,2074116096,102891520,50216960,15745024,1905262592
1787071431258.518,2074116096,102891520,50216960,15745024,1905262592
1787071431264.787,2074116096,102891520,50216960,15745024,1905262592
1787071431271.065,2074116096,102891520,50216960,15745024,1905262592
1787071431277.353,2074116096,102891520,50216960,15745024,1905262592
1787071431283.413,2074116096,102891520,50216960,15745024,1905262592
1787071431289.695,2074116096,102891520,50216960,15745024,1905262592
1787071431295.971,2074116096,102891520,50216960,15745024,1905262592
1787071431301.333,2074116096,102891520,50216960,15745024,1905262592
1787071431307.615,2074116096,102891520,50216960,15745024,1905262592
1787071431313.892,2074116096,102891520,50216960,15745024,1905262592
1787071431320.165,2074116096,102891520,50216960,15745024,1905262592
1787071431326.440,2074116096,102891520,50216960,15745024,1905262592
1787071431332.717,2074116096,102891520,50216960,15745024,1905262592
1787071431338.993,2074099712,102875136,50216960,15745024,1905262592
1787071431345.276,2074099712,102875136,50216960,15745024,1905262592
1787071431351.562,2074099712,102875136,50216960,15745024,1905262592
1787071431357.839,2074099712,102875136,50216960,15745024,1905262592
1787071431363.666,2074099712,102875136,50216960,15745024,1905262592
1787071431369.946,2074099712,102875136,50216960,15745024,1905262592
1787071431376.221,2074099712,102875136,50216960,15745024,1905262592
1787071431382.499,2074099712,102875136,50216960,15745024,1905262592
1787071431388.661,2074099712,102875136,50216960,15745024,1905262592
1787071431394.938,2074099712,102875136,50216960,15745024,1905262592
1787071431401.214,2074099712,102875136,50216960,15745024,1905262592
1787071431407.488,2074099712,102875136,50216960,15745024,1905262592
1787071431413.764,2074099712,102875136,50216960,15745024,1905262592
1787071431420.039,2074099712,102875136,50216960,15745024,1905262592
1787071431425.451,2074099712,102875136,50216960,15745024,1905262592
1787071431431.731,2074099712,102875136,50216960,15745024,1905262592
1787071431438.008,2074099712,102875136,50216960,15745024,1905262592
1787071431444.284,2074099712,102875136,50216960,15745024,1905262592
1787071431450.437,2074099712,102875136,50216960,15745024,1905262592
1787071431456.722,2074099712,102875136,50216960,15745024,1905262592
1787071431463.011,2074099712,102875136,50216960,15745024,1905262592
1787071431469.292,2074099712,102875136,50216960,15745024,1905262592
1787071431475.577,2074099712,102875136,50216960,15745024,1905262592
1787071431481.855,2074099712,102875136,50216960,15745024,1905262592
1787071431488.132,2074099712,102875136,50216960,15745024,1905262592
1787071431494.412,2074099712,102875136,50216960,15745024,1905262592
1787071431500.690,2074116096,102891520,50216960,15745024,1905262592
1787071431506.979,2074116096,102891520,50216960,15745024,1905262592
1787071431513.259,2074116096,102891520,50216960,15745024,1905262592
1787071431519.538,2074132480,102891520,50216960,15745024,1905278976
1787071431525.822,2074132480,102891520,50216960,15745024,1905278976
1787071431532.098,2074132480,102891520,50216960,15745024,1905278976
1787071431538.375,2074132480,102891520,50216960,15745024,1905278976
1787071431544.659,2074132480,102891520,50216960,15745024,1905278976
1787071431550.305,2074132480,102891520,50216960,15745024,1905278976
1787071431556.587,2074132480,102891520,50216960,15745024,1905278976
1787071431562.876,2074132480,102891520,50216960,15745024,1905278976
1787071431569.160,2074132480,102891520,50216960,15745024,1905278976
1787071431575.445,2074132480,102891520,50216960,15745024,1905278976
1787071431581.724,2074132480,102891520,50216960,15745024,1905278976
1787071431588.060,2074132480,102891520,50216960,15745024,1905278976
1787071431594.349,2074132480,102891520,50216960,15745024,1905278976
1787071431600.634,2074132480,102891520,50216960,15745024,1905278976
1787071431606.919,2074132480,102891520,50216960,15745024,1905278976
1787071431613.209,2074132480,102891520,50216960,15745024,1905278976
1787071431619.482,2074132480,102891520,50216960,15745024,1905278976
1787071431625.750,2074132480,102891520,50216960,15745024,1905278976
1787071431632.031,2074132480,102891520,50216960,15745024,1905278976
1787071431638.311,2074132480,102891520,50216960,15745024,1905278976
1787071431644.596,2074132480,102891520,50216960,15745024,1905278976
1787071431650.873,2074132480,102891520,50216960,15745024,1905278976
1787071431656.808,2074132480,102891520,50216960,15745024,1905278976
1787071431663.083,2074132480,102891520,50216960,15745024,1905278976
1787071431669.359,2074132480,102891520,50216960,15745024,1905278976
1787071431675.636,2074132480,102891520,50216960,15745024,1905278976
1787071431681.812,2074132480,102891520,50216960,15745024,1905278976
1787071431688.089,2074132480,102891520,50216960,15745024,1905278976
1787071431694.368,2074132480,102891520,50216960,15745024,1905278976
1787071431700.642,2074132480,102891520,50216960,15745024,1905278976
1787071431706.916,2074132480,102891520,50216960,15745024,1905278976
1787071431713.191,2074132480,102891520,50216960,15745024,1905278976
1787071431719.466,2074132480,102891520,50216960,15745024,1905278976
1787071431725.292,2074132480,102891520,50216960,15745024,1905278976
1787071431731.568,2074132480,102891520,50216960,15745024,1905278976
1787071431737.851,2074132480,102891520,50216960,15745024,1905278976
1787071431743.967,2074132480,102891520,50216960,15745024,1905278976
1787071431750.252,2074132480,102891520,50216960,15745024,1905278976
1787071431756.534,2074132480,102891520,50216960,15745024,1905278976
1787071431762.813,2074132480,102891520,50216960,15745024,1905278976
1787071431769.090,2074132480,102891520,50216960,15745024,1905278976
1787071431775.366,2074132480,102891520,50216960,15745024,1905278976
1787071431781.651,2074148864,102891520,50233344,15745024,1905278976
1787071431787.926,2074148864,102891520,50233344,15745024,1905278976
1787071431794.204,2074148864,102891520,50233344,15745024,1905278976
1787071431800.479,2074148864,102891520,50233344,15745024,1905278976
1787071431806.753,2074148864,102891520,50233344,15745024,1905278976
1787071431813.028,2074148864,102891520,50233344,15745024,1905278976
1787071431819.310,2074148864,102891520,50233344,15745024,1905278976
1787071431825.588,2074148864,102891520,50233344,15745024,1905278976
1787071431831.863,2074148864,102891520,50233344,15745024,1905278976
1787071431838.147,2074148864,102891520,50233344,15745024,1905278976
1787071431844.425,2074148864,102891520,50233344,15745024,1905278976
1787071431850.705,2074148864,102891520,50233344,15745024,1905278976
1787071431855.744,2074132480,102875136,50233344,15745024,1905278976
1787071431862.021,2074132480,102875136,50233344,15745024,1905278976
1787071431868.296,2074132480,102875136,50233344,15745024,1905278976
1787071431874.573,2074132480,102875136,50233344,15745024,1905278976
1787071431880.848,2074132480,102875136,50233344,15745024,1905278976
1787071431886.731,2074132480,102875136,50233344,15745024,1905278976
1787071431893.008,2074132480,102875136,50233344,15745024,1905278976
1787071431899.299,2074132480,102875136,50233344,15745024,1905278976
1787071431905.579,2074132480,102875136,50233344,15745024,1905278976
1787071431911.854,2074132480,102875136,50233344,15745024,1905278976
1787071431917.993,2074132480,102875136,50233344,15745024,1905278976
1787071431924.269,2074132480,102875136,50233344,15745024,1905278976
1787071431930.543,2074132480,102875136,50233344,15745024,1905278976
1787071431936.824,2074132480,102875136,50233344,15745024,1905278976
1787071431943.110,2074132480,102875136,50233344,15745024,1905278976
1787071431949.388,2074132480,102875136,50233344,15745024,1905278976
1787071431955.462,2074132480,102875136,50233344,15745024,1905278976
1787071431961.774,2074132480,102875136,50233344,15745024,1905278976
1787071431968.051,2074132480,102875136,50233344,15745024,1905278976
1787071431974.327,2074132480,102875136,50233344,15745024,1905278976
1787071431980.603,2074132480,102875136,50233344,15745024,1905278976
1787071431986.879,2074132480,102875136,50233344,15745024,1905278976
1787071431993.155,2074132480,102875136,50233344,15745024,1905278976
1787071431998.589,2074132480,102875136,50233344,15745024,1905278976
1787071432004.878,2074132480,102875136,50233344,15745024,1905278976
1787071432011.157,2074132480,102875136,50233344,15745024,1905278976
1787071432017.435,2074132480,102875136,50233344,15745024,1905278976
1787071432023.724,2074132480,102875136,50233344,15745024,1905278976
1787071432030.025,2074132480,102875136,50233344,15745024,1905278976
1787071432036.306,2074132480,102875136,50233344,15745024,1905278976
1787071432042.592,2074132480,102875136,50233344,15745024,1905278976
1787071432048.873,2074132480,102875136,50233344,15745024,1905278976
1787071432055.150,2074132480,102875136,50233344,15745024,1905278976
1787071432061.430,2074132480,102875136,50233344,15745024,1905278976
1787071432067.711,2074132480,102875136,50233344,15745024,1905278976
1787071432073.988,2074132480,102875136,50233344,15745024,1905278976
1787071432080.263,2074132480,102875136,50233344,15745024,1905278976
1787071432086.543,2074132480,102875136,50233344,15745024,1905278976
1787071432092.823,2074132480,102875136,50233344,15745024,1905278976
1787071432099.106,2074132480,102875136,50233344,15745024,1905278976
1787071432105.388,2074132480,102875136,50233344,15745024,1905278976
1787071432110.544,2074132480,102875136,50233344,15745024,1905278976
1787071432116.114,2074132480,102875136,50233344,15745024,1905278976
1787071432122.395,2074132480,102875136,50233344,15745024,1905278976
1787071432128.672,2074132480,102875136,50233344,15745024,1905278976
1787071432134.948,2074132480,102875136,50233344,15745024,1905278976
1787071432141.223,2074132480,102875136,50233344,15745024,1905278976
1787071432147.498,2074132480,102875136,50233344,15745024,1905278976
1787071432153.774,2074132480,102875136,50233344,15745024,1905278976
1787071432160.050,2074132480,102875136,50233344,15745024,1905278976
1787071432166.327,2074132480,102875136,50233344,15745024,1905278976
1787071432172.603,2074132480,102875136,50233344,15745024,1905278976
1787071432178.877,2074132480,102875136,50233344,15745024,1905278976
1787071432185.152,2074132480,102875136,50233344,15745024,1905278976
1787071432191.427,2074132480,102875136,50233344,15745024,1905278976
1787071432197.702,2074132480,102875136,50233344,15745024,1905278976
1787071432203.979,2074132480,102875136,50233344,15745024,1905278976
1787071432210.255,2074132480,102875136,50233344,15745024,1905278976
1787071432216.530,2074132480,102875136,50233344,15745024,1905278976
1787071432222.804,2074132480,102875136,50233344,15745024,1905278976
1787071432229.079,2074132480,102875136,50233344,15745024,1905278976
1787071432235.354,2074132480,102875136,50233344,15745024,1905278976
1787071432241.628,2074132480,102875136,50233344,15745024,1905278976
1787071432247.406,2074132480,102875136,50233344,15745024,1905278976
1787071432253.650,2074132480,102875136,50233344,15745024,1905278976
1787071432259.930,2074132480,102875136,50233344,15745024,1905278976
1787071432266.208,2074132480,102875136,50233344,15745024,1905278976
1787071432272.485,2074132480,102875136,50233344,15745024,1905278976
1787071432278.759,2074132480,102875136,50233344,15745024,1905278976
1787071432285.035,2074132480,102875136,50233344,15745024,1905278976
1787071432291.309,2074132480,102875136,50233344,15745024,1905278976
1787071432297.470,2074132480,102875136,50233344,15745024,1905278976
1787071432303.413,2074132480,102875136,50233344,15745024,1905278976
1787071432309.644,2074132480,102875136,50233344,15745024,1905278976
1787071432315.918,2074132480,102875136,50233344,15745024,1905278976
1787071432322.194,2074132480,102875136,50233344,15745024,1905278976
1787071432328.466,2074132480,102875136,50233344,15745024,1905278976
1787071432334.741,2074132480,102875136,50233344,15745024,1905278976
1787071432341.074,2074132480,102875136,50233344,15745024,1905278976
1787071432347.350,2074132480,102875136,50233344,15745024,1905278976
1787071432352.688,2074132480,102875136,50233344,15745024,1905278976
1787071432358.966,2074132480,102875136,50233344,15745024,1905278976
1787071432364.071,2074132480,102875136,50233344,15745024,1905278976
1787071432370.354,2074132480,102875136,50233344,15745024,1905278976
1787071432376.632,2074132480,102875136,50233344,15745024,1905278976
1787071432382.914,2074132480,102875136,50233344,15745024,1905278976
1787071432389.192,2074132480,102875136,50233344,15745024,1905278976
1787071432395.467,2074132480,102875136,50233344,15745024,1905278976
1787071432401.742,2074132480,102875136,50233344,15745024,1905278976
1787071432407.393,2074132480,102875136,50233344,15745024,1905278976
1787071432413.678,2074132480,102875136,50233344,15745024,1905278976
1787071432419.956,2074132480,102875136,50233344,15745024,1905278976
1787071432426.236,2074132480,102875136,50233344,15745024,1905278976
1787071432432.509,2074132480,102875136,50233344,15745024,1905278976
1787071432438.787,2074132480,102875136,50233344,15745024,1905278976
1787071432445.064,2074132480,102875136,50233344,15745024,1905278976
1787071432451.341,2074132480,102875136,50233344,15745024,1905278976
1787071432457.616,2074132480,102875136,50233344,15745024,1905278976
1787071432463.891,2074132480,102875136,50233344,15745024,1905278976
1787071432470.166,2074132480,102875136,50233344,15745024,1905278976
1787071432476.438,2074132480,102875136,50233344,15745024,1905278976
1787071432482.721,2074132480,102875136,50233344,15745024,1905278976
1787071432488.991,2074132480,102875136,50233344,15745024,1905278976
1787071432495.258,2074132480,102875136,50233344,15745024,1905278976
1787071432501.541,2074132480,102875136,50233344,15745024,1905278976
1787071432507.817,2074132480,102875136,50233344,15745024,1905278976
1787071432513.769,2074132480,102875136,50233344,15745024,1905278976
1787071432520.046,2074132480,102875136,50233344,15745024,1905278976
1787071432526.322,2074132480,102875136,50233344,15745024,1905278976
1787071432532.596,2074132480,102875136,50233344,15745024,1905278976
1787071432538.640,2074132480,102875136,50233344,15745024,1905278976
1787071432544.927,2074132480,102875136,50233344,15745024,1905278976
1787071432551.211,2074132480,102875136,50233344,15745024,1905278976
1787071432557.494,2074132480,102875136,50233344,15745024,1905278976
1787071432563.772,2074132480,102875136,50233344,15745024,1905278976
1787071432570.048,2074132480,102875136,50233344,15745024,1905278976
1787071432576.324,2074132480,102875136,50233344,15745024,1905278976
1787071432582.601,2074132480,102875136,50233344,15745024,1905278976
1787071432588.878,2074132480,102875136,50233344,15745024,1905278976
1787071432595.154,2074132480,102875136,50233344,15745024,1905278976
1787071432601.433,2074132480,102875136,50233344,15745024,1905278976
1787071432607.709,2074132480,102875136,50233344,15745024,1905278976
1787071432613.986,2074132480,102875136,50233344,15745024,1905278976
1787071432620.261,2074132480,102875136,50233344,15745024,1905278976
1787071432626.538,2074132480,102875136,50233344,15745024,1905278976
1787071432632.816,2074132480,102875136,50233344,15745024,1905278976
1787071432639.094,2074132480,102875136,50233344,15745024,1905278976
1787071432645.372,2074132480,102875136,50233344,15745024,1905278976
1787071432651.654,2074132480,102875136,50233344,15745024,1905278976
1787071432657.933,2074132480,102875136,50233344,15745024,1905278976
1787071432663.892,2074132480,102875136,50233344,15745024,1905278976
1787071432670.177,2074132480,102875136,50233344,15745024,1905278976
1787071432675.688,2074132480,102875136,50233344,15745024,1905278976
1787071432681.329,2074132480,102875136,50233344,15745024,1905278976
1787071432687.606,2074132480,102875136,50233344,15745024,1905278976
1787071432693.883,2074132480,102875136,50233344,15745024,1905278976
1787071432700.160,2074132480,102875136,50233344,15745024,1905278976
1787071432706.439,2074132480,102875136,50233344,15745024,1905278976
1787071432712.766,2074132480,102875136,50233344,15745024,1905278976
1787071432719.042,2074132480,102875136,50233344,15745024,1905278976
1787071432725.319,2074132480,102875136,50233344,15745024,1905278976
1787071432730.501,2074132480,102875136,50233344,15745024,1905278976
1787071432736.542,2074132480,102875136,50233344,15745024,1905278976
1787071432742.809,2074132480,102875136,50233344,15745024,1905278976
1787071432749.086,2074132480,102875136,50233344,15745024,1905278976
1787071432755.360,2074132480,102875136,50233344,15745024,1905278976
1787071432761.633,2074132480,102875136,50233344,15745024,1905278976
1787071432767.804,2074132480,102875136,50233344,15745024,1905278976
1787071432774.089,2074132480,102875136,50233344,15745024,1905278976
1787071432780.371,2074132480,102875136,50233344,15745024,1905278976
1787071432786.647,2074132480,102875136,50233344,15745024,1905278976
1787071432792.923,2074132480,102875136,50233344,15745024,1905278976
1787071432799.195,2074132480,102875136,50233344,15745024,1905278976
1787071432805.469,2074132480,102875136,50233344,15745024,1905278976
1787071432811.744,2074132480,102875136,50233344,15745024,1905278976
1787071432818.028,2074132480,102875136,50233344,15745024,1905278976
1787071432824.311,2074132480,102875136,50233344,15745024,1905278976
1787071432829.482,2074148864,102891520,50233344,15745024,1905278976
1787071432835.754,2074214400,102957056,50233344,15745024,1905278976
1787071432842.037,2074214400,102957056,50233344,15745024,1905278976
1787071432848.315,2074214400,102957056,50233344,15745024,1905278976
1787071432854.606,2074214400,102957056,50233344,15745024,1905278976
1787071432860.893,2074214400,102957056,50233344,15745024,1905278976
1787071432867.173,2074214400,102957056,50233344,15745024,1905278976
1787071432872.520,2074214400,102957056,50233344,15745024,1905278976
1787071432878.799,2074214400,102957056,50233344,15745024,1905278976
1787071432885.075,2074214400,102957056,50233344,15745024,1905278976
1787071432891.355,2074214400,102957056,50233344,15745024,1905278976
1787071432897.400,2074214400,102957056,50233344,15745024,1905278976
1787071432903.167,2074214400,102957056,50233344,15745024,1905278976
1787071432909.445,2074214400,102957056,50233344,15745024,1905278976
1787071432915.024,2074214400,102957056,50233344,15745024,1905278976
1787071432921.302,2074214400,102957056,50233344,15745024,1905278976
1787071432927.153,2074214400,102957056,50233344,15745024,1905278976
1787071432933.430,2074214400,102957056,50233344,15745024,1905278976
1787071432939.706,2074214400,102957056,50233344,15745024,1905278976
1787071432945.981,2074214400,102957056,50233344,15745024,1905278976
1787071432952.257,2074214400,102957056,50233344,15745024,1905278976
1787071432958.532,2074214400,102957056,50233344,15745024,1905278976
1787071432964.819,2074214400,102957056,50233344,15745024,1905278976
1787071432971.100,2074214400,102957056,50233344,15745024,1905278976
1787071432977.376,2074214400,102957056,50233344,15745024,1905278976
1787071432983.652,2074214400,102957056,50233344,15745024,1905278976
1787071432989.927,2074214400,102957056,50233344,15745024,1905278976
1787071432996.204,2074214400,102957056,50233344,15745024,1905278976
1787071433002.479,2074214400,102957056,50233344,15745024,1905278976
1787071433008.753,2074214400,102957056,50233344,15745024,1905278976
1787071433015.029,2074214400,102957056,50233344,15745024,1905278976
1787071433021.305,2074214400,102957056,50233344,15745024,1905278976
1787071433027.246,2074214400,102957056,50233344,15745024,1905278976
1787071433033.526,2074214400,102957056,50233344,15745024,1905278976
1787071433039.063,2074214400,102957056,50233344,15745024,1905278976
1787071433045.339,2074214400,102957056,50233344,15745024,1905278976
1787071433051.614,2074214400,102957056,50233344,15745024,1905278976
1787071433057.885,2074214400,102957056,50233344,15745024,1905278976
1787071433064.166,2074214400,102957056,50233344,15745024,1905278976
1787071433070.458,2074214400,102957056,50233344,15745024,1905278976
1787071433076.738,2074214400,102957056,50233344,15745024,1905278976
1787071433083.057,2074214400,102957056,50233344,15745024,1905278976
1787071433089.337,2074214400,102957056,50233344,15745024,1905278976
1787071433095.617,2074214400,102957056,50233344,15745024,1905278976
1787071433101.132,2074214400,102957056,50233344,15745024,1905278976
1787071433107.414,2074214400,102957056,50233344,15745024,1905278976
1787071433113.692,2074214400,102957056,50233344,15745024,1905278976
1787071433119.975,2074214400,102957056,50233344,15745024,1905278976
1787071433126.253,2074214400,102957056,50233344,15745024,1905278976
1787071433132.530,2074214400,102957056,50233344,15745024,1905278976
1787071433138.813,2074214400,102957056,50233344,15745024,1905278976
1787071433145.090,2074214400,102957056,50233344,15745024,1905278976
1787071433151.133,2074214400,102957056,50233344,15745024,1905278976
1787071433157.411,2074214400,102957056,50233344,15745024,1905278976
1787071433163.691,2074214400,102957056,50233344,15745024,1905278976
1787071433169.982,2074214400,102957056,50233344,15745024,1905278976
1787071433176.260,2074214400,102957056,50233344,15745024,1905278976
1787071433182.535,2074214400,102957056,50233344,15745024,1905278976
1787071433188.810,2074214400,102957056,50233344,15745024,1905278976
1787071433195.085,2074214400,102957056,50233344,15745024,1905278976
1787071433201.131,2074214400,102957056,50233344,15745024,1905278976
1787071433207.408,2074214400,102957056,50233344,15745024,1905278976
1787071433213.682,2074214400,102957056,50233344,15745024,1905278976
1787071433219.956,2074214400,102957056,50233344,15745024,1905278976
1787071433226.232,2074214400,102957056,50233344,15745024,1905278976
1787071433232.507,2074214400,102957056,50233344,15745024,1905278976
1787071433238.782,2074214400,102957056,50233344,15745024,1905278976
1787071433243.892,2074214400,102957056,50233344,15745024,1905278976
1787071433250.170,2074214400,102957056,50233344,15745024,1905278976
1787071433255.729,2074214400,102957056,50233344,15745024,1905278976
1787071433262.005,2074214400,102957056,50233344,15745024,1905278976
1787071433268.282,2074214400,102957056,50233344,15745024,1905278976
1787071433274.568,2074214400,102957056,50233344,15745024,1905278976
1787071433280.728,2074214400,102957056,50233344,15745024,1905278976
1787071433287.002,2074214400,102957056,50233344,15745024,1905278976
1787071433293.278,2074214400,102957056,50233344,15745024,1905278976
1787071433299.552,2074214400,102957056,50233344,15745024,1905278976
1787071433305.310,2074214400,102957056,50233344,15745024,1905278976
1787071433311.586,2074214400,102957056,50233344,15745024,1905278976
1787071433317.862,2074214400,102957056,50233344,15745024,1905278976
1787071433324.135,2074214400,102957056,50233344,15745024,1905278976
1787071433330.408,2074214400,102957056,50233344,15745024,1905278976
1787071433336.684,2074214400,102957056,50233344,15745024,1905278976
1787071433342.962,2074214400,102957056,50233344,15745024,1905278976
1787071433349.242,2074214400,102957056,50233344,15745024,1905278976
1787071433355.521,2074214400,102957056,50233344,15745024,1905278976
1787071433361.797,2074214400,102957056,50233344,15745024,1905278976
1787071433368.074,2074214400,102957056,50233344,15745024,1905278976
1787071433374.350,2074214400,102957056,50233344,15745024,1905278976
1787071433380.625,2074214400,102957056,50233344,15745024,1905278976
1787071433386.901,2074214400,102957056,50233344,15745024,1905278976
1787071433392.797,2074214400,102957056,50233344,15745024,1905278976
1787071433399.073,2074214400,102957056,50233344,15745024,1905278976
1787071433405.347,2074214400,102957056,50233344,15745024,1905278976
1787071433411.621,2074214400,102957056,50233344,15745024,1905278976
1787071433417.896,2074214400,102957056,50233344,15745024,1905278976
1787071433424.174,2074214400,102957056,50233344,15745024,1905278976
1787071433430.308,2074214400,102957056,50233344,15745024,1905278976
1787071433436.585,2074214400,102957056,50233344,15745024,1905278976
1787071433442.859,2074214400,102957056,50233344,15745024,1905278976
1787071433449.135,2074214400,102957056,50233344,15745024,1905278976
1787071433455.306,2074214400,102957056,50233344,15745024,1905278976
1787071433460.591,2074214400,102957056,50233344,15745024,1905278976
1787071433466.865,2074214400,102957056,50233344,15745024,1905278976
1787071433473.141,2074214400,102957056,50233344,15745024,1905278976
1787071433479.416,2074214400,102957056,50233344,15745024,1905278976
1787071433485.689,2074214400,102957056,50233344,15745024,1905278976
1787071433490.760,2074214400,102957056,50233344,15745024,1905278976
1787071433496.976,2074214400,102957056,50233344,15745024,1905278976
1787071433503.251,2074214400,102957056,50233344,15745024,1905278976
1787071433509.462,2074214400,102957056,50233344,15745024,1905278976
1787071433515.738,2074214400,102957056,50233344,15745024,1905278976
1787071433522.020,2074214400,102957056,50233344,15745024,1905278976
1787071433528.295,2074214400,102957056,50233344,15745024,1905278976
1787071433534.571,2074214400,102957056,50233344,15745024,1905278976
1787071433540.847,2074214400,102957056,50233344,15745024,1905278976
1787071433547.123,2074214400,102957056,50233344,15745024,1905278976
1787071433553.400,2074214400,102957056,50233344,15745024,1905278976
1787071433559.677,2074214400,102957056,50233344,15745024,1905278976
1787071433565.969,2074214400,102957056,50233344,15745024,1905278976
1787071433572.250,2074214400,102957056,50233344,15745024,1905278976
1787071433578.526,2074214400,102957056,50233344,15745024,1905278976
1787071433584.461,2074214400,102957056,50233344,15745024,1905278976
1787071433590.749,2074214400,102957056,50233344,15745024,1905278976
1787071433597.027,2074214400,102957056,50233344,15745024,1905278976
1787071433603.302,2074214400,102957056,50233344,15745024,1905278976
1787071433609.577,2074214400,102957056,50233344,15745024,1905278976
1787071433615.852,2074214400,102957056,50233344,15745024,1905278976
1787071433622.129,2074214400,102957056,50233344,15745024,1905278976
1787071433628.410,2074214400,102957056,50233344,15745024,1905278976
1787071433634.689,2074214400,102957056,50233344,15745024,1905278976
1787071433640.970,2074214400,102957056,50233344,15745024,1905278976
1787071433647.245,2074214400,102957056,50233344,15745024,1905278976
1787071433653.518,2074214400,102957056,50233344,15745024,1905278976
1787071433659.794,2074214400,102957056,50233344,15745024,1905278976
1787071433666.069,2074214400,102957056,50233344,15745024,1905278976
1787071433672.344,2074214400,102957056,50233344,15745024,1905278976
1787071433678.619,2074214400,102957056,50233344,15745024,1905278976
1787071433684.463,2074214400,102957056,50233344,15745024,1905278976
1787071433690.738,2074214400,102957056,50233344,15745024,1905278976
1787071433696.979,2074214400,102957056,50233344,15745024,1905278976
1787071433703.252,2074214400,102957056,50233344,15745024,1905278976
1787071433709.531,2074214400,102957056,50233344,15745024,1905278976
1787071433715.806,2074214400,102957056,50233344,15745024,1905278976
1787071433721.645,2074214400,102957056,50233344,15745024,1905278976
1787071433727.925,2074214400,102957056,50233344,15745024,1905278976
1787071433734.202,2074214400,102957056,50233344,15745024,1905278976
1787071433740.121,2074214400,102957056,50233344,15745024,1905278976
1787071433746.408,2074214400,102957056,50233344,15745024,1905278976
1787071433752.689,2074214400,102957056,50233344,15745024,1905278976
1787071433758.969,2074214400,102957056,50233344,15745024,1905278976
1787071433765.249,2074214400,102957056,50233344,15745024,1905278976
1787071433771.525,2074214400,102957056,50233344,15745024,1905278976
1787071433777.800,2074214400,102957056,50233344,15745024,1905278976
1787071433784.077,2074214400,102957056,50233344,15745024,1905278976
1787071433790.352,2074214400,102957056,50233344,15745024,1905278976
1787071433796.625,2074214400,102957056,50233344,15745024,1905278976
1787071433802.900,2074214400,102957056,50233344,15745024,1905278976
1787071433809.185,2074214400,102957056,50233344,15745024,1905278976
1787071433815.120,2074214400,102957056,50233344,15745024,1905278976
1787071433821.396,2074214400,102957056,50233344,15745024,1905278976
1787071433827.670,2074214400,102957056,50233344,15745024,1905278976
1787071433834.030,2074214400,102957056,50233344,15745024,1905278976
1787071433840.118,2074214400,102957056,50233344,15745024,1905278976
1787071433846.394,2074214400,102957056,50233344,15745024,1905278976
1787071433852.509,2074214400,102957056,50233344,15745024,1905278976
1787071433858.800,2074214400,102957056,50233344,15745024,1905278976
1787071433864.057,2074214400,102957056,50233344,15745024,1905278976
1787071433870.333,2074214400,102957056,50233344,15745024,1905278976
1787071433876.609,2074214400,102957056,50233344,15745024,1905278976
1787071433882.885,2074214400,102957056,50233344,15745024,1905278976
1787071433888.695,2074214400,102957056,50233344,15745024,1905278976
1787071433894.978,2074214400,102957056,50233344,15745024,1905278976
1787071433901.264,2074214400,102957056,50233344,15745024,1905278976
1787071433907.542,2074214400,102957056,50233344,15745024,1905278976
1787071433913.818,2074214400,102957056,50233344,15745024,1905278976
1787071433920.096,2074214400,102957056,50233344,15745024,1905278976
1787071433926.125,2074214400,102957056,50233344,15745024,1905278976
1787071433932.401,2074214400,102957056,50233344,15745024,1905278976
1787071433938.677,2074214400,102957056,50233344,15745024,1905278976
1787071433944.954,2074214400,102957056,50233344,15745024,1905278976
1787071433951.229,2074214400,102957056,50233344,15745024,1905278976
1787071433957.146,2074214400,102957056,50233344,15745024,1905278976
1787071433963.424,2074214400,102957056,50233344,15745024,1905278976
1787071433969.697,2074214400,102957056,50233344,15745024,1905278976
1787071433975.973,2074214400,102957056,50233344,15745024,1905278976
1787071433982.250,2074214400,102957056,50233344,15745024,1905278976
1787071433988.526,2074214400,102957056,50233344,15745024,1905278976
1787071433994.807,2074214400,102957056,50233344,15745024,1905278976
1787071434000.132,2074214400,102957056,50233344,15745024,1905278976
1787071434006.408,2074214400,102957056,50233344,15745024,1905278976
1787071434012.682,2074214400,102957056,50233344,15745024,1905278976
1787071434018.960,2074214400,102957056,50233344,15745024,1905278976
1787071434024.369,2074214400,102957056,50233344,15745024,1905278976
1787071434030.656,2074214400,102957056,50233344,15745024,1905278976
1787071434036.933,2074214400,102957056,50233344,15745024,1905278976
1787071434043.203,2074214400,102957056,50233344,15745024,1905278976
1787071434048.868,2074214400,102957056,50233344,15745024,1905278976
1787071434054.414,2074214400,102957056,50233344,15745024,1905278976
1787071434060.691,2074214400,102957056,50233344,15745024,1905278976
1787071434066.969,2074214400,102957056,50233344,15745024,1905278976
1787071434073.244,2074214400,102957056,50233344,15745024,1905278976
1787071434079.520,2074214400,102957056,50233344,15745024,1905278976
1787071434085.800,2074214400,102957056,50233344,15745024,1905278976
1787071434092.079,2074214400,102957056,50233344,15745024,1905278976
1787071434097.452,2074214400,102957056,50233344,15745024,1905278976
1787071434103.542,2074214400,102957056,50233344,15745024,1905278976
1787071434109.458,2074214400,102957056,50233344,15745024,1905278976
1787071434115.735,2074214400,102957056,50233344,15745024,1905278976
1787071434122.011,2074214400,102957056,50233344,15745024,1905278976
1787071434128.292,2074214400,102957056,50233344,15745024,1905278976
1787071434134.574,2074214400,102957056,50233344,15745024,1905278976
1787071434140.851,2074214400,102957056,50233344,15745024,1905278976
1787071434147.126,2074214400,102957056,50233344,15745024,1905278976
1787071434153.406,2074214400,102957056,50233344,15745024,1905278976
1787071434159.687,2074214400,102957056,50233344,15745024,1905278976
1787071434165.963,2074214400,102957056,50233344,15745024,1905278976
1787071434171.968,2074214400,102957056,50233344,15745024,1905278976
1787071434178.246,2074214400,102957056,50233344,15745024,1905278976
1787071434184.522,2074214400,102957056,50233344,15745024,1905278976
1787071434190.796,2074214400,102957056,50233344,15745024,1905278976
1787071434197.075,2074214400,102957056,50233344,15745024,1905278976
1787071434203.387,2074214400,102957056,50233344,15745024,1905278976
1787071434208.686,2074214400,102957056,50233344,15745024,1905278976
1787071434214.965,2074214400,102957056,50233344,15745024,1905278976
1787071434221.253,2074214400,102957056,50233344,15745024,1905278976
1787071434227.530,2074214400,102957056,50233344,15745024,1905278976
1787071434233.819,2074214400,102957056,50233344,15745024,1905278976
1787071434239.056,2074214400,102957056,50233344,15745024,1905278976
1787071434245.337,2074214400,102957056,50233344,15745024,1905278976
1787071434251.121,2074214400,102957056,50233344,15745024,1905278976
1787071434257.408,2074214400,102957056,50233344,15745024,1905278976
1787071434263.685,2074214400,102957056,50233344,15745024,1905278976
1787071434269.959,2074214400,102957056,50233344,15745024,1905278976
1787071434276.235,2074214400,102957056,50233344,15745024,1905278976
1787071434281.789,2074214400,102957056,50233344,15745024,1905278976
1787071434288.067,2074214400,102957056,50233344,15745024,1905278976
1787071434294.343,2074214400,102957056,50233344,15745024,1905278976
1787071434300.619,2074214400,102957056,50233344,15745024,1905278976
1787071434306.895,2074214400,102957056,50233344,15745024,1905278976
1787071434313.178,2074214400,102957056,50233344,15745024,1905278976
1787071434319.455,2074198016,102957056,50233344,15728640,1905278976
1787071434325.627,2074198016,102957056,50233344,15728640,1905278976
1787071434330.719,2074198016,102957056,50233344,15728640,1905278976
1787071434336.997,2074198016,102957056,50233344,15728640,1905278976
1787071434343.273,2074198016,102957056,50233344,15728640,1905278976
1787071434349.553,2074198016,102957056,50233344,15728640,1905278976
1787071434355.826,2074198016,102957056,50233344,15728640,1905278976
1787071434362.106,2074198016,102957056,50233344,15728640,1905278976
1787071434368.385,2074198016,102957056,50233344,15728640,1905278976
1787071434374.670,2074198016,102957056,50233344,15728640,1905278976
1787071434380.952,2074198016,102957056,50233344,15728640,1905278976
1787071434387.229,2074198016,102957056,50233344,15728640,1905278976
1787071434392.785,2074198016,102957056,50233344,15728640,1905278976
1787071434398.482,2074198016,102957056,50233344,15728640,1905278976
1787071434404.764,2074198016,102957056,50233344,15728640,1905278976
1787071434411.041,2074198016,102957056,50233344,15728640,1905278976
1787071434417.120,2074198016,102957056,50233344,15728640,1905278976
1787071434423.399,2074198016,102957056,50233344,15728640,1905278976
1787071434429.674,2074198016,102957056,50233344,15728640,1905278976
1787071434435.956,2074198016,102957056,50233344,15728640,1905278976
1787071434442.232,2074198016,102957056,50233344,15728640,1905278976
1787071434448.509,2074198016,102957056,50233344,15728640,1905278976
1787071434454.783,2074198016,102957056,50233344,15728640,1905278976
1787071434461.059,2074198016,102957056,50233344,15728640,1905278976
1787071434467.031,2074198016,102957056,50233344,15728640,1905278976
1787071434472.385,2074198016,102957056,50233344,15728640,1905278976
1787071434478.669,2074198016,102957056,50233344,15728640,1905278976
1787071434484.948,2074198016,102957056,50233344,15728640,1905278976
1787071434491.221,2074198016,102957056,50233344,15728640,1905278976
1787071434496.976,2074198016,102957056,50233344,15728640,1905278976
1787071434503.250,2074198016,102957056,50233344,15728640,1905278976
1787071434509.456,2074198016,102957056,50233344,15728640,1905278976
1787071434515.730,2074198016,102957056,50233344,15728640,1905278976
1787071434522.010,2074198016,102957056,50233344,15728640,1905278976
1787071434528.287,2074198016,102957056,50233344,15728640,1905278976
1787071434534.567,2074198016,102957056,50233344,15728640,1905278976
1787071434540.161,2074198016,102957056,50233344,15728640,1905278976
1787071434546.436,2074198016,102957056,50233344,15728640,1905278976
1787071434552.722,2074198016,102957056,50233344,15728640,1905278976
1787071434559.003,2074198016,102957056,50233344,15728640,1905278976
1787071434564.470,2074198016,102957056,50233344,15728640,1905278976
1787071434570.462,2074198016,102957056,50233344,15728640,1905278976
1787071434576.120,2074198016,102957056,50233344,15728640,1905278976
1787071434582.405,2074198016,102957056,50233344,15728640,1905278976
1787071434588.687,2074198016,102957056,50233344,15728640,1905278976
1787071434594.963,2074198016,102957056,50233344,15728640,1905278976
1787071434601.243,2074198016,102957056,50233344,15728640,1905278976
1787071434607.521,2074198016,102957056,50233344,15728640,1905278976
1787071434613.796,2074198016,102957056,50233344,15728640,1905278976
1787071434620.071,2074198016,102957056,50233344,15728640,1905278976
1787071434626.117,2074198016,102957056,50233344,15728640,1905278976
1787071434631.447,2074198016,102957056,50233344,15728640,1905278976
1787071434637.725,2074198016,102957056,50233344,15728640,1905278976
1787071434644.003,2074198016,102957056,50233344,15728640,1905278976
1787071434650.284,2074198016,102957056,50233344,15728640,1905278976
1787071434656.569,2074198016,102957056,50233344,15728640,1905278976
1787071434662.634,2074198016,102957056,50233344,15728640,1905278976
1787071434668.912,2074198016,102957056,50233344,15728640,1905278976
1787071434675.189,2074198016,102957056,50233344,15728640,1905278976
1787071434681.465,2074198016,102957056,50233344,15728640,1905278976
1787071434687.741,2074198016,102957056,50233344,15728640,1905278976
1787071434694.017,2074198016,102957056,50233344,15728640,1905278976
1787071434700.292,2074198016,102957056,50233344,15728640,1905278976
1787071434706.567,2074198016,102957056,50233344,15728640,1905278976
1787071434712.844,2074198016,102957056,50233344,15728640,1905278976
1787071434719.119,2074198016,102957056,50233344,15728640,1905278976
1787071434725.410,2074198016,102957056,50233344,15728640,1905278976
1787071434730.714,2074198016,102957056,50233344,15728640,1905278976
1787071434736.999,2074198016,102957056,50233344,15728640,1905278976
1787071434743.276,2074198016,102957056,50233344,15728640,1905278976
1787071434749.556,2074198016,102957056,50233344,15728640,1905278976
1787071434755.300,2074198016,102957056,50233344,15728640,1905278976
1787071434761.577,2074198016,102957056,50233344,15728640,1905278976
1787071434767.852,2074198016,102957056,50233344,15728640,1905278976
1787071434774.134,2074198016,102957056,50233344,15728640,1905278976
1787071434780.416,2074198016,102957056,50233344,15728640,1905278976
1787071434786.695,2074198016,102957056,50233344,15728640,1905278976
1787071434792.783,2074198016,102957056,50233344,15728640,1905278976
1787071434799.065,2074198016,102957056,50233344,15728640,1905278976
1787071434805.345,2074198016,102957056,50233344,15728640,1905278976
1787071434811.629,2074198016,102957056,50233344,15728640,1905278976
1787071434817.784,2074198016,102957056,50233344,15728640,1905278976
1787071434824.067,2074198016,102957056,50233344,15728640,1905278976
1787071434830.302,2074198016,102957056,50233344,15728640,1905278976
1787071434836.580,2074198016,102957056,50233344,15728640,1905278976
1787071434842.857,2074198016,102957056,50233344,15728640,1905278976
1787071434849.143,2074198016,102957056,50233344,15728640,1905278976
1787071434855.300,2074198016,102957056,50233344,15728640,1905278976
1787071434861.577,2074198016,102957056,50233344,15728640,1905278976
1787071434867.854,2074198016,102957056,50233344,15728640,1905278976
1787071434874.135,2074198016,102957056,50233344,15728640,1905278976
1787071434880.300,2074198016,102957056,50233344,15728640,1905278976
1787071434886.582,2074198016,102957056,50233344,15728640,1905278976
1787071434892.781,2074198016,102957056,50233344,15728640,1905278976
1787071434899.071,2074198016,102957056,50233344,15728640,1905278976
1787071434904.335,2074198016,102957056,50233344,15728640,1905278976
1787071434909.665,2074198016,102957056,50233344,15728640,1905278976
1787071434915.940,2074198016,102957056,50233344,15728640,1905278976
1787071434921.965,2074198016,102957056,50233344,15728640,1905278976
1787071434928.240,2074198016,102957056,50233344,15728640,1905278976
1787071434934.454,2074198016,102957056,50233344,15728640,1905278976
1787071434940.771,2074198016,102957056,50233344,15728640,1905278976
1787071434946.965,2074198016,102957056,50233344,15728640,1905278976
1787071434953.239,2074198016,102957056,50233344,15728640,1905278976
1787071434959.450,2074198016,102957056,50233344,15728640,1905278976
1787071434965.729,2074198016,102957056,50233344,15728640,1905278976
1787071434972.003,2074198016,102957056,50233344,15728640,1905278976
1787071434978.278,2074198016,102957056,50233344,15728640,1905278976
1787071434984.554,2074198016,102957056,50233344,15728640,1905278976
1787071434990.830,2074198016,102957056,50233344,15728640,1905278976
1787071434996.966,2074198016,102957056,50233344,15728640,1905278976
1787071435002.170,2074198016,102957056,50233344,15728640,1905278976
1787071435008.448,2074198016,102957056,50233344,15728640,1905278976
1787071435014.050,2074198016,102957056,50233344,15728640,1905278976
1787071435020.328,2074198016,102957056,50233344,15728640,1905278976
1787071435026.605,2074198016,102957056,50233344,15728640,1905278976
1787071435032.879,2074198016,102957056,50233344,15728640,1905278976
1787071435039.161,2074198016,102957056,50233344,15728640,1905278976
1787071435045.446,2074198016,102957056,50233344,15728640,1905278976
1787071435051.730,2074198016,102957056,50233344,15728640,1905278976
1787071435058.005,2074198016,102957056,50233344,15728640,1905278976
1787071435064.295,2074198016,102957056,50233344,15728640,1905278976
1787071435070.583,2074198016,102957056,50233344,15728640,1905278976
1787071435076.114,2074198016,102957056,50233344,15728640,1905278976
1787071435082.399,2074198016,102957056,50233344,15728640,1905278976
1787071435088.675,2074198016,102957056,50233344,15728640,1905278976
1787071435094.953,2074198016,102957056,50233344,15728640,1905278976
1787071435101.113,2074198016,102957056,50233344,15728640,1905278976
1787071435107.395,2074198016,102957056,50233344,15728640,1905278976
1787071435113.675,2074198016,102957056,50233344,15728640,1905278976
1787071435119.952,2074198016,102957056,50233344,15728640,1905278976
1787071435126.229,2074198016,102957056,50233344,15728640,1905278976
1787071435132.505,2074198016,102957056,50233344,15728640,1905278976
1787071435138.781,2074198016,102957056,50233344,15728640,1905278976
1787071435145.055,2074198016,102957056,50233344,15728640,1905278976
1787071435151.330,2074198016,102957056,50233344,15728640,1905278976
1787071435157.604,2074198016,102957056,50233344,15728640,1905278976
1787071435163.879,2074198016,102957056,50233344,15728640,1905278976
1787071435169.450,2074198016,102957056,50233344,15728640,1905278976
1787071435174.623,2074198016,102957056,50233344,15728640,1905278976
1787071435180.906,2074198016,102957056,50233344,15728640,1905278976
1787071435187.192,2074198016,102957056,50233344,15728640,1905278976
1787071435193.470,2074198016,102957056,50233344,15728640,1905278976
1787071435199.744,2074198016,102957056,50233344,15728640,1905278976
1787071435205.709,2074198016,102957056,50233344,15728640,1905278976
1787071435211.986,2074198016,102957056,50233344,15728640,1905278976
1787071435218.262,2074198016,102957056,50233344,15728640,1905278976
1787071435224.545,2074198016,102957056,50233344,15728640,1905278976
1787071435230.709,2074198016,102957056,50233344,15728640,1905278976
1787071435236.987,2074198016,102957056,50233344,15728640,1905278976
1787071435242.779,2074198016,102957056,50233344,15728640,1905278976
1787071435249.058,2074198016,102957056,50233344,15728640,1905278976
1787071435255.339,2074198016,102957056,50233344,15728640,1905278976
1787071435261.619,2074198016,102957056,50233344,15728640,1905278976
1787071435267.779,2074198016,102957056,50233344,15728640,1905278976
1787071435274.057,2074198016,102957056,50233344,15728640,1905278976
1787071435280.338,2074198016,102957056,50233344,15728640,1905278976
1787071435286.614,2074198016,102957056,50233344,15728640,1905278976
1787071435292.889,2074198016,102957056,50233344,15728640,1905278976
1787071435299.165,2074198016,102957056,50233344,15728640,1905278976
1787071435304.617,2074198016,102957056,50233344,15728640,1905278976
1787071435310.901,2074198016,102957056,50233344,15728640,1905278976
1787071435316.825,2074198016,102957056,50233344,15728640,1905278976
1787071435321.959,2074198016,102957056,50233344,15728640,1905278976
1787071435328.241,2074198016,102957056,50233344,15728640,1905278976
1787071435334.450,2074198016,102957056,50233344,15728640,1905278976
1787071435340.728,2074198016,102957056,50233344,15728640,1905278976
1787071435347.003,2074198016,102957056,50233344,15728640,1905278976
1787071435353.284,2074198016,102957056,50233344,15728640,1905278976
1787071435359.562,2074198016,102957056,50233344,15728640,1905278976
1787071435365.850,2074198016,102957056,50233344,15728640,1905278976
1787071435371.963,2074198016,102957056,50233344,15728640,1905278976
1787071435378.240,2074198016,102957056,50233344,15728640,1905278976
1787071435384.523,2074198016,102957056,50233344,15728640,1905278976
1787071435390.802,2074198016,102957056,50233344,15728640,1905278976
1787071435396.961,2074198016,102957056,50233344,15728640,1905278976
1787071435403.245,2074198016,102957056,50233344,15728640,1905278976
1787071435409.526,2074198016,102957056,50233344,15728640,1905278976
1787071435415.811,2074198016,102957056,50233344,15728640,1905278976
1787071435422.089,2074198016,102957056,50233344,15728640,1905278976
1787071435428.365,2074198016,102957056,50233344,15728640,1905278976
1787071435434.641,2074198016,102957056,50233344,15728640,1905278976
1787071435440.918,2074198016,102957056,50233344,15728640,1905278976
1787071435447.194,2074198016,102957056,50233344,15728640,1905278976
1787071435453.469,2074198016,102957056,50233344,15728640,1905278976
1787071435459.746,2074198016,102957056,50233344,15728640,1905278976
1787071435466.029,2074198016,102957056,50233344,15728640,1905278976
1787071435471.966,2074198016,102957056,50233344,15728640,1905278976
1787071435478.241,2074198016,102957056,50233344,15728640,1905278976
1787071435484.451,2074198016,102957056,50233344,15728640,1905278976
1787071435490.738,2074198016,102957056,50233344,15728640,1905278976
1787071435496.970,2074198016,102957056,50233344,15728640,1905278976
1787071435503.185,2074198016,102957056,50233344,15728640,1905278976
1787071435509.462,2074198016,102957056,50233344,15728640,1905278976
1787071435515.747,2074198016,102957056,50233344,15728640,1905278976
1787071435520.887,2074198016,102957056,50233344,15728640,1905278976
1787071435526.109,2074198016,102957056,50233344,15728640,1905278976
1787071435532.391,2074198016,102957056,50233344,15728640,1905278976
1787071435538.629,2074198016,102957056,50233344,15728640,1905278976
1787071435544.911,2074198016,102957056,50233344,15728640,1905278976
1787071435550.630,2074198016,102957056,50233344,15728640,1905278976
1787071435556.910,2074198016,102957056,50233344,15728640,1905278976
1787071435563.198,2074198016,102957056,50233344,15728640,1905278976
1787071435569.485,2074198016,102957056,50233344,15728640,1905278976
1787071435575.769,2073837568,102957056,49872896,15728640,1905278976
1787071435582.055,2073837568,102957056,49872896,15728640,1905278976
1787071435588.108,2073837568,102957056,49872896,15728640,1905278976
1787071435594.390,2073837568,102957056,49872896,15728640,1905278976
1787071435600.668,2073837568,102957056,49872896,15728640,1905278976
1787071435606.949,2073837568,102957056,49872896,15728640,1905278976
1787071435613.229,2073837568,102957056,49872896,15728640,1905278976
1787071435619.513,2073837568,102957056,49872896,15728640,1905278976
1787071435625.393,2073837568,102957056,49872896,15728640,1905278976
1787071435631.083,2073837568,102957056,49872896,15728640,1905278976
1787071435637.364,2073837568,102957056,49872896,15728640,1905278976
1787071435643.639,2073837568,102957056,49872896,15728640,1905278976
1787071435649.915,2073837568,102957056,49872896,15728640,1905278976
1787071435655.296,2073837568,102957056,49872896,15728640,1905278976
1787071435661.572,2073837568,102957056,49872896,15728640,1905278976
1787071435667.849,2073837568,102957056,49872896,15728640,1905278976
1787071435674.127,2073837568,102957056,49872896,15728640,1905278976
1787071435680.402,2073837568,102957056,49872896,15728640,1905278976
1787071435686.747,2073837568,102957056,49872896,15728640,1905278976
1787071435693.022,2073837568,102957056,49872896,15728640,1905278976
1787071435699.297,2073837568,102957056,49872896,15728640,1905278976
1787071435705.292,2073837568,102957056,49872896,15728640,1905278976
1787071435711.572,2073837568,102957056,49872896,15728640,1905278976
1787071435717.844,2073837568,102957056,49872896,15728640,1905278976
1787071435723.129,2073837568,102957056,49872896,15728640,1905278976
1787071435729.406,2073837568,102957056,49872896,15728640,1905278976
1787071435734.442,2073837568,102957056,49872896,15728640,1905278976
1787071435740.727,2073837568,102957056,49872896,15728640,1905278976
1787071435747.004,2073837568,102957056,49872896,15728640,1905278976
1787071435753.278,2073837568,102957056,49872896,15728640,1905278976
1787071435759.560,2073837568,102957056,49872896,15728640,1905278976
1787071435765.839,2073837568,102957056,49872896,15728640,1905278976
1787071435772.123,2073837568,102957056,49872896,15728640,1905278976
1787071435778.404,2073837568,102957056,49872896,15728640,1905278976
1787071435784.439,2073837568,102957056,49872896,15728640,1905278976
1787071435790.718,2073837568,102957056,49872896,15728640,1905278976
1787071435796.997,2073837568,102957056,49872896,15728640,1905278976
1787071435803.271,2073837568,102957056,49872896,15728640,1905278976
1787071435809.556,2073837568,102957056,49872896,15728640,1905278976
1787071435815.832,2073837568,102957056,49872896,15728640,1905278976
1787071435821.963,2073837568,102957056,49872896,15728640,1905278976
1787071435828.240,2073837568,102957056,49872896,15728640,1905278976
1787071435834.520,2073837568,102957056,49872896,15728640,1905278976
1787071435840.796,2073837568,102957056,49872896,15728640,1905278976
1787071435846.969,2073837568,102957056,49872896,15728640,1905278976
1787071435853.243,2073837568,102957056,49872896,15728640,1905278976
1787071435859.523,2073837568,102957056,49872896,15728640,1905278976
1787071435865.806,2073837568,102957056,49872896,15728640,1905278976
1787071435872.084,2073837568,102957056,49872896,15728640,1905278976
1787071435878.358,2073837568,102957056,49872896,15728640,1905278976
1787071435884.635,2073837568,102957056,49872896,15728640,1905278976
1787071435890.907,2073837568,102957056,49872896,15728640,1905278976
1787071435897.184,2073837568,102957056,49872896,15728640,1905278976
1787071435902.335,2073837568,102957056,49872896,15728640,1905278976
1787071435908.618,2073837568,102957056,49872896,15728640,1905278976
1787071435914.895,2073837568,102957056,49872896,15728640,1905278976
1787071435920.158,2073837568,102957056,49872896,15728640,1905278976
1787071435926.106,2073837568,102957056,49872896,15728640,1905278976
1787071435932.388,2073837568,102957056,49872896,15728640,1905278976
1787071435938.664,2073837568,102957056,49872896,15728640,1905278976
1787071435944.939,2073837568,102957056,49872896,15728640,1905278976
1787071435951.104,2073837568,102957056,49872896,15728640,1905278976
1787071435956.451,2073837568,102957056,49872896,15728640,1905278976
1787071435962.731,2073837568,102957056,49872896,15728640,1905278976
1787071435969.009,2073837568,102957056,49872896,15728640,1905278976
1787071435975.286,2073837568,102957056,49872896,15728640,1905278976
1787071435981.564,2073837568,102957056,49872896,15728640,1905278976
1787071435987.854,2073837568,102957056,49872896,15728640,1905278976
1787071435994.139,2073837568,102957056,49872896,15728640,1905278976
1787071436000.433,2073837568,102957056,49872896,15728640,1905278976
1787071436006.717,2073837568,102957056,49872896,15728640,1905278976
1787071436013.001,2073837568,102957056,49872896,15728640,1905278976
1787071436019.278,2073837568,102957056,49872896,15728640,1905278976
1787071436025.564,2073837568,102957056,49872896,15728640,1905278976
1787071436031.808,2073837568,102957056,49872896,15728640,1905278976
1787071436037.894,2073559040,102957056,49643520,15728640,1905229824
1787071436044.173,2073559040,102957056,49643520,15728640,1905229824
1787071436050.450,2073559040,102957056,49643520,15728640,1905229824
1787071436056.782,2073559040,102957056,49643520,15728640,1905229824
1787071436063.059,2073559040,102957056,49643520,15728640,1905229824
1787071436069.338,2073559040,102957056,49643520,15728640,1905229824
1787071436075.615,2073559040,102957056,49643520,15728640,1905229824
1787071436081.897,2073559040,102957056,49643520,15728640,1905229824
1787071436088.175,2073559040,102957056,49643520,15728640,1905229824
1787071436094.455,2073559040,102957056,49643520,15728640,1905229824
1787071436100.737,2073559040,102957056,49643520,15728640,1905229824
1787071436105.932,2073559040,102957056,49643520,15728640,1905229824
1787071436112.211,2073559040,102957056,49643520,15728640,1905229824
1787071436118.490,2073559040,102957056,49643520,15728640,1905229824
1787071436124.763,2073559040,102957056,49643520,15728640,1905229824
1787071436130.699,2073559040,102957056,49643520,15728640,1905229824
1787071436136.987,2073559040,102957056,49643520,15728640,1905229824
1787071436143.263,2073559040,102957056,49643520,15728640,1905229824
1787071436149.539,2073559040,102957056,49643520,15728640,1905229824
1787071436155.698,2073559040,102957056,49643520,15728640,1905229824
1787071436161.976,2073559040,102957056,49643520,15728640,1905229824
1787071436168.252,2073559040,102957056,49643520,15728640,1905229824
1787071436174.537,2073559040,102957056,49643520,15728640,1905229824
1787071436180.816,2073559040,102957056,49643520,15728640,1905229824
1787071436187.093,2073559040,102957056,49643520,15728640,1905229824
1787071436192.769,2073559040,102957056,49643520,15728640,1905229824
1787071436199.055,2073559040,102957056,49643520,15728640,1905229824
1787071436205.336,2073559040,102957056,49643520,15728640,1905229824
1787071436211.626,2073559040,102957056,49643520,15728640,1905229824
1787071436217.768,2073559040,102957056,49643520,15728640,1905229824
1787071436224.054,2073559040,102957056,49643520,15728640,1905229824
1787071436230.295,2073559040,102957056,49643520,15728640,1905229824
1787071436235.854,2073559040,102957056,49643520,15728640,1905229824
1787071436242.128,2073559040,102957056,49643520,15728640,1905229824
1787071436248.405,2073559040,102957056,49643520,15728640,1905229824
1787071436254.681,2073559040,102957056,49643520,15728640,1905229824
1787071436260.385,2073559040,102957056,49643520,15728640,1905229824
1787071436265.511,2073559040,102957056,49643520,15728640,1905229824
1787071436271.208,2073559040,102957056,49643520,15728640,1905229824
1787071436277.485,2073559040,102957056,49643520,15728640,1905229824
1787071436283.762,2073559040,102957056,49643520,15728640,1905229824
1787071436290.037,2073559040,102957056,49643520,15728640,1905229824
1787071436296.314,2073559040,102957056,49643520,15728640,1905229824
1787071436302.591,2073559040,102957056,49643520,15728640,1905229824
1787071436308.867,2073559040,102957056,49643520,15728640,1905229824
1787071436315.144,2073559040,102957056,49643520,15728640,1905229824
1787071436321.419,2073559040,102957056,49643520,15728640,1905229824
1787071436327.694,2073559040,102957056,49643520,15728640,1905229824
1787071436333.970,2073559040,102957056,49643520,15728640,1905229824
1787071436339.109,2073559040,102957056,49643520,15728640,1905229824
1787071436345.385,2073559040,102957056,49643520,15728640,1905229824
1787071436351.104,2073559040,102957056,49643520,15728640,1905229824
1787071436357.381,2073559040,102957056,49643520,15728640,1905229824
1787071436363.623,2073559040,102957056,49643520,15728640,1905229824
1787071436369.903,2073559040,102957056,49643520,15728640,1905229824
1787071436376.100,2073559040,102957056,49643520,15728640,1905229824
1787071436382.378,2073559040,102957056,49643520,15728640,1905229824
1787071436388.654,2073559040,102957056,49643520,15728640,1905229824
1787071436394.927,2073559040,102957056,49643520,15728640,1905229824
1787071436401.205,2073559040,102957056,49643520,15728640,1905229824
1787071436407.485,2073559040,102957056,49643520,15728640,1905229824
1787071436413.626,2073559040,102957056,49643520,15728640,1905229824
1787071436419.903,2073559040,102957056,49643520,15728640,1905229824
1787071436426.167,2073559040,102957056,49643520,15728640,1905229824
1787071436432.443,2073559040,102957056,49643520,15728640,1905229824
1787071436438.626,2073559040,102957056,49643520,15728640,1905229824
1787071436444.899,2073559040,102957056,49643520,15728640,1905229824
1787071436451.105,2073559040,102957056,49643520,15728640,1905229824
1787071436457.389,2073559040,102957056,49643520,15728640,1905229824
1787071436463.666,2073559040,102957056,49643520,15728640,1905229824
1787071436469.942,2073559040,102957056,49643520,15728640,1905229824
1787071436476.214,2073559040,102957056,49643520,15728640,1905229824
1787071436482.484,2073559040,102957056,49643520,15728640,1905229824
1787071436488.756,2073559040,102957056,49643520,15728640,1905229824
1787071436495.032,2073559040,102957056,49643520,15728640,1905229824
1787071436501.309,2073559040,102957056,49643520,15728640,1905229824
1787071436507.583,2073559040,102957056,49643520,15728640,1905229824
1787071436513.858,2073559040,102957056,49643520,15728640,1905229824
1787071436520.139,2073559040,102957056,49643520,15728640,1905229824
1787071436526.099,2073559040,102957056,49643520,15728640,1905229824
1787071436532.375,2073559040,102957056,49643520,15728640,1905229824
1787071436538.650,2073559040,102957056,49643520,15728640,1905229824
1787071436544.925,2073559040,102957056,49643520,15728640,1905229824
1787071436550.273,2073559040,102957056,49643520,15728640,1905229824
1787071436555.698,2073559040,102957056,49643520,15728640,1905229824
1787071436561.975,2073559040,102957056,49643520,15728640,1905229824
1787071436567.764,2073559040,102957056,49643520,15728640,1905229824
1787071436574.049,2073559040,102957056,49643520,15728640,1905229824
1787071436580.324,2073559040,102957056,49643520,15728640,1905229824
1787071436586.607,2073559040,102957056,49643520,15728640,1905229824
1787071436592.890,2073559040,102957056,49643520,15728640,1905229824
1787071436599.170,2073559040,102957056,49643520,15728640,1905229824
1787071436605.292,2073559040,102957056,49643520,15728640,1905229824
1787071436611.569,2073559040,102957056,49643520,15728640,1905229824
1787071436617.765,2073559040,102957056,49643520,15728640,1905229824
1787071436624.050,2073559040,102957056,49643520,15728640,1905229824
1787071436630.328,2073559040,102957056,49643520,15728640,1905229824
1787071436635.454,2073559040,102957056,49643520,15728640,1905229824
1787071436641.732,2073559040,102957056,49643520,15728640,1905229824
1787071436646.958,2073559040,102957056,49643520,15728640,1905229824
1787071436653.230,2073559040,102957056,49643520,15728640,1905229824
1787071436659.511,2073559040,102957056,49643520,15728640,1905229824
1787071436665.789,2073509888,102957056,49643520,15728640,1905180672
1787071436671.959,2073509888,102957056,49643520,15728640,1905180672
1787071436678.233,2073509888,102957056,49643520,15728640,1905180672
1787071436684.509,2073509888,102957056,49643520,15728640,1905180672
1787071436690.784,2073509888,102957056,49643520,15728640,1905180672
1787071436697.059,2073509888,102957056,49643520,15728640,1905180672
1787071436703.332,2073509888,102957056,49643520,15728640,1905180672
1787071436709.607,2073509888,102957056,49643520,15728640,1905180672
1787071436715.883,2073509888,102957056,49643520,15728640,1905180672
1787071436722.161,2073509888,102957056,49643520,15728640,1905180672
1787071436728.435,2073509888,102957056,49643520,15728640,1905180672
1787071436734.710,2073509888,102957056,49643520,15728640,1905180672
1787071436740.987,2073509888,102957056,49643520,15728640,1905180672
1787071436747.268,2073509888,102957056,49643520,15728640,1905180672
1787071436753.544,2073509888,102957056,49643520,15728640,1905180672
1787071436759.430,2073509888,102957056,49643520,15728640,1905180672
1787071436765.709,2073509888,102957056,49643520,15728640,1905180672
1787071436771.989,2073509888,102957056,49643520,15728640,1905180672
1787071436778.267,2073509888,102957056,49643520,15728640,1905180672
1787071436784.543,2073509888,102957056,49643520,15728640,1905180672
1787071436790.816,2073509888,102957056,49643520,15728640,1905180672
1787071436797.091,2073509888,102957056,49643520,15728640,1905180672
1787071436803.412,2073509888,102957056,49643520,15728640,1905180672
1787071436809.689,2073509888,102957056,49643520,15728640,1905180672
1787071436815.962,2073509888,102957056,49643520,15728640,1905180672
1787071436822.240,2073509888,102957056,49643520,15728640,1905180672
1787071436828.513,2073509888,102957056,49643520,15728640,1905180672
1787071436834.788,2073509888,102957056,49643520,15728640,1905180672
1787071436841.063,2073509888,102957056,49643520,15728640,1905180672
1787071436847.338,2073509888,102957056,49643520,15728640,1905180672
1787071436853.610,2073509888,102957056,49643520,15728640,1905180672
1787071436859.886,2073509888,102957056,49643520,15728640,1905180672
1787071436866.158,2073509888,102957056,49643520,15728640,1905180672
1787071436872.434,2073509888,102957056,49643520,15728640,1905180672
1787071436878.708,2073509888,102957056,49643520,15728640,1905180672
1787071436884.984,2073509888,102957056,49643520,15728640,1905180672
1787071436891.257,2073509888,102957056,49643520,15728640,1905180672
1787071436897.530,2073509888,102957056,49643520,15728640,1905180672
1787071436903.806,2073509888,102957056,49643520,15728640,1905180672
1787071436910.081,2073509888,102957056,49643520,15728640,1905180672
1787071436916.355,2073509888,102957056,49643520,15728640,1905180672
1787071436922.631,2073509888,102957056,49643520,15728640,1905180672
1787071436928.904,2073509888,102957056,49643520,15728640,1905180672
1787071436935.179,2073509888,102957056,49643520,15728640,1905180672
1787071436941.454,2073509888,102957056,49643520,15728640,1905180672
1787071436947.729,2073509888,102957056,49643520,15728640,1905180672
1787071436954.003,2073509888,102957056,49643520,15728640,1905180672
1787071436960.277,2073509888,102957056,49643520,15728640,1905180672
1787071436966.551,2073509888,102957056,49643520,15728640,1905180672
1787071436972.832,2073509888,102957056,49643520,15728640,1905180672
1787071436978.415,2073509888,102957056,49643520,15728640,1905180672
1787071436984.695,2073509888,102957056,49643520,15728640,1905180672
1787071436990.971,2073509888,102957056,49643520,15728640,1905180672
1787071436996.954,2073509888,102957056,49643520,15728640,1905180672
1787071437003.235,2073509888,102957056,49643520,15728640,1905180672
1787071437009.434,2073509888,102957056,49643520,15728640,1905180672
1787071437015.719,2073509888,102957056,49643520,15728640,1905180672
1787071437021.996,2073509888,102957056,49643520,15728640,1905180672
1787071437028.272,2073509888,102957056,49643520,15728640,1905180672
1787071437034.552,2073509888,102957056,49643520,15728640,1905180672
1787071437040.591,2073509888,102957056,49643520,15728640,1905180672
1787071437046.407,2073509888,102957056,49643520,15728640,1905180672
1787071437052.272,2073509888,102957056,49643520,15728640,1905180672
1787071437058.553,2073509888,102957056,49643520,15728640,1905180672
1787071437064.832,2073509888,102957056,49643520,15728640,1905180672
1787071437071.110,2073509888,102957056,49643520,15728640,1905180672
1787071437077.386,2073509888,102957056,49643520,15728640,1905180672
1787071437083.015,2073509888,102957056,49643520,15728640,1905180672
1787071437088.624,2073509888,102957056,49643520,15728640,1905180672
1787071437094.908,2073509888,102957056,49643520,15728640,1905180672
1787071437101.187,2073509888,102957056,49643520,15728640,1905180672
1787071437107.464,2073509888,102957056,49643520,15728640,1905180672
1787071437113.741,2073509888,102957056,49643520,15728640,1905180672
1787071437120.021,2073509888,102957056,49643520,15728640,1905180672
1787071437126.094,2073509888,102957056,49643520,15728640,1905180672
1787071437132.375,2073509888,102957056,49643520,15728640,1905180672
1787071437138.657,2073509888,102957056,49643520,15728640,1905180672
1787071437144.952,2073509888,102957056,49643520,15728640,1905180672
1787071437151.094,2073509888,102957056,49643520,15728640,1905180672
1787071437157.373,2073509888,102957056,49643520,15728640,1905180672
1787071437163.649,2073509888,102957056,49643520,15728640,1905180672
1787071437169.937,2073509888,102957056,49643520,15728640,1905180672
1787071437176.092,2073509888,102957056,49643520,15728640,1905180672
1787071437182.370,2073509888,102957056,49643520,15728640,1905180672
1787071437188.622,2073509888,102957056,49643520,15728640,1905180672
1787071437194.904,2073509888,102957056,49643520,15728640,1905180672
1787071437201.181,2073509888,102957056,49643520,15728640,1905180672
1787071437207.465,2073509888,102957056,49643520,15728640,1905180672
1787071437213.739,2073509888,102957056,49643520,15728640,1905180672
1787071437219.644,2073509888,102957056,49643520,15728640,1905180672
1787071437225.637,2073509888,102957056,49643520,15728640,1905180672
1787071437231.913,2073509888,102957056,49643520,15728640,1905180672
1787071437238.191,2073509888,102957056,49643520,15728640,1905180672
1787071437244.473,2073509888,102957056,49643520,15728640,1905180672
1787071437250.750,2073509888,102957056,49643520,15728640,1905180672
1787071437256.689,2073509888,102957056,49643520,15728640,1905180672
1787071437262.970,2073509888,102957056,49643520,15728640,1905180672
1787071437269.249,2073509888,102957056,49643520,15728640,1905180672
1787071437275.522,2073509888,102957056,49643520,15728640,1905180672
1787071437280.695,2073509888,102957056,49643520,15728640,1905180672
1787071437286.975,2073509888,102957056,49643520,15728640,1905180672
1787071437293.250,2073509888,102957056,49643520,15728640,1905180672
1787071437299.523,2073509888,102957056,49643520,15728640,1905180672
1787071437304.612,2073509888,102957056,49643520,15728640,1905180672
1787071437310.889,2073509888,102957056,49643520,15728640,1905180672
1787071437317.172,2073509888,102957056,49643520,15728640,1905180672
1787071437323.446,2073509888,102957056,49643520,15728640,1905180672
1787071437329.720,2073509888,102957056,49643520,15728640,1905180672
1787071437335.996,2073509888,102957056,49643520,15728640,1905180672
1787071437342.270,2073509888,102957056,49643520,15728640,1905180672
1787071437348.546,2073509888,102957056,49643520,15728640,1905180672
1787071437354.820,2073509888,102957056,49643520,15728640,1905180672
1787071437361.096,2073509888,102957056,49643520,15728640,1905180672
1787071437367.372,2073509888,102957056,49643520,15728640,1905180672
1787071437373.657,2073509888,102957056,49643520,15728640,1905180672
1787071437379.932,2073509888,102957056,49643520,15728640,1905180672
1787071437386.208,2073509888,102957056,49643520,15728640,1905180672
1787071437392.481,2073509888,102957056,49643520,15728640,1905180672
1787071437398.757,2073509888,102957056,49643520,15728640,1905180672
1787071437405.033,2073509888,102957056,49643520,15728640,1905180672
1787071437411.305,2073509888,102957056,49643520,15728640,1905180672
1787071437417.581,2073509888,102957056,49643520,15728640,1905180672
1787071437423.859,2073509888,102957056,49643520,15728640,1905180672
1787071437430.134,2073509888,102957056,49643520,15728640,1905180672
1787071437436.407,2073509888,102957056,49643520,15728640,1905180672
1787071437442.680,2073509888,102957056,49643520,15728640,1905180672
1787071437448.957,2073509888,102957056,49643520,15728640,1905180672
1787071437455.232,2073509888,102957056,49643520,15728640,1905180672
1787071437461.507,2073509888,102957056,49643520,15728640,1905180672
1787071437467.782,2073509888,102957056,49643520,15728640,1905180672
1787071437474.055,2073509888,102957056,49643520,15728640,1905180672
1787071437480.328,2073509888,102957056,49643520,15728640,1905180672
1787071437486.593,2073509888,102957056,49643520,15728640,1905180672
1787071437492.862,2073509888,102957056,49643520,15728640,1905180672
1787071437499.144,2073509888,102957056,49643520,15728640,1905180672
1787071437505.294,2073509888,102957056,49643520,15728640,1905180672
1787071437511.570,2073509888,102957056,49643520,15728640,1905180672
1787071437517.844,2073509888,102957056,49643520,15728640,1905180672
1787071437524.125,2073509888,102957056,49643520,15728640,1905180672
1787071437529.398,2073509888,102957056,49643520,15728640,1905180672
1787071437534.546,2073509888,102957056,49643520,15728640,1905180672
1787071437540.822,2073509888,102957056,49643520,15728640,1905180672
1787071437546.954,2073509888,102957056,49643520,15728640,1905180672
1787071437553.242,2073509888,102957056,49643520,15728640,1905180672
1787071437559.528,2073509888,102957056,49643520,15728640,1905180672
1787071437565.803,2073509888,102957056,49643520,15728640,1905180672
1787071437572.078,2073509888,102957056,49643520,15728640,1905180672
1787071437578.355,2073509888,102957056,49643520,15728640,1905180672
1787071437584.586,2073509888,102957056,49643520,15728640,1905180672
1787071437590.418,2073509888,102957056,49643520,15728640,1905180672
1787071437596.700,2073509888,102957056,49643520,15728640,1905180672
1787071437602.976,2073509888,102957056,49643520,15728640,1905180672
1787071437609.256,2073509888,102957056,49643520,15728640,1905180672
1787071437615.537,2073509888,102957056,49643520,15728640,1905180672
1787071437621.831,2073509888,102957056,49643520,15728640,1905180672
1787071437628.115,2073509888,102957056,49643520,15728640,1905180672
1787071437634.394,2073509888,102957056,49643520,15728640,1905180672
1787071437640.681,2073509888,102957056,49643520,15728640,1905180672
1787071437646.962,2073509888,102957056,49643520,15728640,1905180672
1787071437653.238,2073509888,102957056,49643520,15728640,1905180672
1787071437659.419,2073509888,102957056,49643520,15728640,1905180672
1787071437665.525,2073509888,102957056,49643520,15728640,1905180672
1787071437671.804,2073509888,102957056,49643520,15728640,1905180672
1787071437678.077,2073509888,102957056,49643520,15728640,1905180672
1787071437684.362,2073509888,102957056,49643520,15728640,1905180672
1787071437690.635,2073509888,102957056,49643520,15728640,1905180672
1787071437696.910,2073509888,102957056,49643520,15728640,1905180672
1787071437703.185,2073509888,102957056,49643520,15728640,1905180672
1787071437709.416,2073509888,102957056,49643520,15728640,1905180672
1787071437715.692,2073509888,102957056,49643520,15728640,1905180672
1787071437721.952,2073509888,102957056,49643520,15728640,1905180672
1787071437728.233,2073509888,102957056,49643520,15728640,1905180672
1787071437734.434,2073509888,102957056,49643520,15728640,1905180672
1787071437740.711,2073509888,102957056,49643520,15728640,1905180672
1787071437746.990,2073509888,102957056,49643520,15728640,1905180672
1787071437753.265,2073509888,102957056,49643520,15728640,1905180672
1787071437759.423,2073509888,102957056,49643520,15728640,1905180672
1787071437765.084,2073509888,102957056,49643520,15728640,1905180672
1787071437771.208,2073509888,102957056,49643520,15728640,1905180672
1787071437777.483,2073509888,102957056,49643520,15728640,1905180672
1787071437783.771,2073509888,102957056,49643520,15728640,1905180672
1787071437790.046,2073509888,102957056,49643520,15728640,1905180672
1787071437796.329,2073509888,102957056,49643520,15728640,1905180672
1787071437802.605,2073509888,102957056,49643520,15728640,1905180672
1787071437808.680,2073509888,102957056,49643520,15728640,1905180672
1787071437814.019,2073509888,102957056,49643520,15728640,1905180672
1787071437820.295,2073509888,102957056,49643520,15728640,1905180672
1787071437826.085,2073509888,102957056,49643520,15728640,1905180672
1787071437832.362,2073509888,102957056,49643520,15728640,1905180672
1787071437838.619,2073509888,102957056,49643520,15728640,1905180672
1787071437844.892,2073509888,102957056,49643520,15728640,1905180672
1787071437851.087,2073509888,102957056,49643520,15728640,1905180672
1787071437857.364,2073509888,102957056,49643520,15728640,1905180672
1787071437863.623,2073509888,102957056,49643520,15728640,1905180672
1787071437869.899,2073509888,102957056,49643520,15728640,1905180672
1787071437876.176,2073509888,102957056,49643520,15728640,1905180672
1787071437882.452,2073509888,102957056,49643520,15728640,1905180672
1787071437888.725,2073509888,102957056,49643520,15728640,1905180672
1787071437894.999,2073509888,102957056,49643520,15728640,1905180672
1787071437901.274,2073509888,102957056,49643520,15728640,1905180672
1787071437907.546,2073509888,102957056,49643520,15728640,1905180672
1787071437913.822,2073509888,102957056,49643520,15728640,1905180672
1787071437920.134,2073509888,102957056,49643520,15728640,1905180672
1787071437926.409,2073509888,102957056,49643520,15728640,1905180672
1787071437932.684,2073362432,102809600,49643520,15728640,1905180672
1787071437938.965,2073362432,102809600,49643520,15728640,1905180672
1787071437945.249,2073362432,102809600,49643520,15728640,1905180672
1787071437951.084,2073362432,102809600,49643520,15728640,1905180672
1787071437957.359,2073362432,102809600,49643520,15728640,1905180672
1787071437963.640,2073362432,102809600,49643520,15728640,1905180672
1787071437969.915,2073362432,102809600,49643520,15728640,1905180672
1787071437976.189,2073362432,102809600,49643520,15728640,1905180672
1787071437982.463,2073362432,102809600,49643520,15728640,1905180672
1787071437988.737,2073362432,102809600,49643520,15728640,1905180672
1787071437995.006,2073362432,102809600,49643520,15728640,1905180672
1787071438001.286,2073362432,102809600,49643520,15728640,1905180672
1787071438006.752,2073362432,102809600,49643520,15728640,1905180672
1787071438013.048,2073362432,102809600,49643520,15728640,1905180672
1787071438019.325,2073362432,102809600,49643520,15728640,1905180672
1787071438025.601,2073362432,102809600,49643520,15728640,1905180672
1787071438031.883,2073362432,102809600,49643520,15728640,1905180672
1787071438037.873,2073362432,102809600,49643520,15728640,1905180672
1787071438044.149,2073362432,102809600,49643520,15728640,1905180672
1787071438050.426,2073362432,102809600,49643520,15728640,1905180672
1787071438056.707,2073362432,102809600,49643520,15728640,1905180672
1787071438062.986,2073362432,102809600,49643520,15728640,1905180672
1787071438068.773,2073362432,102809600,49643520,15728640,1905180672
1787071438075.053,2073362432,102809600,49643520,15728640,1905180672
1787071438080.682,2073362432,102809600,49643520,15728640,1905180672
1787071438086.961,2073362432,102809600,49643520,15728640,1905180672
1787071438093.244,2073362432,102809600,49643520,15728640,1905180672
1787071438099.529,2073362432,102809600,49643520,15728640,1905180672
1787071438105.809,2073362432,102809600,49643520,15728640,1905180672
1787071438112.083,2073362432,102809600,49643520,15728640,1905180672
1787071438118.360,2073362432,102809600,49643520,15728640,1905180672
1787071438123.453,2073362432,102809600,49643520,15728640,1905180672
1787071438128.816,2073362432,102809600,49643520,15728640,1905180672
1787071438134.411,2073362432,102809600,49643520,15728640,1905180672
1787071438140.077,2073362432,102809600,49643520,15728640,1905180672
1787071438146.358,2073362432,102809600,49643520,15728640,1905180672
1787071438152.635,2073362432,102809600,49643520,15728640,1905180672
1787071438158.909,2073362432,102809600,49643520,15728640,1905180672
1787071438164.015,2073362432,102809600,49643520,15728640,1905180672
1787071438170.296,2073362432,102809600,49643520,15728640,1905180672
1787071438176.083,2073362432,102809600,49643520,15728640,1905180672
1787071438182.363,2073362432,102809600,49643520,15728640,1905180672
1787071438188.641,2073362432,102809600,49643520,15728640,1905180672
1787071438194.915,2073362432,102809600,49643520,15728640,1905180672
1787071438201.190,2073362432,102809600,49643520,15728640,1905180672
1787071438206.643,2073362432,102809600,49643520,15728640,1905180672
1787071438212.927,2073362432,102809600,49643520,15728640,1905180672
1787071438219.211,2073362432,102809600,49643520,15728640,1905180672
1787071438225.487,2073362432,102809600,49643520,15728640,1905180672
1787071438231.740,2073362432,102809600,49643520,15728640,1905180672
1787071438238.016,2073362432,102809600,49643520,15728640,1905180672
1787071438244.298,2073362432,102809600,49643520,15728640,1905180672
1787071438250.579,2073362432,102809600,49643520,15728640,1905180672
1787071438256.741,2073362432,102809600,49643520,15728640,1905180672
1787071438263.016,2073362432,102809600,49643520,15728640,1905180672
1787071438269.292,2073362432,102809600,49643520,15728640,1905180672
1787071438274.551,2073362432,102809600,49643520,15728640,1905180672
1787071438280.829,2073362432,102809600,49643520,15728640,1905180672
1787071438287.160,2073362432,102809600,49643520,15728640,1905180672
1787071438293.437,2073362432,102809600,49643520,15728640,1905180672
1787071438299.712,2073362432,102809600,49643520,15728640,1905180672
1787071438305.284,2073362432,102809600,49643520,15728640,1905180672
1787071438311.561,2073362432,102809600,49643520,15728640,1905180672
1787071438317.838,2073362432,102809600,49643520,15728640,1905180672
1787071438322.969,2073362432,102809600,49643520,15728640,1905180672
1787071438329.254,2073362432,102809600,49643520,15728640,1905180672
1787071438334.423,2073362432,102809600,49643520,15728640,1905180672
1787071438340.703,2073362432,102809600,49643520,15728640,1905180672
1787071438346.979,2073362432,102809600,49643520,15728640,1905180672
1787071438353.258,2073362432,102809600,49643520,15728640,1905180672
1787071438359.420,2073362432,102809600,49643520,15728640,1905180672
1787071438365.700,2073362432,102809600,49643520,15728640,1905180672
1787071438371.975,2073362432,102809600,49643520,15728640,1905180672
1787071438378.255,2073362432,102809600,49643520,15728640,1905180672
1787071438383.519,2073362432,102809600,49643520,15728640,1905180672
1787071438388.614,2073362432,102809600,49643520,15728640,1905180672
1787071438394.888,2073362432,102809600,49643520,15728640,1905180672
1787071438401.080,2073362432,102809600,49643520,15728640,1905180672
1787071438407.357,2073362432,102809600,49643520,15728640,1905180672
1787071438413.632,2073362432,102809600,49643520,15728640,1905180672
1787071438419.453,2073362432,102809600,49643520,15728640,1905180672
1787071438424.823,2073362432,102809600,49643520,15728640,1905180672
1787071438431.101,2073362432,102809600,49643520,15728640,1905180672
1787071438437.375,2073362432,102809600,49643520,15728640,1905180672
1787071438443.650,2073362432,102809600,49643520,15728640,1905180672
1787071438449.926,2073362432,102809600,49643520,15728640,1905180672
1787071438455.678,2073362432,102809600,49643520,15728640,1905180672
1787071438461.953,2073362432,102809600,49643520,15728640,1905180672
1787071438467.749,2073362432,102809600,49643520,15728640,1905180672
1787071438474.024,2073362432,102809600,49643520,15728640,1905180672
1787071438480.303,2073362432,102809600,49643520,15728640,1905180672
1787071438486.580,2073362432,102809600,49643520,15728640,1905180672
1787071438492.857,2073362432,102809600,49643520,15728640,1905180672
1787071438499.132,2073362432,102809600,49643520,15728640,1905180672
1787071438505.406,2073362432,102809600,49643520,15728640,1905180672
1787071438511.678,2073362432,102809600,49643520,15728640,1905180672
1787071438517.954,2073362432,102809600,49643520,15728640,1905180672
1787071438524.228,2073362432,102809600,49643520,15728640,1905180672
1787071438530.503,2073362432,102809600,49643520,15728640,1905180672
1787071438536.776,2073362432,102809600,49643520,15728640,1905180672
1787071438543.051,2073362432,102809600,49643520,15728640,1905180672
1787071438549.326,2073362432,102809600,49643520,15728640,1905180672
1787071438554.587,2073362432,102809600,49643520,15728640,1905180672
1787071438560.865,2073362432,102809600,49643520,15728640,1905180672
1787071438567.151,2073362432,102809600,49643520,15728640,1905180672
1787071438573.429,2073362432,102809600,49643520,15728640,1905180672
1787071438579.699,2073362432,102809600,49643520,15728640,1905180672
1787071438585.963,2073362432,102809600,49643520,15728640,1905180672
1787071438592.224,2073362432,102809600,49643520,15728640,1905180672
1787071438598.492,2073362432,102809600,49643520,15728640,1905180672
1787071438604.771,2073362432,102809600,49643520,15728640,1905180672
1787071438611.046,2073362432,102809600,49643520,15728640,1905180672
1787071438617.320,2073362432,102809600,49643520,15728640,1905180672
1787071438623.596,2073362432,102809600,49643520,15728640,1905180672
1787071438629.872,2073362432,102809600,49643520,15728640,1905180672
1787071438636.147,2073362432,102809600,49643520,15728640,1905180672
1787071438642.421,2073362432,102809600,49643520,15728640,1905180672
1787071438648.699,2073362432,102809600,49643520,15728640,1905180672
1787071438654.972,2073362432,102809600,49643520,15728640,1905180672
1787071438661.297,2073362432,102809600,49643520,15728640,1905180672
1787071438667.571,2073362432,102809600,49643520,15728640,1905180672
1787071438673.846,2073362432,102809600,49643520,15728640,1905180672
1787071438680.120,2073362432,102809600,49643520,15728640,1905180672
1787071438686.402,2073362432,102809600,49643520,15728640,1905180672
1787071438692.683,2073362432,102809600,49643520,15728640,1905180672
1787071438698.961,2073362432,102809600,49643520,15728640,1905180672
1787071438704.540,2073362432,102809600,49643520,15728640,1905180672
1787071438710.821,2073362432,102809600,49643520,15728640,1905180672
1787071438717.104,2073362432,102809600,49643520,15728640,1905180672
1787071438723.379,2073362432,102809600,49643520,15728640,1905180672
1787071438728.959,2073362432,102809600,49643520,15728640,1905180672
1787071438734.411,2073362432,102809600,49643520,15728640,1905180672
1787071438740.688,2073362432,102809600,49643520,15728640,1905180672
1787071438746.972,2073362432,102809600,49643520,15728640,1905180672
1787071438753.250,2073362432,102809600,49643520,15728640,1905180672
1787071438759.526,2073362432,102809600,49643520,15728640,1905180672
1787071438765.799,2073362432,102809600,49643520,15728640,1905180672
1787071438772.074,2073362432,102809600,49643520,15728640,1905180672
1787071438778.348,2073362432,102809600,49643520,15728640,1905180672
1787071438784.624,2073362432,102809600,49643520,15728640,1905180672
1787071438790.897,2073362432,102809600,49643520,15728640,1905180672
1787071438797.171,2073362432,102809600,49643520,15728640,1905180672
1787071438803.448,2073362432,102809600,49643520,15728640,1905180672
1787071438809.409,2073362432,102809600,49643520,15728640,1905180672
1787071438815.687,2073362432,102809600,49643520,15728640,1905180672
1787071438821.947,2073362432,102809600,49643520,15728640,1905180672
1787071438828.221,2073362432,102809600,49643520,15728640,1905180672
1787071438834.494,2073362432,102809600,49643520,15728640,1905180672
1787071438840.768,2073362432,102809600,49643520,15728640,1905180672
1787071438846.947,2073362432,102809600,49643520,15728640,1905180672
1787071438853.220,2073362432,102809600,49643520,15728640,1905180672
1787071438859.411,2073362432,102809600,49643520,15728640,1905180672
1787071438865.037,2073362432,102809600,49643520,15728640,1905180672
1787071438871.314,2073362432,102809600,49643520,15728640,1905180672
1787071438876.526,2073362432,102809600,49643520,15728640,1905180672
1787071438882.809,2073362432,102809600,49643520,15728640,1905180672
1787071438888.614,2073362432,102809600,49643520,15728640,1905180672
1787071438894.888,2073362432,102809600,49643520,15728640,1905180672
1787071438901.074,2073362432,102809600,49643520,15728640,1905180672
1787071438906.226,2073362432,102809600,49643520,15728640,1905180672
1787071438912.233,2073362432,102809600,49643520,15728640,1905180672
1787071438917.740,2073362432,102809600,49643520,15728640,1905180672
1787071438924.024,2073362432,102809600,49643520,15728640,1905180672
1787071438930.300,2073362432,102809600,49643520,15728640,1905180672
1787071438936.575,2073362432,102809600,49643520,15728640,1905180672
1787071438942.854,2073362432,102809600,49643520,15728640,1905180672
1787071438949.135,2073362432,102809600,49643520,15728640,1905180672
1787071438955.418,2073362432,102809600,49643520,15728640,1905180672
1787071438961.695,2073362432,102809600,49643520,15728640,1905180672
1787071438967.816,2073362432,102809600,49643520,15728640,1905180672
1787071438974.101,2073362432,102809600,49643520,15728640,1905180672
1787071438980.378,2073362432,102809600,49643520,15728640,1905180672
1787071438986.655,2073362432,102809600,49643520,15728640,1905180672
1787071438992.931,2073362432,102809600,49643520,15728640,1905180672
1787071438999.211,2073362432,102809600,49643520,15728640,1905180672
1787071439005.489,2073362432,102809600,49643520,15728640,1905180672
1787071439011.763,2073362432,102809600,49643520,15728640,1905180672
1787071439017.740,2073362432,102809600,49643520,15728640,1905180672
1787071439024.015,2073362432,102809600,49643520,15728640,1905180672
1787071439030.333,2073362432,102809600,49643520,15728640,1905180672
1787071439035.837,2073362432,102809600,49643520,15728640,1905180672
1787071439042.114,2073362432,102809600,49643520,15728640,1905180672
1787071439047.346,2073362432,102809600,49643520,15728640,1905180672
1787071439053.631,2073362432,102809600,49643520,15728640,1905180672
1787071439059.909,2073362432,102809600,49643520,15728640,1905180672
1787071439066.191,2073362432,102809600,49643520,15728640,1905180672
1787071439072.338,2073362432,102809600,49643520,15728640,1905180672
1787071439078.616,2073362432,102809600,49643520,15728640,1905180672
1787071439084.407,2073362432,102809600,49643520,15728640,1905180672
1787071439090.695,2073362432,102809600,49643520,15728640,1905180672
1787071439096.973,2073362432,102809600,49643520,15728640,1905180672
1787071439103.257,2073362432,102809600,49643520,15728640,1905180672
1787071439109.540,2073362432,102809600,49643520,15728640,1905180672
1787071439115.815,2073362432,102809600,49643520,15728640,1905180672
1787071439121.957,2073362432,102809600,49643520,15728640,1905180672
1787071439128.240,2073362432,102809600,49643520,15728640,1905180672
1787071439134.525,2073362432,102809600,49643520,15728640,1905180672
1787071439140.815,2073362432,102809600,49643520,15728640,1905180672
1787071439146.946,2073362432,102809600,49643520,15728640,1905180672
1787071439153.220,2073362432,102809600,49643520,15728640,1905180672
1787071439158.691,2073362432,102809600,49643520,15728640,1905180672
1787071439164.969,2073362432,102809600,49643520,15728640,1905180672
1787071439171.246,2073362432,102809600,49643520,15728640,1905180672
1787071439177.523,2073362432,102809600,49643520,15728640,1905180672
1787071439183.798,2073362432,102809600,49643520,15728640,1905180672
1787071439188.877,2073362432,102809600,49643520,15728640,1905180672
1787071439195.164,2073362432,102809600,49643520,15728640,1905180672
1787071439201.443,2073362432,102809600,49643520,15728640,1905180672
1787071439207.693,2073362432,102809600,49643520,15728640,1905180672
1787071439213.971,2073362432,102809600,49643520,15728640,1905180672
1787071439220.245,2073362432,102809600,49643520,15728640,1905180672
1787071439226.073,2073362432,102809600,49643520,15728640,1905180672
1787071439232.035,2073362432,102809600,49643520,15728640,1905180672
1787071439238.310,2073362432,102809600,49643520,15728640,1905180672
1787071439244.585,2073362432,102809600,49643520,15728640,1905180672
1787071439250.858,2073362432,102809600,49643520,15728640,1905180672
1787071439257.139,2073362432,102809600,49643520,15728640,1905180672
1787071439263.371,2073362432,102809600,49643520,15728640,1905180672
1787071439269.649,2073362432,102809600,49643520,15728640,1905180672
1787071439275.926,2073362432,102809600,49643520,15728640,1905180672
1787071439282.201,2073362432,102809600,49643520,15728640,1905180672
1787071439288.478,2073362432,102809600,49643520,15728640,1905180672
1787071439294.751,2073362432,102809600,49643520,15728640,1905180672
1787071439301.027,2073362432,102809600,49643520,15728640,1905180672
1787071439306.731,2073362432,102809600,49643520,15728640,1905180672
1787071439313.006,2073362432,102809600,49643520,15728640,1905180672
1787071439318.646,2073362432,102809600,49643520,15728640,1905180672
1787071439324.170,2073362432,102809600,49643520,15728640,1905180672
1787071439330.058,2073362432,102809600,49643520,15728640,1905180672
1787071439336.336,2073362432,102809600,49643520,15728640,1905180672
1787071439342.613,2073362432,102809600,49643520,15728640,1905180672
1787071439348.888,2073362432,102809600,49643520,15728640,1905180672
1787071439355.164,2073362432,102809600,49643520,15728640,1905180672
1787071439361.445,2073362432,102809600,49643520,15728640,1905180672
1787071439367.348,2073362432,102809600,49643520,15728640,1905180672
1787071439373.628,2073362432,102809600,49643520,15728640,1905180672
1787071439379.905,2073362432,102809600,49643520,15728640,1905180672
1787071439386.172,2073362432,102809600,49643520,15728640,1905180672
1787071439392.435,2073362432,102809600,49643520,15728640,1905180672
1787071439398.721,2073362432,102809600,49643520,15728640,1905180672
1787071439404.989,2073362432,102809600,49643520,15728640,1905180672
1787071439411.268,2073362432,102809600,49643520,15728640,1905180672
1787071439417.543,2073362432,102809600,49643520,15728640,1905180672
1787071439423.819,2073362432,102809600,49643520,15728640,1905180672
1787071439428.970,2073362432,102809600,49643520,15728640,1905180672
1787071439434.404,2073362432,102809600,49643520,15728640,1905180672
1787071439440.688,2073362432,102809600,49643520,15728640,1905180672
1787071439446.945,2073362432,102809600,49643520,15728640,1905180672
1787071439452.364,2073362432,102809600,49643520,15728640,1905180672
1787071439458.642,2073362432,102809600,49643520,15728640,1905180672
1787071439464.919,2073362432,102809600,49643520,15728640,1905180672
1787071439471.205,2073362432,102809600,49643520,15728640,1905180672
1787071439477.481,2073362432,102809600,49643520,15728640,1905180672
1787071439483.755,2073362432,102809600,49643520,15728640,1905180672
1787071439490.030,2073362432,102809600,49643520,15728640,1905180672
1787071439496.304,2073362432,102809600,49643520,15728640,1905180672
1787071439502.580,2073362432,102809600,49643520,15728640,1905180672
1787071439508.855,2073362432,102809600,49643520,15728640,1905180672
1787071439515.062,2073362432,102809600,49643520,15728640,1905180672
1787071439521.335,2073362432,102809600,49643520,15728640,1905180672
1787071439527.612,2073362432,102809600,49643520,15728640,1905180672
1787071439533.893,2073362432,102809600,49643520,15728640,1905180672
1787071439538.999,2073362432,102809600,49643520,15728640,1905180672
1787071439545.229,2073362432,102809600,49643520,15728640,1905180672
1787071439551.083,2073362432,102809600,49643520,15728640,1905180672
1787071439557.367,2073362432,102809600,49643520,15728640,1905180672
1787071439563.698,2073362432,102809600,49643520,15728640,1905180672
1787071439569.985,2073362432,102809600,49643520,15728640,1905180672
1787071439576.265,2073362432,102809600,49643520,15728640,1905180672
1787071439582.540,2073362432,102809600,49643520,15728640,1905180672
1787071439588.817,2073362432,102809600,49643520,15728640,1905180672
1787071439595.095,2073362432,102809600,49643520,15728640,1905180672
1787071439601.377,2073362432,102809600,49643520,15728640,1905180672
1787071439607.660,2073362432,102809600,49643520,15728640,1905180672
1787071439613.938,2073362432,102809600,49643520,15728640,1905180672
1787071439620.214,2073362432,102809600,49643520,15728640,1905180672
1787071439626.490,2073362432,102809600,49643520,15728640,1905180672
1787071439632.766,2073362432,102809600,49643520,15728640,1905180672
1787071439639.044,2073362432,102809600,49643520,15728640,1905180672
1787071439645.327,2073362432,102809600,49643520,15728640,1905180672
1787071439651.079,2073362432,102809600,49643520,15728640,1905180672
1787071439657.358,2073362432,102809600,49643520,15728640,1905180672
1787071439663.735,2073362432,102809600,49643520,15728640,1905180672
1787071439670.015,2073362432,102809600,49643520,15728640,1905180672
1787071439676.293,2073362432,102809600,49643520,15728640,1905180672
1787071439682.569,2073362432,102809600,49643520,15728640,1905180672
1787071439688.845,2073362432,102809600,49643520,15728640,1905180672
1787071439695.120,2073362432,102809600,49643520,15728640,1905180672
1787071439701.396,2073362432,102809600,49643520,15728640,1905180672
1787071439707.670,2073362432,102809600,49643520,15728640,1905180672
1787071439713.946,2073362432,102809600,49643520,15728640,1905180672
1787071439720.220,2073362432,102809600,49643520,15728640,1905180672
1787071439726.497,2073362432,102809600,49643520,15728640,1905180672
1787071439732.773,2073362432,102809600,49643520,15728640,1905180672
1787071439739.050,2073362432,102809600,49643520,15728640,1905180672
1787071439745.327,2073362432,102809600,49643520,15728640,1905180672
1787071439751.604,2073362432,102809600,49643520,15728640,1905180672
1787071439757.880,2073362432,102809600,49643520,15728640,1905180672
1787071439764.156,2073362432,102809600,49643520,15728640,1905180672
1787071439770.531,2073362432,102809600,49643520,15728640,1905180672
1787071439776.806,2073362432,102809600,49643520,15728640,1905180672
1787071439783.083,2073362432,102809600,49643520,15728640,1905180672
1787071439789.359,2073362432,102809600,49643520,15728640,1905180672
1787071439795.635,2073362432,102809600,49643520,15728640,1905180672
1787071439801.911,2073362432,102809600,49643520,15728640,1905180672
1787071439808.186,2073362432,102809600,49643520,15728640,1905180672
1787071439814.463,2073362432,102809600,49643520,15728640,1905180672
1787071439820.738,2073362432,102809600,49643520,15728640,1905180672
1787071439827.015,2073362432,102809600,49643520,15728640,1905180672
1787071439833.294,2073362432,102809600,49643520,15728640,1905180672
1787071439839.571,2073362432,102809600,49643520,15728640,1905180672
1787071439845.848,2073362432,102809600,49643520,15728640,1905180672
1787071439852.124,2073362432,102809600,49643520,15728640,1905180672
1787071439858.400,2073362432,102809600,49643520,15728640,1905180672
1787071439864.676,2073362432,102809600,49643520,15728640,1905180672
1787071439870.952,2073362432,102809600,49643520,15728640,1905180672
1787071439877.227,2073362432,102809600,49643520,15728640,1905180672
1787071439883.501,2073362432,102809600,49643520,15728640,1905180672
1787071439889.777,2073362432,102809600,49643520,15728640,1905180672
1787071439896.055,2073362432,102809600,49643520,15728640,1905180672
1787071439902.332,2073362432,102809600,49643520,15728640,1905180672
1787071439908.608,2073362432,102809600,49643520,15728640,1905180672
1787071439914.887,2073362432,102809600,49643520,15728640,1905180672
1787071439921.165,2073362432,102809600,49643520,15728640,1905180672
1787071439927.442,2073362432,102809600,49643520,15728640,1905180672
1787071439933.717,2073362432,102809600,49643520,15728640,1905180672
1787071439939.994,2073362432,102809600,49643520,15728640,1905180672
1787071439946.270,2073362432,102809600,49643520,15728640,1905180672
1787071439952.545,2073362432,102809600,49643520,15728640,1905180672
1787071439958.824,2073362432,102809600,49643520,15728640,1905180672
1787071439965.100,2073362432,102809600,49643520,15728640,1905180672
1787071439971.375,2073362432,102809600,49643520,15728640,1905180672
1787071439977.652,2073362432,102809600,49643520,15728640,1905180672
1787071439983.491,2073362432,102809600,49643520,15728640,1905180672
1787071439989.065,2073362432,102809600,49643520,15728640,1905180672
1787071439995.343,2073362432,102809600,49643520,15728640,1905180672
1787071440001.620,2073362432,102809600,49643520,15728640,1905180672
1787071440007.899,2073362432,102809600,49643520,15728640,1905180672
1787071440014.180,2073362432,102809600,49643520,15728640,1905180672
1787071440020.462,2073362432,102809600,49643520,15728640,1905180672
1787071440026.748,2073362432,102809600,49643520,15728640,1905180672
1787071440033.028,2073362432,102809600,49643520,15728640,1905180672
1787071440038.989,2073362432,102809600,49643520,15728640,1905180672
1787071440045.263,2073362432,102809600,49643520,15728640,1905180672
1787071440051.528,2073362432,102809600,49643520,15728640,1905180672
1787071440057.801,2073362432,102809600,49643520,15728640,1905180672
1787071440064.026,2073362432,102809600,49643520,15728640,1905180672
1787071440069.219,2073362432,102809600,49643520,15728640,1905180672
1787071440075.491,2073362432,102809600,49643520,15728640,1905180672
1787071440081.768,2073362432,102809600,49643520,15728640,1905180672
1787071440087.110,2073362432,102809600,49643520,15728640,1905180672
1787071440093.384,2073362432,102809600,49643520,15728640,1905180672
1787071440099.659,2073362432,102809600,49643520,15728640,1905180672
1787071440105.933,2073362432,102809600,49643520,15728640,1905180672
1787071440112.201,2073362432,102809600,49643520,15728640,1905180672
1787071440117.764,2073362432,102809600,49643520,15728640,1905180672
1787071440124.042,2073362432,102809600,49643520,15728640,1905180672
1787071440130.318,2073362432,102809600,49643520,15728640,1905180672
1787071440136.589,2073362432,102809600,49643520,15728640,1905180672
1787071440142.761,2073362432,102809600,49643520,15728640,1905180672
1787071440149.094,2073362432,102809600,49643520,15728640,1905180672
1787071440155.368,2073362432,102809600,49643520,15728640,1905180672
1787071440160.468,2073362432,102809600,49643520,15728640,1905180672
1787071440166.740,2073362432,102809600,49643520,15728640,1905180672
1787071440173.013,2073362432,102809600,49643520,15728640,1905180672
1787071440178.406,2073362432,102809600,49643520,15728640,1905180672
1787071440184.681,2073362432,102809600,49643520,15728640,1905180672
1787071440190.960,2073362432,102809600,49643520,15728640,1905180672
1787071440197.246,2073362432,102809600,49643520,15728640,1905180672
1787071440203.537,2073362432,102809600,49643520,15728640,1905180672
1787071440209.819,2073362432,102809600,49643520,15728640,1905180672
1787071440216.091,2073362432,102809600,49643520,15728640,1905180672
1787071440222.357,2073362432,102809600,49643520,15728640,1905180672
1787071440228.625,2073362432,102809600,49643520,15728640,1905180672
1787071440234.900,2073362432,102809600,49643520,15728640,1905180672
1787071440241.186,2073362432,102809600,49643520,15728640,1905180672
1787071440247.364,2073362432,102809600,49643520,15728640,1905180672
1787071440253.652,2073362432,102809600,49643520,15728640,1905180672
1787071440259.000,2073362432,102809600,49643520,15728640,1905180672
1787071440265.533,2073362432,102809600,49643520,15728640,1905180672
1787071440270.590,2073362432,102809600,49643520,15728640,1905180672
1787071440276.875,2073362432,102809600,49643520,15728640,1905180672
1787071440282.777,2073362432,102809600,49643520,15728640,1905180672
1787071440289.022,2073362432,102809600,49643520,15728640,1905180672
1787071440295.299,2073362432,102809600,49643520,15728640,1905180672
1787071440301.576,2073362432,102809600,49643520,15728640,1905180672
1787071440307.854,2073362432,102809600,49643520,15728640,1905180672
1787071440313.612,2073362432,102809600,49643520,15728640,1905180672
1787071440319.894,2073362432,102809600,49643520,15728640,1905180672
1787071440326.170,2073362432,102809600,49643520,15728640,1905180672
1787071440332.447,2073362432,102809600,49643520,15728640,1905180672
1787071440338.724,2073362432,102809600,49643520,15728640,1905180672
1787071440345.001,2073362432,102809600,49643520,15728640,1905180672
1787071440351.093,2073362432,102809600,49643520,15728640,1905180672
1787071440356.819,2073362432,102809600,49643520,15728640,1905180672
1787071440362.335,2073362432,102809600,49643520,15728640,1905180672
1787071440368.612,2073362432,102809600,49643520,15728640,1905180672
1787071440374.888,2073362432,102809600,49643520,15728640,1905180672
1787071440380.281,2073362432,102809600,49643520,15728640,1905180672
1787071440386.559,2073362432,102809600,49643520,15728640,1905180672
1787071440392.834,2073362432,102809600,49643520,15728640,1905180672
1787071440399.104,2073362432,102809600,49643520,15728640,1905180672
1787071440405.376,2073362432,102809600,49643520,15728640,1905180672
1787071440411.647,2073362432,102809600,49643520,15728640,1905180672
1787071440417.921,2073362432,102809600,49643520,15728640,1905180672
1787071440424.195,2073362432,102809600,49643520,15728640,1905180672
1787071440430.468,2073362432,102809600,49643520,15728640,1905180672
1787071440436.738,2073362432,102809600,49643520,15728640,1905180672
1787071440443.010,2073362432,102809600,49643520,15728640,1905180672
1787071440449.279,2073362432,102809600,49643520,15728640,1905180672
1787071440455.557,2073362432,102809600,49643520,15728640,1905180672
1787071440461.829,2073362432,102809600,49643520,15728640,1905180672
1787071440468.101,2073362432,102809600,49643520,15728640,1905180672
1787071440474.375,2073362432,102809600,49643520,15728640,1905180672
1787071440480.650,2073362432,102809600,49643520,15728640,1905180672
1787071440486.920,2073362432,102809600,49643520,15728640,1905180672
1787071440492.758,2073362432,102809600,49643520,15728640,1905180672
1787071440499.034,2073362432,102809600,49643520,15728640,1905180672
1787071440504.919,2073362432,102809600,49643520,15728640,1905180672
1787071440511.201,2073362432,102809600,49643520,15728640,1905180672
1787071440516.756,2073362432,102809600,49643520,15728640,1905180672
1787071440521.946,2073362432,102809600,49643520,15728640,1905180672
1787071440528.222,2073362432,102809600,49643520,15728640,1905180672
1787071440534.494,2073362432,102809600,49643520,15728640,1905180672
1787071440540.765,2073362432,102809600,49643520,15728640,1905180672
1787071440546.946,2073362432,102809600,49643520,15728640,1905180672
1787071440553.223,2073362432,102809600,49643520,15728640,1905180672
1787071440559.502,2073362432,102809600,49643520,15728640,1905180672
1787071440565.781,2073362432,102809600,49643520,15728640,1905180672
1787071440572.058,2073362432,102809600,49643520,15728640,1905180672
1787071440578.337,2073362432,102809600,49643520,15728640,1905180672
1787071440584.622,2073362432,102809600,49643520,15728640,1905180672
1787071440590.902,2073362432,102809600,49643520,15728640,1905180672
1787071440597.184,2073362432,102809600,49643520,15728640,1905180672
1787071440603.464,2073362432,102809600,49643520,15728640,1905180672
1787071440609.739,2073362432,102809600,49643520,15728640,1905180672
1787071440616.019,2073362432,102809600,49643520,15728640,1905180672
1787071440622.297,2073362432,102809600,49643520,15728640,1905180672
1787071440628.568,2073362432,102809600,49643520,15728640,1905180672
1787071440633.685,2073362432,102809600,49643520,15728640,1905180672
1787071440639.956,2073362432,102809600,49643520,15728640,1905180672
1787071440646.228,2073362432,102809600,49643520,15728640,1905180672
1787071440652.495,2073362432,102809600,49643520,15728640,1905180672
1787071440658.769,2073362432,102809600,49643520,15728640,1905180672
1787071440663.869,2073362432,102809600,49643520,15728640,1905180672
1787071440670.137,2073362432,102809600,49643520,15728640,1905180672
1787071440675.892,2073362432,102809600,49643520,15728640,1905180672
1787071440681.749,2073362432,102809600,49643520,15728640,1905180672
1787071440688.015,2073362432,102809600,49643520,15728640,1905180672
1787071440694.284,2073362432,102809600,49643520,15728640,1905180672
1787071440700.163,2073362432,102809600,49643520,15728640,1905180672
1787071440706.439,2073362432,102809600,49643520,15728640,1905180672
1787071440712.711,2073362432,102809600,49643520,15728640,1905180672
1787071440717.756,2073362432,102809600,49643520,15728640,1905180672
1787071440724.046,2073362432,102809600,49643520,15728640,1905180672
1787071440730.320,2073362432,102809600,49643520,15728640,1905180672
1787071440735.805,2073362432,102809600,49643520,15728640,1905180672
1787071440741.888,2073362432,102809600,49643520,15728640,1905180672
1787071440747.990,2073362432,102809600,49643520,15728640,1905180672
1787071440754.275,2073362432,102809600,49643520,15728640,1905180672
1787071440760.557,2073362432,102809600,49643520,15728640,1905180672
1787071440766.832,2073362432,102809600,49643520,15728640,1905180672
1787071440772.359,2073362432,102809600,49643520,15728640,1905180672
1787071440778.634,2073362432,102809600,49643520,15728640,1905180672
1787071440784.909,2073362432,102809600,49643520,15728640,1905180672
1787071440791.185,2073362432,102809600,49643520,15728640,1905180672
1787071440796.938,2073362432,102809600,49643520,15728640,1905180672
1787071440803.212,2073362432,102809600,49643520,15728640,1905180672
1787071440809.486,2073362432,102809600,49643520,15728640,1905180672
1787071440815.761,2073362432,102809600,49643520,15728640,1905180672
1787071440822.035,2073362432,102809600,49643520,15728640,1905180672
1787071440828.308,2073362432,102809600,49643520,15728640,1905180672
1787071440834.583,2073362432,102809600,49643520,15728640,1905180672
1787071440840.859,2073362432,102809600,49643520,15728640,1905180672
1787071440847.136,2073362432,102809600,49643520,15728640,1905180672
1787071440853.416,2073362432,102809600,49643520,15728640,1905180672
1787071440859.693,2073362432,102809600,49643520,15728640,1905180672
1787071440865.966,2073362432,102809600,49643520,15728640,1905180672
1787071440872.241,2073362432,102809600,49643520,15728640,1905180672
1787071440878.514,2073362432,102809600,49643520,15728640,1905180672
1787071440884.423,2073362432,102809600,49643520,15728640,1905180672
1787071440890.699,2073362432,102809600,49643520,15728640,1905180672
1787071440896.972,2073362432,102809600,49643520,15728640,1905180672
1787071440903.245,2073362432,102809600,49643520,15728640,1905180672
1787071440909.523,2073362432,102809600,49643520,15728640,1905180672
1787071440914.772,2073362432,102809600,49643520,15728640,1905180672
1787071440921.049,2073362432,102809600,49643520,15728640,1905180672
1787071440927.324,2073362432,102809600,49643520,15728640,1905180672
1787071440933.598,2073362432,102809600,49643520,15728640,1905180672
1787071440939.873,2073362432,102809600,49643520,15728640,1905180672
1787071440946.159,2073362432,102809600,49643520,15728640,1905180672
1787071440952.439,2073362432,102809600,49643520,15728640,1905180672
1787071440958.714,2073362432,102809600,49643520,15728640,1905180672
1787071440964.987,2073362432,102809600,49643520,15728640,1905180672
1787071440971.262,2073362432,102809600,49643520,15728640,1905180672
1787071440977.534,2073083904,102809600,49643520,15728640,1904902144
1787071440982.916,2073427968,102809600,49643520,15728640,1905246208
1787071440989.090,2073526272,102809600,49676288,15728640,1905311744
1787071440995.371,2073640960,102809600,49790976,15728640,1905311744
1787071441001.662,2073640960,102825984,49790976,15728640,1905295360
1787071441007.937,2073640960,102825984,49790976,15728640,1905295360
1787071441014.219,2073640960,102825984,49790976,15728640,1905295360
1787071441020.493,2073640960,102825984,49790976,15728640,1905295360
1787071441026.764,2073640960,102825984,49790976,15728640,1905295360
1787071441033.034,2073640960,102825984,49790976,15728640,1905295360
1787071441039.315,2073640960,102825984,49790976,15728640,1905295360
1787071441045.599,2073640960,102825984,49790976,15728640,1905295360
1787071441051.879,2073640960,102825984,49790976,15728640,1905295360
1787071441058.156,2073640960,102825984,49790976,15728640,1905295360
1787071441064.435,2073640960,102825984,49790976,15728640,1905295360
1787071441070.704,2073640960,102825984,49790976,15728640,1905295360
1787071441076.616,2073640960,102825984,49790976,15728640,1905295360
1787071441082.895,2073640960,102825984,49790976,15728640,1905295360
1787071441088.603,2073640960,102825984,49790976,15728640,1905295360
1787071441094.880,2073640960,102825984,49790976,15728640,1905295360
1787071441101.157,2073640960,102825984,49790976,15728640,1905295360
1787071441107.430,2073640960,102825984,49790976,15728640,1905295360
1787071441112.597,2073640960,102825984,49790976,15728640,1905295360
1787071441118.104,2073640960,102825984,49790976,15728640,1905295360
1787071441124.383,2073640960,102825984,49790976,15728640,1905295360
1787071441130.660,2073640960,102825984,49790976,15728640,1905295360
1787071441136.935,2073640960,102825984,49790976,15728640,1905295360
1787071441143.210,2073640960,102825984,49790976,15728640,1905295360
1787071441149.245,2073640960,102825984,49790976,15728640,1905295360
1787071441155.523,2073640960,102825984,49790976,15728640,1905295360
1787071441161.797,2073640960,102825984,49790976,15728640,1905295360
1787071441167.754,2073640960,102825984,49790976,15728640,1905295360
1787071441173.424,2073640960,102825984,49790976,15728640,1905295360
1787071441179.698,2073640960,102825984,49790976,15728640,1905295360
1787071441185.974,2073640960,102825984,49790976,15728640,1905295360
1787071441192.259,2073640960,102825984,49790976,15728640,1905295360
1787071441197.352,2073640960,102825984,49790976,15728640,1905295360
1787071441203.628,2073640960,102825984,49790976,15728640,1905295360
1787071441209.907,2073640960,102825984,49790976,15728640,1905295360
1787071441216.181,2073640960,102825984,49790976,15728640,1905295360
1787071441221.936,2073640960,102825984,49790976,15728640,1905295360
1787071441228.214,2073640960,102825984,49790976,15728640,1905295360
1787071441234.489,2073640960,102825984,49790976,15728640,1905295360
1787071441240.765,2073640960,102825984,49790976,15728640,1905295360
1787071441247.046,2073640960,102825984,49790976,15728640,1905295360
1787071441253.377,2073640960,102825984,49790976,15728640,1905295360
1787071441259.655,2073640960,102825984,49790976,15728640,1905295360
1787071441265.931,2073640960,102825984,49790976,15728640,1905295360
1787071441272.208,2073640960,102825984,49790976,15728640,1905295360
1787071441278.489,2073640960,102825984,49790976,15728640,1905295360
1787071441284.420,2073640960,102825984,49790976,15728640,1905295360
1787071441289.800,2073640960,102825984,49790976,15728640,1905295360
1787071441296.079,2073640960,102825984,49790976,15728640,1905295360
1787071441302.355,2073640960,102825984,49790976,15728640,1905295360
1787071441308.638,2073640960,102825984,49790976,15728640,1905295360
1787071441314.020,2073640960,102825984,49790976,15728640,1905295360
1787071441320.303,2073640960,102825984,49790976,15728640,1905295360
1787071441326.003,2073640960,102825984,49790976,15728640,1905295360
1787071441332.286,2073640960,102825984,49790976,15728640,1905295360
1787071441338.135,2073640960,102825984,49790976,15728640,1905295360
1787071441344.418,2073640960,102825984,49790976,15728640,1905295360
1787071441350.694,2073640960,102825984,49790976,15728640,1905295360
1787071441356.975,2073640960,102825984,49790976,15728640,1905295360
1787071441363.251,2073624576,102809600,49790976,15728640,1905295360
1787071441369.523,2073624576,102809600,49790976,15728640,1905295360
1787071441375.490,2073624576,102809600,49790976,15728640,1905295360
1787071441381.765,2073624576,102809600,49790976,15728640,1905295360
1787071441388.040,2073624576,102809600,49790976,15728640,1905295360
1787071441394.314,2073624576,102809600,49790976,15728640,1905295360
1787071441400.586,2073624576,102809600,49790976,15728640,1905295360
1787071441406.863,2073624576,102809600,49790976,15728640,1905295360
1787071441412.514,2073624576,102809600,49790976,15728640,1905295360
1787071441418.789,2073624576,102809600,49790976,15728640,1905295360
1787071441425.067,2073624576,102809600,49790976,15728640,1905295360
1787071441431.340,2073624576,102809600,49790976,15728640,1905295360
1787071441437.615,2073624576,102809600,49790976,15728640,1905295360
1787071441443.888,2073624576,102809600,49790976,15728640,1905295360
1787071441450.161,2073624576,102809600,49790976,15728640,1905295360
1787071441455.266,2073624576,102809600,49790976,15728640,1905295360
1787071441461.540,2073624576,102809600,49790976,15728640,1905295360
1787071441467.751,2073624576,102809600,49790976,15728640,1905295360
1787071441474.034,2073624576,102809600,49790976,15728640,1905295360
1787071441480.314,2073624576,102809600,49790976,15728640,1905295360
1787071441486.590,2073640960,102825984,49790976,15728640,1905295360
1787071441492.751,2073640960,102825984,49790976,15728640,1905295360
1787071441499.031,2073640960,102825984,49790976,15728640,1905295360
1787071441505.267,2073526272,102825984,49790976,15728640,1905180672
1787071441510.311,2073526272,102825984,49790976,15728640,1905180672
1787071441516.589,2073526272,102825984,49790976,15728640,1905180672
1787071441522.864,2073526272,102825984,49790976,15728640,1905180672
1787071441529.139,2073526272,102825984,49790976,15728640,1905180672
1787071441534.415,2073526272,102825984,49790976,15728640,1905180672
1787071441540.693,2073526272,102825984,49790976,15728640,1905180672
1787071441546.932,2073526272,102825984,49790976,15728640,1905180672
1787071441553.206,2073526272,102825984,49790976,15728640,1905180672
1787071441559.428,2073526272,102825984,49790976,15728640,1905180672
1787071441565.711,2073526272,102825984,49790976,15728640,1905180672
1787071441571.989,2073526272,102825984,49790976,15728640,1905180672
1787071441578.265,2073526272,102825984,49790976,15728640,1905180672
1787071441584.545,2073526272,102825984,49790976,15728640,1905180672
1787071441590.823,2073526272,102825984,49790976,15728640,1905180672
1787071441597.102,2073526272,102825984,49790976,15728640,1905180672
1787071441602.867,2073526272,102825984,49790976,15728640,1905180672
1787071441609.144,2073526272,102825984,49790976,15728640,1905180672
1787071441615.420,2073526272,102825984,49790976,15728640,1905180672
1787071441621.701,2073526272,102825984,49790976,15728640,1905180672
1787071441628.041,2073526272,102825984,49790976,15728640,1905180672
1787071441634.287,2073526272,102825984,49790976,15728640,1905180672
1787071441640.178,2073526272,102825984,49790976,15728640,1905180672
1787071441646.456,2073526272,102825984,49790976,15728640,1905180672
1787071441652.737,2073526272,102825984,49790976,15728640,1905180672
1787071441659.012,2073526272,102825984,49790976,15728640,1905180672
1787071441665.076,2073526272,102825984,49790976,15728640,1905180672
1787071441671.352,2073526272,102825984,49790976,15728640,1905180672
1787071441677.628,2073526272,102825984,49790976,15728640,1905180672
1787071441683.903,2073526272,102825984,49790976,15728640,1905180672
1787071441689.017,2073526272,102825984,49790976,15728640,1905180672
1787071441695.291,2073526272,102825984,49790976,15728640,1905180672
1787071441701.572,2073526272,102825984,49790976,15728640,1905180672
1787071441707.848,2073526272,102825984,49790976,15728640,1905180672
1787071441714.016,2073526272,102825984,49790976,15728640,1905180672
1787071441720.295,2073526272,102825984,49790976,15728640,1905180672
1787071441726.575,2073526272,102825984,49790976,15728640,1905180672
1787071441732.851,2073526272,102825984,49790976,15728640,1905180672
1787071441738.599,2073526272,102825984,49790976,15728640,1905180672
1787071441743.830,2073526272,102825984,49790976,15728640,1905180672
1787071441750.113,2073526272,102825984,49790976,15728640,1905180672
1787071441756.390,2073526272,102825984,49790976,15728640,1905180672
1787071441762.663,2073526272,102825984,49790976,15728640,1905180672
1787071441767.746,2073526272,102825984,49790976,15728640,1905180672
1787071441774.022,2073526272,102825984,49790976,15728640,1905180672
1787071441780.269,2073526272,102825984,49790976,15728640,1905180672
1787071441786.548,2073526272,102825984,49790976,15728640,1905180672
1787071441792.825,2073526272,102825984,49790976,15728640,1905180672
1787071441799.099,2073526272,102825984,49790976,15728640,1905180672
1787071441805.375,2073526272,102825984,49790976,15728640,1905180672
1787071441811.650,2073526272,102825984,49790976,15728640,1905180672
1787071441817.927,2073526272,102825984,49790976,15728640,1905180672
1787071441824.200,2073526272,102825984,49790976,15728640,1905180672
1787071441830.479,2073526272,102825984,49790976,15728640,1905180672
1787071441836.753,2073526272,102825984,49790976,15728640,1905180672
1787071441843.030,2073526272,102825984,49790976,15728640,1905180672
1787071441849.303,2073509888,102809600,49790976,15728640,1905180672
1787071441855.578,2073509888,102809600,49790976,15728640,1905180672
1787071441861.852,2073509888,102809600,49790976,15728640,1905180672
1787071441868.127,2073509888,102809600,49790976,15728640,1905180672
1787071441874.402,2073509888,102809600,49790976,15728640,1905180672
1787071441880.679,2073509888,102809600,49790976,15728640,1905180672
1787071441886.954,2073509888,102809600,49790976,15728640,1905180672
1787071441893.230,2073509888,102809600,49790976,15728640,1905180672
1787071441899.504,2073509888,102809600,49790976,15728640,1905180672
1787071441905.780,2073509888,102809600,49790976,15728640,1905180672
1787071441912.054,2073509888,102809600,49790976,15728640,1905180672
1787071441918.330,2073509888,102809600,49790976,15728640,1905180672
1787071441924.606,2073509888,102809600,49790976,15728640,1905180672
1787071441930.884,2073509888,102809600,49790976,15728640,1905180672
1787071441937.159,2073509888,102809600,49790976,15728640,1905180672
1787071441943.436,2073509888,102809600,49790976,15728640,1905180672
1787071441949.712,2073509888,102809600,49790976,15728640,1905180672
1787071441955.987,2073509888,102809600,49790976,15728640,1905180672
1787071441962.264,2073509888,102809600,49790976,15728640,1905180672
1787071441968.540,2073509888,102809600,49790976,15728640,1905180672
1787071441974.814,2073509888,102809600,49790976,15728640,1905180672
1787071441981.090,2073509888,102809600,49790976,15728640,1905180672
1787071441987.365,2073509888,102809600,49790976,15728640,1905180672
1787071441993.644,2073509888,102809600,49790976,15728640,1905180672
1787071441999.965,2073509888,102809600,49790976,15728640,1905180672
1787071442006.242,2073509888,102809600,49790976,15728640,1905180672
1787071442012.518,2073509888,102809600,49790976,15728640,1905180672
1787071442018.795,2073509888,102809600,49790976,15728640,1905180672
1787071442025.073,2073509888,102809600,49790976,15728640,1905180672
1787071442031.350,2073509888,102809600,49790976,15728640,1905180672
1787071442037.628,2073509888,102809600,49790976,15728640,1905180672
1787071442043.902,2073509888,102809600,49790976,15728640,1905180672
1787071442050.177,2073509888,102809600,49790976,15728640,1905180672
1787071442056.457,2073509888,102809600,49790976,15728640,1905180672
1787071442062.733,2073509888,102809600,49790976,15728640,1905180672
1787071442069.013,2073509888,102809600,49790976,15728640,1905180672
1787071442075.293,2073509888,102809600,49790976,15728640,1905180672
1787071442081.573,2073509888,102809600,49790976,15728640,1905180672
1787071442087.850,2073509888,102809600,49790976,15728640,1905180672
1787071442094.127,2073509888,102809600,49790976,15728640,1905180672
1787071442100.405,2073509888,102809600,49790976,15728640,1905180672
1787071442106.682,2073509888,102809600,49790976,15728640,1905180672
1787071442112.960,2073509888,102809600,49790976,15728640,1905180672
1787071442119.238,2073509888,102809600,49790976,15728640,1905180672
1787071442125.516,2073509888,102809600,49790976,15728640,1905180672
1787071442131.794,2073509888,102809600,49790976,15728640,1905180672
1787071442138.071,2073509888,102809600,49790976,15728640,1905180672
1787071442144.347,2073509888,102809600,49790976,15728640,1905180672
1787071442150.623,2073509888,102809600,49790976,15728640,1905180672
1787071442156.898,2073509888,102809600,49790976,15728640,1905180672
1787071442163.181,2073509888,102809600,49790976,15728640,1905180672
1787071442169.458,2073509888,102809600,49790976,15728640,1905180672
1787071442175.734,2073509888,102809600,49790976,15728640,1905180672
1787071442182.011,2073509888,102809600,49790976,15728640,1905180672
1787071442188.286,2073509888,102809600,49790976,15728640,1905180672
1787071442194.561,2073509888,102809600,49790976,15728640,1905180672
1787071442200.774,2073509888,102809600,49790976,15728640,1905180672
1787071442207.051,2073509888,102809600,49790976,15728640,1905180672
1787071442213.324,2073509888,102809600,49790976,15728640,1905180672
1787071442219.599,2073509888,102809600,49790976,15728640,1905180672
1787071442225.885,2073509888,102809600,49790976,15728640,1905180672
1787071442232.170,2073509888,102809600,49790976,15728640,1905180672
1787071442238.449,2073509888,102809600,49790976,15728640,1905180672
1787071442244.726,2073509888,102809600,49790976,15728640,1905180672
1787071442251.001,2073509888,102809600,49790976,15728640,1905180672
1787071442257.278,2073509888,102809600,49790976,15728640,1905180672
1787071442262.996,2073509888,102809600,49790976,15728640,1905180672
1787071442269.274,2073509888,102809600,49790976,15728640,1905180672
1787071442275.550,2073509888,102809600,49790976,15728640,1905180672
1787071442281.828,2073509888,102809600,49790976,15728640,1905180672
1787071442288.102,2073509888,102809600,49790976,15728640,1905180672
1787071442294.377,2073509888,102809600,49790976,15728640,1905180672
1787071442300.658,2073509888,102809600,49790976,15728640,1905180672
1787071442306.416,2073509888,102809600,49790976,15728640,1905180672
1787071442312.235,2073509888,102809600,49790976,15728640,1905180672
1787071442318.514,2073509888,102809600,49790976,15728640,1905180672
1787071442323.683,2073509888,102809600,49790976,15728640,1905180672
1787071442329.706,2073509888,102809600,49790976,15728640,1905180672
1787071442334.854,2073509888,102809600,49790976,15728640,1905180672
1787071442341.129,2073509888,102809600,49790976,15728640,1905180672
1787071442347.407,2073509888,102809600,49790976,15728640,1905180672
1787071442353.681,2073509888,102809600,49790976,15728640,1905180672
1787071442359.948,2073509888,102809600,49790976,15728640,1905180672
1787071442366.220,2073509888,102809600,49790976,15728640,1905180672
1787071442372.527,2073509888,102809600,49790976,15728640,1905180672
1787071442378.819,2073509888,102809600,49790976,15728640,1905180672
1787071442384.607,2073509888,102809600,49790976,15728640,1905180672
1787071442390.889,2073509888,102809600,49790976,15728640,1905180672
1787071442396.927,2073509888,102809600,49790976,15728640,1905180672
1787071442403.205,2073509888,102809600,49790976,15728640,1905180672
1787071442409.483,2073509888,102809600,49790976,15728640,1905180672
1787071442415.758,2073509888,102809600,49790976,15728640,1905180672
1787071442422.033,2073509888,102809600,49790976,15728640,1905180672
1787071442428.309,2073509888,102809600,49790976,15728640,1905180672
1787071442434.591,2073509888,102809600,49790976,15728640,1905180672
1787071442440.872,2073509888,102809600,49790976,15728640,1905180672
1787071442446.927,2073509888,102809600,49790976,15728640,1905180672
1787071442453.205,2073509888,102809600,49790976,15728640,1905180672
1787071442459.489,2073509888,102809600,49790976,15728640,1905180672
1787071442465.773,2073509888,102809600,49790976,15728640,1905180672
1787071442471.933,2073509888,102809600,49790976,15728640,1905180672
1787071442478.219,2073509888,102809600,49790976,15728640,1905180672
1787071442484.086,2073509888,102809600,49790976,15728640,1905180672
1787071442490.357,2073509888,102809600,49790976,15728640,1905180672
1787071442496.529,2073509888,102809600,49790976,15728640,1905180672
1787071442502.801,2073509888,102809600,49790976,15728640,1905180672
1787071442509.079,2073509888,102809600,49790976,15728640,1905180672
1787071442515.354,2073509888,102809600,49790976,15728640,1905180672
1787071442521.637,2073509888,102809600,49790976,15728640,1905180672
1787071442526.687,2073509888,102809600,49790976,15728640,1905180672
1787071442532.966,2073509888,102809600,49790976,15728640,1905180672
1787071442538.654,2073509888,102809600,49790976,15728640,1905180672
1787071442544.939,2073509888,102809600,49790976,15728640,1905180672
1787071442550.588,2073509888,102809600,49790976,15728640,1905180672
1787071442556.873,2073509888,102809600,49790976,15728640,1905180672
1787071442562.862,2073509888,102809600,49790976,15728640,1905180672
1787071442569.144,2073509888,102809600,49790976,15728640,1905180672
1787071442575.420,2073509888,102809600,49790976,15728640,1905180672
1787071442581.697,2073509888,102809600,49790976,15728640,1905180672
1787071442587.973,2073509888,102809600,49790976,15728640,1905180672
1787071442594.250,2073509888,102809600,49790976,15728640,1905180672
1787071442600.536,2073509888,102809600,49790976,15728640,1905180672
1787071442606.813,2073509888,102809600,49790976,15728640,1905180672
1787071442613.097,2073509888,102809600,49790976,15728640,1905180672
1787071442619.381,2073509888,102809600,49790976,15728640,1905180672
1787071442625.662,2073509888,102809600,49790976,15728640,1905180672
1787071442631.939,2073509888,102809600,49790976,15728640,1905180672
1787071442638.216,2073509888,102809600,49790976,15728640,1905180672
1787071442644.500,2073509888,102809600,49790976,15728640,1905180672
1787071442650.784,2073509888,102809600,49790976,15728640,1905180672
1787071442656.505,2073509888,102809600,49790976,15728640,1905180672
1787071442662.696,2073509888,102809600,49790976,15728640,1905180672
1787071442668.971,2073509888,102809600,49790976,15728640,1905180672
1787071442675.241,2073509888,102809600,49790976,15728640,1905180672
1787071442681.515,2073509888,102809600,49790976,15728640,1905180672
1787071442687.791,2073509888,102809600,49790976,15728640,1905180672
1787071442692.925,2073509888,102809600,49790976,15728640,1905180672
1787071442699.201,2073509888,102809600,49790976,15728640,1905180672
1787071442704.534,2073509888,102809600,49790976,15728640,1905180672
1787071442710.821,2073509888,102809600,49790976,15728640,1905180672
1787071442717.103,2073509888,102809600,49790976,15728640,1905180672
1787071442722.604,2073509888,102809600,49790976,15728640,1905180672
1787071442728.885,2073509888,102809600,49790976,15728640,1905180672
1787071442735.160,2073509888,102809600,49790976,15728640,1905180672
1787071442740.886,2073509888,102809600,49790976,15728640,1905180672
1787071442746.931,2073509888,102809600,49790976,15728640,1905180672
1787071442753.207,2073509888,102809600,49790976,15728640,1905180672
1787071442759.236,2073509888,102809600,49790976,15728640,1905180672
1787071442764.301,2073509888,102809600,49790976,15728640,1905180672
1787071442770.577,2073509888,102809600,49790976,15728640,1905180672
1787071442776.071,2073509888,102809600,49790976,15728640,1905180672
1787071442782.345,2073509888,102809600,49790976,15728640,1905180672
1787071442788.595,2073509888,102809600,49790976,15728640,1905180672
1787071442794.871,2073509888,102809600,49790976,15728640,1905180672
1787071442801.146,2073509888,102809600,49790976,15728640,1905180672
1787071442807.422,2073509888,102809600,49790976,15728640,1905180672
1787071442813.595,2073509888,102809600,49790976,15728640,1905180672
1787071442819.871,2073509888,102809600,49790976,15728640,1905180672
1787071442825.097,2073509888,102809600,49790976,15728640,1905180672
1787071442831.020,2073509888,102809600,49790976,15728640,1905180672
1787071442837.304,2073509888,102809600,49790976,15728640,1905180672
1787071442843.582,2073509888,102809600,49790976,15728640,1905180672
1787071442849.865,2073509888,102809600,49790976,15728640,1905180672
1787071442855.603,2073509888,102809600,49790976,15728640,1905180672
1787071442861.489,2073509888,102809600,49790976,15728640,1905180672
1787071442867.771,2073509888,102809600,49790976,15728640,1905180672
1787071442874.050,2073509888,102809600,49790976,15728640,1905180672
1787071442880.329,2073509888,102809600,49790976,15728640,1905180672
1787071442886.607,2073509888,102809600,49790976,15728640,1905180672
1787071442892.743,2073509888,102809600,49790976,15728640,1905180672
1787071442899.025,2073509888,102809600,49790976,15728640,1905180672
1787071442905.306,2073509888,102809600,49790976,15728640,1905180672
1787071442911.595,2073509888,102809600,49790976,15728640,1905180672
1787071442917.880,2073509888,102809600,49790976,15728640,1905180672
1787071442924.157,2073509888,102809600,49790976,15728640,1905180672
1787071442930.434,2073509888,102809600,49790976,15728640,1905180672
1787071442936.436,2073509888,102809600,49790976,15728640,1905180672
1787071442942.725,2073509888,102809600,49790976,15728640,1905180672
1787071442947.789,2073509888,102809600,49790976,15728640,1905180672
1787071442954.077,2073509888,102809600,49790976,15728640,1905180672
1787071442960.355,2073509888,102809600,49790976,15728640,1905180672
1787071442966.633,2073509888,102809600,49790976,15728640,1905180672
1787071442972.040,2073509888,102809600,49790976,15728640,1905180672
1787071442978.329,2073509888,102809600,49790976,15728640,1905180672
1787071442984.407,2073509888,102809600,49790976,15728640,1905180672
1787071442990.690,2073509888,102809600,49790976,15728640,1905180672
1787071442996.978,2073509888,102809600,49790976,15728640,1905180672
1787071443003.261,2073509888,102809600,49790976,15728640,1905180672
1787071443009.537,2073509888,102809600,49790976,15728640,1905180672
1787071443015.832,2073509888,102809600,49790976,15728640,1905180672
1787071443022.109,2073509888,102809600,49790976,15728640,1905180672
1787071443028.388,2073509888,102809600,49790976,15728640,1905180672
1787071443034.667,2073509888,102809600,49790976,15728640,1905180672
1787071443040.942,2073509888,102809600,49790976,15728640,1905180672
1787071443046.928,2073509888,102809600,49790976,15728640,1905180672
1787071443052.171,2073509888,102809600,49790976,15728640,1905180672
1787071443058.452,2073509888,102809600,49790976,15728640,1905180672
1787071443064.551,2073509888,102809600,49790976,15728640,1905180672
1787071443070.837,2073509888,102809600,49790976,15728640,1905180672
1787071443076.068,2073509888,102809600,49790976,15728640,1905180672
1787071443082.346,2073509888,102809600,49790976,15728640,1905180672
1787071443088.629,2073509888,102809600,49790976,15728640,1905180672
1787071443094.909,2073509888,102809600,49790976,15728640,1905180672
1787071443101.185,2073509888,102809600,49790976,15728640,1905180672
1787071443107.460,2073509888,102809600,49790976,15728640,1905180672
1787071443113.794,2073509888,102809600,49790976,15728640,1905180672
1787071443120.069,2073509888,102809600,49790976,15728640,1905180672
1787071443126.348,2073509888,102809600,49790976,15728640,1905180672
1787071443132.629,2073509888,102809600,49790976,15728640,1905180672
1787071443138.906,2073509888,102809600,49790976,15728640,1905180672
1787071443145.180,2073509888,102809600,49790976,15728640,1905180672
1787071443151.453,2073509888,102809600,49790976,15728640,1905180672
1787071443157.729,2073509888,102809600,49790976,15728640,1905180672
1787071443163.593,2073509888,102809600,49790976,15728640,1905180672
1787071443169.874,2073509888,102809600,49790976,15728640,1905180672
1787071443176.157,2073509888,102809600,49790976,15728640,1905180672
1787071443181.308,2073509888,102809600,49790976,15728640,1905180672
1787071443187.293,2073509888,102809600,49790976,15728640,1905180672
1787071443193.571,2073509888,102809600,49790976,15728640,1905180672
1787071443199.144,2073509888,102809600,49790976,15728640,1905180672
1787071443205.194,2073509888,102809600,49790976,15728640,1905180672
1787071443211.470,2073509888,102809600,49790976,15728640,1905180672
1787071443217.744,2073509888,102809600,49790976,15728640,1905180672
1787071443223.012,2073509888,102809600,49790976,15728640,1905180672
1787071443229.293,2073509888,102809600,49790976,15728640,1905180672
1787071443234.406,2073509888,102809600,49790976,15728640,1905180672
1787071443240.683,2073509888,102809600,49790976,15728640,1905180672
1787071443246.964,2073509888,102809600,49790976,15728640,1905180672
1787071443253.245,2073509888,102809600,49790976,15728640,1905180672
1787071443259.520,2073509888,102809600,49790976,15728640,1905180672
1787071443265.204,2073509888,102809600,49790976,15728640,1905180672
1787071443271.481,2073509888,102809600,49790976,15728640,1905180672
1787071443277.760,2073509888,102809600,49790976,15728640,1905180672
1787071443284.034,2073509888,102809600,49790976,15728640,1905180672
1787071443290.316,2073509888,102809600,49790976,15728640,1905180672
1787071443296.602,2073509888,102809600,49790976,15728640,1905180672
1787071443302.879,2073509888,102809600,49790976,15728640,1905180672
1787071443309.154,2073509888,102809600,49790976,15728640,1905180672
1787071443315.428,2073509888,102809600,49790976,15728640,1905180672
1787071443321.702,2073509888,102809600,49790976,15728640,1905180672
1787071443327.982,2073509888,102809600,49790976,15728640,1905180672
1787071443334.257,2073509888,102809600,49790976,15728640,1905180672
1787071443340.532,2073509888,102809600,49790976,15728640,1905180672
1787071443346.806,2073509888,102809600,49790976,15728640,1905180672
1787071443352.363,2073509888,102809600,49790976,15728640,1905180672
1787071443358.644,2073509888,102809600,49790976,15728640,1905180672
1787071443364.919,2073509888,102809600,49790976,15728640,1905180672
1787071443371.204,2073509888,102809600,49790976,15728640,1905180672
1787071443377.484,2073509888,102809600,49790976,15728640,1905180672
1787071443383.760,2073509888,102809600,49790976,15728640,1905180672
1787071443389.811,2073509888,102809600,49790976,15728640,1905180672
1787071443396.099,2073509888,102809600,49790976,15728640,1905180672
1787071443402.375,2073509888,102809600,49790976,15728640,1905180672
1787071443408.665,2073509888,102809600,49790976,15728640,1905180672
1787071443414.838,2073509888,102809600,49790976,15728640,1905180672
1787071443421.126,2073509888,102809600,49790976,15728640,1905180672
1787071443427.405,2073509888,102809600,49790976,15728640,1905180672
1787071443433.685,2073509888,102809600,49790976,15728640,1905180672
1787071443439.852,2073509888,102809600,49790976,15728640,1905180672
1787071443446.142,2073509888,102809600,49790976,15728640,1905180672
1787071443452.418,2073509888,102809600,49790976,15728640,1905180672
1787071443458.705,2073509888,102809600,49790976,15728640,1905180672
1787071443464.982,2073509888,102809600,49790976,15728640,1905180672
1787071443471.255,2073509888,102809600,49790976,15728640,1905180672
1787071443477.532,2073509888,102809600,49790976,15728640,1905180672
1787071443483.869,2073509888,102809600,49790976,15728640,1905180672
1787071443489.899,2073509888,102809600,49790976,15728640,1905180672
1787071443496.194,2073509888,102809600,49790976,15728640,1905180672
1787071443502.470,2073509888,102809600,49790976,15728640,1905180672
1787071443508.753,2073509888,102809600,49790976,15728640,1905180672
1787071443515.025,2073509888,102809600,49790976,15728640,1905180672
1787071443521.301,2073509888,102809600,49790976,15728640,1905180672
1787071443527.575,2073509888,102809600,49790976,15728640,1905180672
1787071443533.863,2073509888,102809600,49790976,15728640,1905180672
1787071443539.234,2073509888,102809600,49790976,15728640,1905180672
1787071443545.512,2073509888,102809600,49790976,15728640,1905180672
1787071443551.064,2073509888,102809600,49790976,15728640,1905180672
1787071443557.355,2073509888,102809600,49790976,15728640,1905180672
1787071443563.631,2073509888,102809600,49790976,15728640,1905180672
1787071443568.834,2073509888,102809600,49790976,15728640,1905180672
1787071443575.111,2073509888,102809600,49790976,15728640,1905180672
1787071443580.250,2073509888,102809600,49790976,15728640,1905180672
1787071443586.513,2073509888,102809600,49790976,15728640,1905180672
1787071443592.732,2073509888,102809600,49790976,15728640,1905180672
1787071443599.014,2073509888,102809600,49790976,15728640,1905180672
1787071443605.293,2073509888,102809600,49790976,15728640,1905180672
1787071443610.907,2073509888,102809600,49790976,15728640,1905180672
1787071443616.331,2073509888,102809600,49790976,15728640,1905180672
1787071443621.923,2073509888,102809600,49790976,15728640,1905180672
1787071443627.704,2073509888,102809600,49790976,15728640,1905180672
1787071443633.981,2073509888,102809600,49790976,15728640,1905180672
1787071443640.263,2073509888,102809600,49790976,15728640,1905180672
1787071443645.777,2073509888,102809600,49790976,15728640,1905180672
1787071443652.056,2073509888,102809600,49790976,15728640,1905180672
1787071443658.330,2073509888,102809600,49790976,15728640,1905180672
1787071443664.605,2073509888,102809600,49790976,15728640,1905180672
1787071443670.879,2073509888,102809600,49790976,15728640,1905180672
1787071443677.154,2073509888,102809600,49790976,15728640,1905180672
1787071443683.427,2073509888,102809600,49790976,15728640,1905180672
1787071443689.702,2073509888,102809600,49790976,15728640,1905180672
1787071443695.975,2073509888,102809600,49790976,15728640,1905180672
1787071443702.250,2073509888,102809600,49790976,15728640,1905180672
1787071443708.523,2073509888,102809600,49790976,15728640,1905180672
1787071443714.798,2073509888,102809600,49790976,15728640,1905180672
1787071443721.071,2073509888,102809600,49790976,15728640,1905180672
1787071443727.346,2073509888,102809600,49790976,15728640,1905180672
1787071443733.620,2073509888,102809600,49790976,15728640,1905180672
1787071443739.898,2073509888,102809600,49790976,15728640,1905180672
1787071443746.173,2073509888,102809600,49790976,15728640,1905180672
1787071443752.447,2073509888,102809600,49790976,15728640,1905180672
1787071443758.723,2073509888,102809600,49790976,15728640,1905180672
1787071443765.000,2073509888,102809600,49790976,15728640,1905180672
1787071443771.274,2073509888,102809600,49790976,15728640,1905180672
1787071443777.549,2073509888,102809600,49790976,15728640,1905180672
1787071443783.819,2073509888,102809600,49790976,15728640,1905180672
1787071443790.089,2073509888,102809600,49790976,15728640,1905180672
1787071443796.367,2073509888,102809600,49790976,15728640,1905180672
1787071443802.642,2073509888,102809600,49790976,15728640,1905180672
1787071443808.915,2073509888,102809600,49790976,15728640,1905180672
1787071443815.190,2073509888,102809600,49790976,15728640,1905180672
1787071443821.464,2073509888,102809600,49790976,15728640,1905180672
1787071443827.738,2073509888,102809600,49790976,15728640,1905180672
1787071443834.011,2073509888,102809600,49790976,15728640,1905180672
1787071443840.290,2073509888,102809600,49790976,15728640,1905180672
1787071443846.566,2073509888,102809600,49790976,15728640,1905180672
1787071443852.893,2073509888,102809600,49790976,15728640,1905180672
1787071443859.166,2073509888,102809600,49790976,15728640,1905180672
1787071443865.442,2073509888,102809600,49790976,15728640,1905180672
1787071443871.718,2073509888,102809600,49790976,15728640,1905180672
1787071443877.992,2073509888,102809600,49790976,15728640,1905180672
1787071443884.266,2073509888,102809600,49790976,15728640,1905180672
1787071443890.541,2073509888,102809600,49790976,15728640,1905180672
1787071443896.815,2073509888,102809600,49790976,15728640,1905180672
1787071443903.088,2073509888,102809600,49790976,15728640,1905180672
1787071443909.366,2073509888,102809600,49790976,15728640,1905180672
1787071443915.254,2073509888,102809600,49790976,15728640,1905180672
1787071443921.530,2073509888,102809600,49790976,15728640,1905180672
1787071443927.804,2073509888,102809600,49790976,15728640,1905180672
1787071443934.080,2073509888,102809600,49790976,15728640,1905180672
1787071443940.352,2073509888,102809600,49790976,15728640,1905180672
1787071443946.626,2073509888,102809600,49790976,15728640,1905180672
1787071443952.905,2073509888,102809600,49790976,15728640,1905180672
1787071443959.180,2073509888,102809600,49790976,15728640,1905180672
1787071443965.456,2073509888,102809600,49790976,15728640,1905180672
1787071443971.730,2073509888,102809600,49790976,15728640,1905180672
1787071443978.004,2073509888,102809600,49790976,15728640,1905180672
1787071443984.280,2073509888,102809600,49790976,15728640,1905180672
1787071443990.558,2073509888,102809600,49790976,15728640,1905180672
1787071443996.705,2073509888,102809600,49790976,15728640,1905180672
1787071444002.982,2073509888,102809600,49790976,15728640,1905180672
1787071444009.258,2073509888,102809600,49790976,15728640,1905180672
1787071444015.544,2073509888,102809600,49790976,15728640,1905180672
1787071444021.819,2073509888,102809600,49790976,15728640,1905180672
1787071444027.921,2073509888,102809600,49790976,15728640,1905180672
1787071444034.197,2073509888,102809600,49790976,15728640,1905180672
1787071444040.475,2073509888,102809600,49790976,15728640,1905180672
1787071444046.748,2073509888,102809600,49790976,15728640,1905180672
1787071444053.027,2073509888,102809600,49790976,15728640,1905180672
1787071444059.304,2073509888,102809600,49790976,15728640,1905180672
1787071444065.586,2073509888,102809600,49790976,15728640,1905180672
1787071444071.866,2073509888,102809600,49790976,15728640,1905180672
1787071444078.143,2073509888,102809600,49790976,15728640,1905180672
1787071444084.416,2073509888,102809600,49790976,15728640,1905180672
1787071444090.688,2073509888,102809600,49790976,15728640,1905180672
1787071444096.963,2073509888,102809600,49790976,15728640,1905180672
1787071444103.238,2073509888,102809600,49790976,15728640,1905180672
1787071444109.515,2073509888,102809600,49790976,15728640,1905180672
1787071444115.790,2073509888,102809600,49790976,15728640,1905180672
1787071444122.070,2073509888,102809600,49790976,15728640,1905180672
1787071444128.344,2073509888,102809600,49790976,15728640,1905180672
1787071444134.620,2073509888,102809600,49790976,15728640,1905180672
1787071444140.893,2073509888,102809600,49790976,15728640,1905180672
1787071444147.169,2073509888,102809600,49790976,15728640,1905180672
1787071444153.443,2073509888,102809600,49790976,15728640,1905180672
1787071444159.718,2073509888,102809600,49790976,15728640,1905180672
1787071444165.477,2073509888,102809600,49790976,15728640,1905180672
1787071444171.199,2073509888,102809600,49790976,15728640,1905180672
1787071444177.478,2073509888,102809600,49790976,15728640,1905180672
1787071444183.754,2073509888,102809600,49790976,15728640,1905180672
1787071444189.605,2073509888,102809600,49790976,15728640,1905180672
1787071444194.720,2073509888,102809600,49790976,15728640,1905180672
1787071444200.998,2073509888,102809600,49790976,15728640,1905180672
1787071444207.274,2073509888,102809600,49790976,15728640,1905180672
1787071444213.551,2073509888,102809600,49790976,15728640,1905180672
1787071444219.743,2073509888,102809600,49790976,15728640,1905180672
1787071444226.060,2073509888,102809600,49790976,15728640,1905180672
1787071444231.732,2073509888,102809600,49790976,15728640,1905180672
1787071444238.012,2073509888,102809600,49790976,15728640,1905180672
1787071444244.287,2073509888,102809600,49790976,15728640,1905180672
1787071444250.562,2073509888,102809600,49790976,15728640,1905180672
1787071444256.837,2073509888,102809600,49790976,15728640,1905180672
1787071444263.111,2073509888,102809600,49790976,15728640,1905180672
1787071444269.392,2073509888,102809600,49790976,15728640,1905180672
1787071444274.646,2073509888,102809600,49790976,15728640,1905180672
1787071444280.251,2073509888,102809600,49790976,15728640,1905180672
1787071444286.525,2073509888,102809600,49790976,15728640,1905180672
1787071444292.734,2073509888,102809600,49790976,15728640,1905180672
1787071444299.011,2073509888,102809600,49790976,15728640,1905180672
1787071444305.291,2073509888,102809600,49790976,15728640,1905180672
1787071444311.575,2073509888,102809600,49790976,15728640,1905180672
1787071444317.725,2073509888,102809600,49790976,15728640,1905180672
1787071444323.919,2073509888,102809600,49790976,15728640,1905180672
1787071444330.195,2073509888,102809600,49790976,15728640,1905180672
1787071444336.469,2073509888,102809600,49790976,15728640,1905180672
1787071444342.743,2073509888,102809600,49790976,15728640,1905180672
1787071444349.023,2073509888,102809600,49790976,15728640,1905180672
1787071444355.304,2073509888,102809600,49790976,15728640,1905180672
1787071444361.581,2073509888,102809600,49790976,15728640,1905180672
1787071444367.860,2073509888,102809600,49790976,15728640,1905180672
1787071444374.143,2073509888,102809600,49790976,15728640,1905180672
1787071444379.733,2073509888,102809600,49790976,15728640,1905180672
1787071444386.000,2073509888,102809600,49790976,15728640,1905180672
1787071444392.261,2073509888,102809600,49790976,15728640,1905180672
1787071444398.522,2073509888,102809600,49790976,15728640,1905180672
1787071444404.789,2073509888,102809600,49790976,15728640,1905180672
1787071444411.063,2073509888,102809600,49790976,15728640,1905180672
1787071444416.887,2073509888,102809600,49790976,15728640,1905180672
1787071444421.919,2073509888,102809600,49790976,15728640,1905180672
1787071444428.194,2073509888,102809600,49790976,15728640,1905180672
1787071444434.391,2073509888,102809600,49790976,15728640,1905180672
1787071444440.614,2073509888,102809600,49790976,15728640,1905180672
1787071444446.888,2073509888,102809600,49790976,15728640,1905180672
1787071444453.165,2073509888,102809600,49790976,15728640,1905180672
1787071444459.443,2073509888,102809600,49790976,15728640,1905180672
1787071444465.695,2073509888,102809600,49790976,15728640,1905180672
1787071444471.976,2073509888,102809600,49790976,15728640,1905180672
1787071444478.253,2073509888,102809600,49790976,15728640,1905180672
1787071444484.389,2073509888,102809600,49790976,15728640,1905180672
1787071444490.663,2073509888,102809600,49790976,15728640,1905180672
1787071444496.920,2073509888,102809600,49790976,15728640,1905180672
1787071444503.194,2073509888,102809600,49790976,15728640,1905180672
1787071444509.394,2073509888,102809600,49790976,15728640,1905180672
1787071444515.670,2073509888,102809600,49790976,15728640,1905180672
1787071444521.919,2073509888,102809600,49790976,15728640,1905180672
1787071444528.195,2073509888,102809600,49790976,15728640,1905180672
1787071444534.394,2073509888,102809600,49790976,15728640,1905180672
1787071444540.670,2073509888,102809600,49790976,15728640,1905180672
1787071444546.919,2073509888,102809600,49790976,15728640,1905180672
1787071444553.207,2073509888,102809600,49790976,15728640,1905180672
1787071444559.385,2073509888,102809600,49790976,15728640,1905180672
1787071444565.665,2073509888,102809600,49790976,15728640,1905180672
1787071444571.940,2073509888,102809600,49790976,15728640,1905180672
1787071444578.214,2073509888,102809600,49790976,15728640,1905180672
1787071444583.342,2073509888,102809600,49790976,15728640,1905180672
1787071444588.587,2073509888,102809600,49790976,15728640,1905180672
1787071444594.931,2073509888,102809600,49790976,15728640,1905180672
1787071444601.061,2073509888,102809600,49790976,15728640,1905180672
1787071444607.253,2073509888,102809600,49790976,15728640,1905180672
1787071444612.775,2073509888,102809600,49790976,15728640,1905180672
1787071444619.049,2073509888,102809600,49790976,15728640,1905180672
1787071444624.162,2073509888,102809600,49790976,15728640,1905180672
1787071444630.410,2073509888,102809600,49790976,15728640,1905180672
1787071444636.686,2073509888,102809600,49790976,15728640,1905180672
1787071444642.962,2073509888,102809600,49790976,15728640,1905180672
1787071444649.243,2073509888,102809600,49790976,15728640,1905180672
1787071444655.252,2073509888,102809600,49790976,15728640,1905180672
1787071444661.528,2073509888,102809600,49790976,15728640,1905180672
1787071444667.719,2073509888,102809600,49790976,15728640,1905180672
1787071444673.997,2073509888,102809600,49790976,15728640,1905180672
1787071444680.361,2073509888,102809600,49790976,15728640,1905180672
1787071444686.642,2073509888,102809600,49790976,15728640,1905180672
1787071444692.922,2073509888,102809600,49790976,15728640,1905180672
1787071444699.197,2073509888,102809600,49790976,15728640,1905180672
1787071444705.471,2073509888,102809600,49790976,15728640,1905180672
1787071444711.759,2073509888,102809600,49790976,15728640,1905180672
1787071444717.722,2073509888,102809600,49790976,15728640,1905180672
1787071444724.000,2073509888,102809600,49790976,15728640,1905180672
1787071444730.280,2073509888,102809600,49790976,15728640,1905180672
1787071444736.557,2073509888,102809600,49790976,15728640,1905180672
1787071444742.833,2073509888,102809600,49790976,15728640,1905180672
1787071444749.107,2073509888,102809600,49790976,15728640,1905180672
1787071444755.382,2073509888,102809600,49790976,15728640,1905180672
1787071444761.656,2073509888,102809600,49790976,15728640,1905180672
1787071444767.937,2073509888,102809600,49790976,15728640,1905180672
1787071444774.212,2073509888,102809600,49790976,15728640,1905180672
1787071444780.257,2073509888,102809600,49790976,15728640,1905180672
1787071444786.533,2073509888,102809600,49790976,15728640,1905180672
1787071444792.807,2073509888,102809600,49790976,15728640,1905180672
1787071444799.082,2073509888,102809600,49790976,15728640,1905180672
1787071444805.356,2073509888,102809600,49790976,15728640,1905180672
1787071444811.629,2073509888,102809600,49790976,15728640,1905180672
1787071444817.903,2073509888,102809600,49790976,15728640,1905180672
1787071444824.176,2073509888,102809600,49790976,15728640,1905180672
1787071444830.448,2073509888,102809600,49790976,15728640,1905180672
1787071444836.723,2073509888,102809600,49790976,15728640,1905180672
1787071444843.003,2073509888,102809600,49790976,15728640,1905180672
1787071444848.820,2073509888,102809600,49790976,15728640,1905180672
1787071444855.097,2073509888,102809600,49790976,15728640,1905180672
1787071444861.372,2073509888,102809600,49790976,15728640,1905180672
1787071444866.481,2073509888,102809600,49790976,15728640,1905180672
1787071444872.323,2073509888,102809600,49790976,15728640,1905180672
1787071444878.602,2073509888,102809600,49790976,15728640,1905180672
1787071444884.384,2073509888,102809600,49790976,15728640,1905180672
1787071444890.661,2073509888,102809600,49790976,15728640,1905180672
1787071444896.937,2073509888,102809600,49790976,15728640,1905180672
1787071444903.209,2073509888,102809600,49790976,15728640,1905180672
1787071444909.483,2073509888,102809600,49790976,15728640,1905180672
1787071444915.759,2073509888,102809600,49790976,15728640,1905180672
1787071444921.449,2073509888,102809600,49790976,15728640,1905180672
1787071444927.724,2073509888,102809600,49790976,15728640,1905180672
1787071444933.999,2073509888,102809600,49790976,15728640,1905180672
1787071444940.271,2073509888,102809600,49790976,15728640,1905180672
1787071444945.334,2073509888,102809600,49790976,15728640,1905180672
1787071444951.612,2073509888,102809600,49790976,15728640,1905180672
1787071444957.889,2073509888,102809600,49790976,15728640,1905180672
1787071444964.164,2073509888,102809600,49790976,15728640,1905180672
1787071444970.494,2073509888,102809600,49790976,15728640,1905180672
1787071444976.767,2073509888,102809600,49790976,15728640,1905180672
1787071444983.043,2073509888,102809600,49790976,15728640,1905180672
1787071444989.318,2073509888,102809600,49790976,15728640,1905180672
1787071444995.599,2073509888,102809600,49790976,15728640,1905180672
1787071445001.048,2073509888,102809600,49790976,15728640,1905180672
1787071445007.328,2073509888,102809600,49790976,15728640,1905180672
1787071445013.584,2073509888,102809600,49790976,15728640,1905180672
1787071445018.747,2073509888,102809600,49790976,15728640,1905180672
1787071445025.026,2073509888,102809600,49790976,15728640,1905180672
1787071445031.303,2073509888,102809600,49790976,15728640,1905180672
1787071445037.577,2073509888,102809600,49790976,15728640,1905180672
1787071445043.866,2073509888,102809600,49790976,15728640,1905180672
1787071445049.515,2073509888,102809600,49790976,15728640,1905180672
1787071445055.251,2073509888,102809600,49790976,15728640,1905180672
1787071445061.526,2073509888,102809600,49790976,15728640,1905180672
1787071445067.717,2073509888,102809600,49790976,15728640,1905180672
1787071445073.994,2073509888,102809600,49790976,15728640,1905180672
1787071445080.269,2073509888,102809600,49790976,15728640,1905180672
1787071445086.544,2073509888,102809600,49790976,15728640,1905180672
1787071445092.819,2073509888,102809600,49790976,15728640,1905180672
1787071445099.099,2073509888,102809600,49790976,15728640,1905180672
1787071445105.380,2073509888,102809600,49790976,15728640,1905180672
1787071445111.656,2073509888,102809600,49790976,15728640,1905180672
1787071445117.716,2073509888,102809600,49790976,15728640,1905180672
1787071445123.993,2073509888,102809600,49790976,15728640,1905180672
1787071445130.273,2073509888,102809600,49790976,15728640,1905180672
1787071445136.548,2073509888,102809600,49790976,15728640,1905180672
1787071445142.823,2073509888,102809600,49790976,15728640,1905180672
1787071445149.097,2073509888,102809600,49790976,15728640,1905180672
1787071445155.374,2073509888,102809600,49790976,15728640,1905180672
1787071445161.649,2073509888,102809600,49790976,15728640,1905180672
1787071445167.925,2073509888,102809600,49790976,15728640,1905180672
1787071445174.082,2073509888,102809600,49790976,15728640,1905180672
1787071445179.806,2073509888,102809600,49790976,15728640,1905180672
1787071445186.086,2073509888,102809600,49790976,15728640,1905180672
1787071445192.364,2073509888,102809600,49790976,15728640,1905180672
1787071445198.649,2073509888,102809600,49790976,15728640,1905180672
1787071445203.884,2073509888,102809600,49790976,15728640,1905180672
1787071445210.168,2073509888,102809600,49790976,15728640,1905180672
1787071445216.312,2073509888,102809600,49790976,15728640,1905180672
1787071445221.915,2073509888,102809600,49790976,15728640,1905180672
1787071445228.186,2073509888,102809600,49790976,15728640,1905180672
1787071445234.382,2073509888,102809600,49790976,15728640,1905180672
1787071445240.661,2073509888,102809600,49790976,15728640,1905180672
1787071445246.943,2073509888,102809600,49790976,15728640,1905180672
1787071445253.220,2073509888,102809600,49790976,15728640,1905180672
1787071445259.498,2073509888,102809600,49790976,15728640,1905180672
1787071445265.771,2073509888,102809600,49790976,15728640,1905180672
1787071445272.046,2073509888,102809600,49790976,15728640,1905180672
1787071445278.319,2073509888,102809600,49790976,15728640,1905180672
1787071445284.593,2073509888,102809600,49790976,15728640,1905180672
1787071445290.865,2073509888,102809600,49790976,15728640,1905180672
1787071445297.139,2073509888,102809600,49790976,15728640,1905180672
1787071445303.412,2073509888,102809600,49790976,15728640,1905180672
1787071445309.688,2073509888,102809600,49790976,15728640,1905180672
1787071445315.960,2073509888,102809600,49790976,15728640,1905180672
1787071445322.233,2073509888,102809600,49790976,15728640,1905180672
1787071445328.507,2073509888,102809600,49790976,15728640,1905180672
1787071445334.782,2073509888,102809600,49790976,15728640,1905180672
1787071445341.103,2073509888,102809600,49790976,15728640,1905180672
1787071445347.376,2073509888,102809600,49790976,15728640,1905180672
1787071445353.646,2073509888,102809600,49790976,15728640,1905180672
1787071445359.378,2073509888,102809600,49790976,15728640,1905180672
1787071445365.053,2073509888,102809600,49790976,15728640,1905180672
1787071445370.681,2073509888,102809600,49790976,15728640,1905180672
1787071445376.049,2073509888,102809600,49790976,15728640,1905180672
1787071445382.165,2073509888,102809600,49790976,15728640,1905180672
1787071445388.444,2073509888,102809600,49790976,15728640,1905180672
1787071445394.718,2073509888,102809600,49790976,15728640,1905180672
1787071445400.992,2073509888,102809600,49790976,15728640,1905180672
1787071445407.264,2073509888,102809600,49790976,15728640,1905180672
1787071445413.552,2073509888,102809600,49790976,15728640,1905180672
1787071445419.829,2073509888,102809600,49790976,15728640,1905180672
1787071445426.104,2073509888,102809600,49790976,15728640,1905180672
1787071445432.376,2073509888,102809600,49790976,15728640,1905180672
1787071445438.651,2073509888,102809600,49790976,15728640,1905180672
1787071445444.926,2073509888,102809600,49790976,15728640,1905180672
1787071445451.202,2073509888,102809600,49790976,15728640,1905180672
1787071445457.475,2073509888,102809600,49790976,15728640,1905180672
1787071445463.750,2073509888,102809600,49790976,15728640,1905180672
1787071445470.023,2073509888,102809600,49790976,15728640,1905180672
1787071445476.298,2073509888,102809600,49790976,15728640,1905180672
1787071445482.572,2073509888,102809600,49790976,15728640,1905180672
1787071445488.847,2073509888,102809600,49790976,15728640,1905180672
1787071445495.122,2073509888,102809600,49790976,15728640,1905180672
1787071445501.397,2073509888,102809600,49790976,15728640,1905180672
1787071445507.671,2073509888,102809600,49790976,15728640,1905180672
1787071445513.944,2073509888,102809600,49790976,15728640,1905180672
1787071445520.219,2073509888,102809600,49790976,15728640,1905180672
1787071445526.494,2073509888,102809600,49790976,15728640,1905180672
1787071445532.767,2073509888,102809600,49790976,15728640,1905180672
1787071445539.042,2073509888,102809600,49790976,15728640,1905180672
1787071445545.317,2073509888,102809600,49790976,15728640,1905180672
1787071445551.593,2073509888,102809600,49790976,15728640,1905180672
1787071445557.868,2073509888,102809600,49790976,15728640,1905180672
1787071445564.153,2073509888,102809600,49790976,15728640,1905180672
1787071445570.435,2073509888,102809600,49790976,15728640,1905180672
1787071445576.658,2073509888,102809600,49790976,15728640,1905180672
1787071445581.705,2073509888,102809600,49790976,15728640,1905180672
1787071445587.979,2073509888,102809600,49790976,15728640,1905180672
1787071445594.263,2073509888,102809600,49790976,15728640,1905180672
1787071445600.541,2073509888,102809600,49790976,15728640,1905180672
1787071445605.643,2073509888,102809600,49790976,15728640,1905180672
1787071445611.920,2073509888,102809600,49790976,15728640,1905180672
1787071445618.195,2073509888,102809600,49790976,15728640,1905180672
1787071445624.470,2073509888,102809600,49790976,15728640,1905180672
1787071445630.746,2073509888,102809600,49790976,15728640,1905180672
1787071445636.237,2073509888,102809600,49790976,15728640,1905180672
1787071445641.662,2073509888,102809600,49790976,15728640,1905180672
1787071445647.958,2073509888,102809600,49790976,15728640,1905180672
1787071445654.236,2073509888,102809600,49790976,15728640,1905180672
1787071445659.376,2073509888,102809600,49790976,15728640,1905180672
1787071445665.654,2073509888,102809600,49790976,15728640,1905180672
1787071445671.928,2073509888,102809600,49790976,15728640,1905180672
1787071445678.204,2073509888,102809600,49790976,15728640,1905180672
1787071445684.479,2073509888,102809600,49790976,15728640,1905180672
1787071445690.755,2073509888,102809600,49790976,15728640,1905180672
1787071445696.965,2073509888,102809600,49790976,15728640,1905180672
1787071445703.239,2073509888,102809600,49790976,15728640,1905180672
1787071445709.376,2073509888,102809600,49790976,15728640,1905180672
1787071445715.657,2073509888,102809600,49790976,15728640,1905180672
1787071445721.930,2073509888,102809600,49790976,15728640,1905180672
1787071445727.404,2073509888,102809600,49790976,15728640,1905180672
1787071445733.680,2073509888,102809600,49790976,15728640,1905180672
1787071445739.955,2073509888,102809600,49790976,15728640,1905180672
1787071445745.742,2073509888,102809600,49790976,15728640,1905180672
1787071445751.042,2073509888,102809600,49790976,15728640,1905180672
1787071445757.320,2073509888,102809600,49790976,15728640,1905180672
1787071445763.179,2073509888,102809600,49790976,15728640,1905180672
1787071445769.453,2073509888,102809600,49790976,15728640,1905180672
1787071445775.107,2073509888,102809600,49790976,15728640,1905180672
1787071445780.246,2073509888,102809600,49790976,15728640,1905180672
1787071445786.522,2073509888,102809600,49790976,15728640,1905180672
1787071445792.709,2073509888,102809600,49790976,15728640,1905180672
1787071445798.985,2073509888,102809600,49790976,15728640,1905180672
1787071445805.244,2073509888,102809600,49790976,15728640,1905180672
1787071445811.527,2073509888,102809600,49790976,15728640,1905180672
1787071445817.704,2073509888,102809600,49790976,15728640,1905180672
1787071445823.375,2073509888,102809600,49790976,15728640,1905180672
1787071445829.396,2073509888,102809600,49790976,15728640,1905180672
1787071445835.671,2073509888,102809600,49790976,15728640,1905180672
1787071445841.950,2073509888,102809600,49790976,15728640,1905180672
1787071445847.762,2073509888,102809600,49790976,15728640,1905180672
1787071445854.039,2073509888,102809600,49790976,15728640,1905180672
1787071445859.374,2073509888,102809600,49790976,15728640,1905180672
1787071445865.650,2073509888,102809600,49790976,15728640,1905180672
1787071445871.933,2073509888,102809600,49790976,15728640,1905180672
1787071445878.212,2073509888,102809600,49790976,15728640,1905180672
1787071445884.488,2073509888,102809600,49790976,15728640,1905180672
1787071445890.762,2073509888,102809600,49790976,15728640,1905180672
1787071445897.038,2073509888,102809600,49790976,15728640,1905180672
1787071445903.312,2073509888,102809600,49790976,15728640,1905180672
1787071445908.896,2073509888,102809600,49790976,15728640,1905180672
1787071445915.173,2073509888,102809600,49790976,15728640,1905180672
1787071445921.449,2073509888,102809600,49790976,15728640,1905180672
1787071445927.725,2073509888,102809600,49790976,15728640,1905180672
1787071445934.001,2073509888,102809600,49790976,15728640,1905180672
1787071445940.275,2073509888,102809600,49790976,15728640,1905180672
1787071445946.550,2073509888,102809600,49790976,15728640,1905180672
1787071445952.827,2073509888,102809600,49790976,15728640,1905180672
1787071445959.101,2073509888,102809600,49790976,15728640,1905180672
1787071445965.375,2073509888,102809600,49790976,15728640,1905180672
1787071445971.650,2073509888,102809600,49790976,15728640,1905180672
1787071445977.925,2073509888,102809600,49790976,15728640,1905180672
1787071445984.201,2073509888,102809600,49790976,15728640,1905180672
1787071445990.477,2073509888,102809600,49790976,15728640,1905180672
1787071445996.754,2073509888,102809600,49790976,15728640,1905180672
1787071446003.028,2073509888,102809600,49790976,15728640,1905180672
1787071446009.304,2073509888,102809600,49790976,15728640,1905180672
1787071446015.579,2073509888,102809600,49790976,15728640,1905180672
1787071446021.855,2073509888,102809600,49790976,15728640,1905180672
1787071446028.130,2073509888,102809600,49790976,15728640,1905180672
1787071446034.406,2073509888,102809600,49790976,15728640,1905180672
1787071446040.682,2073509888,102809600,49790976,15728640,1905180672
1787071446046.958,2073509888,102809600,49790976,15728640,1905180672
1787071446053.234,2073509888,102809600,49790976,15728640,1905180672
1787071446059.510,2073509888,102809600,49790976,15728640,1905180672
1787071446065.787,2073509888,102809600,49790976,15728640,1905180672
1787071446072.068,2073509888,102809600,49790976,15728640,1905180672
1787071446078.394,2073509888,102809600,49790976,15728640,1905180672
1787071446084.670,2073509888,102809600,49790976,15728640,1905180672
1787071446090.946,2073509888,102809600,49790976,15728640,1905180672
1787071446097.223,2073509888,102809600,49790976,15728640,1905180672
1787071446103.506,2073509888,102809600,49790976,15728640,1905180672
1787071446109.589,2073509888,102809600,49790976,15728640,1905180672
1787071446115.804,2073509888,102809600,49790976,15728640,1905180672
1787071446122.087,2073509888,102809600,49790976,15728640,1905180672
1787071446128.363,2073509888,102809600,49790976,15728640,1905180672
1787071446134.645,2073509888,102809600,49790976,15728640,1905180672
1787071446140.933,2073509888,102809600,49790976,15728640,1905180672
1787071446147.221,2073509888,102809600,49790976,15728640,1905180672
1787071446152.820,2073509888,102809600,49790976,15728640,1905180672
1787071446158.750,2073509888,102809600,49790976,15728640,1905180672
1787071446165.028,2073509888,102809600,49790976,15728640,1905180672
1787071446171.303,2073509888,102809600,49790976,15728640,1905180672
1787071446177.576,2073509888,102809600,49790976,15728640,1905180672
1787071446183.849,2073509888,102809600,49790976,15728640,1905180672
1787071446189.733,2073509888,102809600,49790976,15728640,1905180672
1787071446195.525,2073509888,102809600,49790976,15728640,1905180672
1787071446201.805,2073509888,102809600,49790976,15728640,1905180672
1787071446208.081,2073509888,102809600,49790976,15728640,1905180672
1787071446214.356,2073509888,102809600,49790976,15728640,1905180672
1787071446220.631,2073509888,102809600,49790976,15728640,1905180672
1787071446226.036,2073509888,102809600,49790976,15728640,1905180672
1787071446232.313,2073509888,102809600,49790976,15728640,1905180672
1787071446238.577,2073509888,102809600,49790976,15728640,1905180672
1787071446244.850,2073509888,102809600,49790976,15728640,1905180672
1787071446251.036,2073509888,102809600,49790976,15728640,1905180672
1787071446257.312,2073509888,102809600,49790976,15728640,1905180672
1787071446263.575,2073509888,102809600,49790976,15728640,1905180672
1787071446269.849,2073509888,102809600,49790976,15728640,1905180672
1787071446276.038,2073509888,102809600,49790976,15728640,1905180672
1787071446282.314,2073509888,102809600,49790976,15728640,1905180672
1787071446288.574,2073509888,102809600,49790976,15728640,1905180672
1787071446294.852,2073509888,102809600,49790976,15728640,1905180672
1787071446301.042,2073509888,102809600,49790976,15728640,1905180672
1787071446307.317,2073509888,102809600,49790976,15728640,1905180672
1787071446313.591,2073509888,102809600,49790976,15728640,1905180672
1787071446319.867,2073509888,102809600,49790976,15728640,1905180672
1787071446326.037,2073509888,102809600,49790976,15728640,1905180672
1787071446332.315,2073509888,102809600,49790976,15728640,1905180672
1787071446338.597,2073509888,102809600,49790976,15728640,1905180672
1787071446344.875,2073509888,102809600,49790976,15728640,1905180672
1787071446351.156,2073509888,102809600,49790976,15728640,1905180672
1787071446357.432,2073509888,102809600,49790976,15728640,1905180672
1787071446363.712,2073509888,102809600,49790976,15728640,1905180672
1787071446369.990,2073509888,102809600,49790976,15728640,1905180672
1787071446376.266,2073509888,102809600,49790976,15728640,1905180672
1787071446382.542,2073509888,102809600,49790976,15728640,1905180672
1787071446388.818,2073509888,102809600,49790976,15728640,1905180672
1787071446395.092,2073509888,102809600,49790976,15728640,1905180672
1787071446401.373,2073509888,102809600,49790976,15728640,1905180672
1787071446407.649,2073509888,102809600,49790976,15728640,1905180672
1787071446413.576,2073509888,102809600,49790976,15728640,1905180672
1787071446419.300,2073509888,102809600,49790976,15728640,1905180672
1787071446425.585,2073509888,102809600,49790976,15728640,1905180672
1787071446430.635,2073509888,102809600,49790976,15728640,1905180672
1787071446436.923,2073509888,102809600,49790976,15728640,1905180672
1787071446443.198,2073509888,102809600,49790976,15728640,1905180672
1787071446449.473,2073509888,102809600,49790976,15728640,1905180672
1787071446455.245,2073509888,102809600,49790976,15728640,1905180672
1787071446461.523,2073509888,102809600,49790976,15728640,1905180672
1787071446467.700,2073509888,102809600,49790976,15728640,1905180672
1787071446473.978,2073509888,102809600,49790976,15728640,1905180672
1787071446480.253,2073509888,102809600,49790976,15728640,1905180672
1787071446485.542,2073509888,102809600,49790976,15728640,1905180672
1787071446491.816,2073509888,102809600,49790976,15728640,1905180672
1787071446496.909,2073509888,102809600,49790976,15728640,1905180672
1787071446503.181,2073509888,102809600,49790976,15728640,1905180672
1787071446509.455,2073509888,102809600,49790976,15728640,1905180672
1787071446515.042,2073509888,102809600,49790976,15728640,1905180672
1787071446521.316,2073509888,102809600,49790976,15728640,1905180672
1787071446527.591,2073509888,102809600,49790976,15728640,1905180672
1787071446533.867,2073509888,102809600,49790976,15728640,1905180672
1787071446540.141,2073509888,102809600,49790976,15728640,1905180672
1787071446546.418,2073509888,102809600,49790976,15728640,1905180672
1787071446551.982,2073509888,102809600,49790976,15728640,1905180672
1787071446558.265,2073509888,102809600,49790976,15728640,1905180672
1787071446564.306,2073509888,102809600,49790976,15728640,1905180672
1787071446570.590,2073509888,102809600,49790976,15728640,1905180672
1787071446576.869,2073509888,102809600,49790976,15728640,1905180672
1787071446582.815,2073509888,102809600,49790976,15728640,1905180672
1787071446589.098,2073509888,102809600,49790976,15728640,1905180672
1787071446595.385,2073509888,102809600,49790976,15728640,1905180672
1787071446601.667,2073509888,102809600,49790976,15728640,1905180672
1787071446607.943,2073509888,102809600,49790976,15728640,1905180672
1787071446613.575,2073509888,102809600,49790976,15728640,1905180672
1787071446619.849,2073509888,102809600,49790976,15728640,1905180672
1787071446626.032,2073509888,102809600,49790976,15728640,1905180672
1787071446632.309,2073509888,102809600,49790976,15728640,1905180672
1787071446638.585,2073509888,102809600,49790976,15728640,1905180672
1787071446644.857,2073509888,102809600,49790976,15728640,1905180672
1787071446651.131,2073509888,102809600,49790976,15728640,1905180672
1787071446656.817,2073509888,102809600,49790976,15728640,1905180672
1787071446663.094,2073509888,102809600,49790976,15728640,1905180672
1787071446669.368,2073509888,102809600,49790976,15728640,1905180672
1787071446675.651,2073509888,102809600,49790976,15728640,1905180672
1787071446681.926,2073509888,102809600,49790976,15728640,1905180672
1787071446688.200,2073509888,102809600,49790976,15728640,1905180672
1787071446694.476,2073509888,102809600,49790976,15728640,1905180672
1787071446700.751,2073509888,102809600,49790976,15728640,1905180672
1787071446707.026,2073509888,102809600,49790976,15728640,1905180672
1787071446713.301,2073509888,102809600,49790976,15728640,1905180672
1787071446718.886,2073509888,102809600,49790976,15728640,1905180672
1787071446725.170,2073509888,102809600,49790976,15728640,1905180672
1787071446731.446,2073509888,102809600,49790976,15728640,1905180672
1787071446737.724,2073509888,102809600,49790976,15728640,1905180672
1787071446743.999,2073509888,102809600,49790976,15728640,1905180672
1787071446750.275,2073509888,102809600,49790976,15728640,1905180672
1787071446755.631,2073509888,102809600,49790976,15728640,1905180672
1787071446761.908,2073509888,102809600,49790976,15728640,1905180672
1787071446768.185,2073509888,102809600,49790976,15728640,1905180672
1787071446774.459,2073509888,102809600,49790976,15728640,1905180672
1787071446780.734,2073509888,102809600,49790976,15728640,1905180672
1787071446787.007,2073509888,102809600,49790976,15728640,1905180672
1787071446793.280,2073509888,102809600,49790976,15728640,1905180672
1787071446799.553,2073509888,102809600,49790976,15728640,1905180672
1787071446805.830,2073509888,102809600,49790976,15728640,1905180672
1787071446812.103,2073509888,102809600,49790976,15728640,1905180672
1787071446818.378,2073509888,102809600,49790976,15728640,1905180672
1787071446824.677,2073509888,102809600,49790976,15728640,1905180672
1787071446830.963,2073509888,102809600,49790976,15728640,1905180672
1787071446837.244,2073509888,102809600,49790976,15728640,1905180672
1787071446842.703,2073509888,102809600,49790976,15728640,1905180672
1787071446848.365,2073509888,102809600,49790976,15728640,1905180672
1787071446854.642,2073509888,102809600,49790976,15728640,1905180672
1787071446860.919,2073509888,102809600,49790976,15728640,1905180672
1787071446867.201,2073509888,102809600,49790976,15728640,1905180672
1787071446873.477,2073444352,102760448,49790976,15728640,1905164288
1787071446879.752,2073444352,102760448,49790976,15728640,1905164288
1787071446886.027,2073444352,102760448,49790976,15728640,1905164288
1787071446892.305,2073444352,102760448,49790976,15728640,1905164288
1787071446898.580,2073444352,102760448,49790976,15728640,1905164288
1787071446904.533,2073444352,102760448,49790976,15728640,1905164288
1787071446910.500,2073444352,102760448,49790976,15728640,1905164288
1787071446916.783,2073444352,102760448,49790976,15728640,1905164288
1787071446923.060,2073444352,102760448,49790976,15728640,1905164288
1787071446929.335,2073444352,102760448,49790976,15728640,1905164288
1787071446934.382,2073444352,102760448,49790976,15728640,1905164288
1787071446940.414,2073444352,102760448,49790976,15728640,1905164288
1787071446946.691,2073444352,102760448,49790976,15728640,1905164288
1787071446952.964,2073444352,102760448,49790976,15728640,1905164288
1787071446959.248,2073444352,102760448,49790976,15728640,1905164288
1787071446965.529,2073444352,102760448,49790976,15728640,1905164288
1787071446971.202,2073444352,102760448,49790976,15728640,1905164288
1787071446977.478,2073444352,102760448,49790976,15728640,1905164288
1787071446983.765,2073444352,102760448,49790976,15728640,1905164288
1787071446989.031,2073444352,102760448,49790976,15728640,1905164288
1787071446995.321,2073444352,102760448,49790976,15728640,1905164288
1787071447001.108,2073444352,102760448,49790976,15728640,1905164288
1787071447007.389,2073444352,102760448,49790976,15728640,1905164288
1787071447013.574,2073444352,102760448,49790976,15728640,1905164288
1787071447019.860,2073444352,102760448,49790976,15728640,1905164288
1787071447026.129,2073444352,102760448,49790976,15728640,1905164288
1787071447032.413,2073444352,102760448,49790976,15728640,1905164288
1787071447038.573,2073444352,102760448,49790976,15728640,1905164288
1787071447044.859,2073444352,102760448,49790976,15728640,1905164288
1787071447051.135,2073444352,102760448,49790976,15728640,1905164288
1787071447057.417,2073444352,102760448,49790976,15728640,1905164288
1787071447063.573,2073444352,102760448,49790976,15728640,1905164288
1787071447069.849,2073444352,102760448,49790976,15728640,1905164288
1787071447076.029,2073444352,102760448,49790976,15728640,1905164288
1787071447082.312,2073444352,102760448,49790976,15728640,1905164288
1787071447088.591,2073444352,102760448,49790976,15728640,1905164288
1787071447094.868,2073444352,102760448,49790976,15728640,1905164288
1787071447101.145,2073444352,102760448,49790976,15728640,1905164288
1787071447107.420,2073444352,102760448,49790976,15728640,1905164288
1787071447113.573,2073444352,102760448,49790976,15728640,1905164288
1787071447119.241,2073444352,102760448,49790976,15728640,1905164288
1787071447125.519,2073444352,102760448,49790976,15728640,1905164288
1787071447131.794,2073444352,102760448,49790976,15728640,1905164288
1787071447138.069,2073444352,102760448,49790976,15728640,1905164288
1787071447144.344,2073444352,102760448,49790976,15728640,1905164288
1787071447150.618,2073444352,102760448,49790976,15728640,1905164288
1787071447156.894,2073444352,102760448,49790976,15728640,1905164288
1787071447163.167,2073444352,102760448,49790976,15728640,1905164288
1787071447169.441,2073444352,102760448,49790976,15728640,1905164288
1787071447175.720,2073444352,102760448,49790976,15728640,1905164288
1787071447181.996,2073444352,102760448,49790976,15728640,1905164288
1787071447188.273,2073444352,102760448,49790976,15728640,1905164288
1787071447194.593,2073444352,102760448,49790976,15728640,1905164288
1787071447200.868,2073444352,102760448,49790976,15728640,1905164288
1787071447207.143,2073444352,102760448,49790976,15728640,1905164288
1787071447213.418,2073444352,102760448,49790976,15728640,1905164288
1787071447219.701,2073444352,102760448,49790976,15728640,1905164288
1787071447225.977,2073444352,102760448,49790976,15728640,1905164288
1787071447232.252,2073444352,102760448,49790976,15728640,1905164288
1787071447238.531,2073444352,102760448,49790976,15728640,1905164288
1787071447244.808,2073444352,102760448,49790976,15728640,1905164288
1787071447251.082,2073444352,102760448,49790976,15728640,1905164288
1787071447257.356,2073444352,102760448,49790976,15728640,1905164288
1787071447263.635,2073444352,102760448,49790976,15728640,1905164288
1787071447269.912,2073444352,102760448,49790976,15728640,1905164288
1787071447276.028,2073444352,102760448,49790976,15728640,1905164288
1787071447282.306,2073444352,102760448,49790976,15728640,1905164288
1787071447288.577,2073444352,102760448,49790976,15728640,1905164288
1787071447294.858,2073444352,102760448,49790976,15728640,1905164288
1787071447301.129,2073444352,102760448,49790976,15728640,1905164288
1787071447306.458,2073444352,102760448,49790976,15728640,1905164288
1787071447312.739,2073444352,102760448,49790976,15728640,1905164288
1787071447319.026,2073444352,102760448,49790976,15728640,1905164288
1787071447325.307,2073444352,102760448,49790976,15728640,1905164288
1787071447331.597,2073444352,102760448,49790976,15728640,1905164288
1787071447337.861,2073444352,102760448,49790976,15728640,1905164288
1787071447343.733,2073444352,102760448,49790976,15728640,1905164288
1787071447350.011,2073444352,102760448,49790976,15728640,1905164288
1787071447355.641,2073444352,102760448,49790976,15728640,1905164288
1787071447361.919,2073444352,102760448,49790976,15728640,1905164288
1787071447368.194,2073444352,102760448,49790976,15728640,1905164288
1787071447374.474,2073444352,102760448,49790976,15728640,1905164288
1787071447380.661,2073444352,102760448,49790976,15728640,1905164288
1787071447386.940,2073280512,102760448,49676288,15728640,1905115136
1787071447393.218,2073280512,102760448,49676288,15728640,1905115136
1787071447399.493,2073280512,102760448,49676288,15728640,1905115136
1787071447405.767,2073280512,102760448,49676288,15728640,1905115136
1787071447412.040,2073280512,102760448,49676288,15728640,1905115136
1787071447418.318,2073280512,102760448,49676288,15728640,1905115136
1787071447424.602,2073280512,102760448,49676288,15728640,1905115136
1787071447430.704,2073280512,102760448,49676288,15728640,1905115136
1787071447436.980,2073280512,102760448,49676288,15728640,1905115136
1787071447443.258,2073280512,102760448,49676288,15728640,1905115136
1787071447449.534,2073280512,102760448,49676288,15728640,1905115136
1787071447455.811,2073280512,102760448,49676288,15728640,1905115136
1787071447462.088,2073280512,102760448,49676288,15728640,1905115136
1787071447468.362,2073280512,102760448,49676288,15728640,1905115136
1787071447473.684,2073280512,102760448,49676288,15728640,1905115136
1787071447479.968,2073280512,102760448,49676288,15728640,1905115136
1787071447486.244,2073280512,102760448,49676288,15728640,1905115136
1787071447492.519,2073280512,102760448,49676288,15728640,1905115136
1787071447498.801,2073280512,102760448,49676288,15728640,1905115136
1787071447504.523,2073280512,102760448,49676288,15728640,1905115136
1787071447510.797,2073264128,102744064,49676288,15728640,1905115136
1787071447516.587,2073264128,102744064,49676288,15728640,1905115136
1787071447522.873,2073264128,102744064,49676288,15728640,1905115136
1787071447529.162,2073264128,102744064,49676288,15728640,1905115136
1787071447535.438,2073264128,102744064,49676288,15728640,1905115136
1787071447541.714,2073264128,102744064,49676288,15728640,1905115136
1787071447547.942,2073264128,102744064,49676288,15728640,1905115136
1787071447554.230,2073264128,102744064,49676288,15728640,1905115136
1787071447559.360,2073264128,102744064,49676288,15728640,1905115136
1787071447565.700,2073264128,102744064,49676288,15728640,1905115136
1787071447571.981,2073264128,102744064,49676288,15728640,1905115136
1787071447578.255,2073264128,102744064,49676288,15728640,1905115136
1787071447584.533,2073264128,102744064,49676288,15728640,1905115136
1787071447590.808,2073264128,102744064,49676288,15728640,1905115136
1787071447597.086,2073264128,102744064,49676288,15728640,1905115136
1787071447603.363,2073264128,102744064,49676288,15728640,1905115136
1787071447609.380,2073264128,102744064,49676288,15728640,1905115136
1787071447615.663,2073264128,102744064,49676288,15728640,1905115136
1787071447621.941,2073264128,102744064,49676288,15728640,1905115136
1787071447628.216,2073264128,102744064,49676288,15728640,1905115136
1787071447634.492,2073264128,102744064,49676288,15728640,1905115136
1787071447640.768,2073264128,102744064,49676288,15728640,1905115136
1787071447647.044,2073264128,102744064,49676288,15728640,1905115136
1787071447653.319,2073264128,102744064,49676288,15728640,1905115136
1787071447659.596,2073264128,102744064,49676288,15728640,1905115136
1787071447665.869,2073264128,102744064,49676288,15728640,1905115136
1787071447672.145,2073264128,102744064,49676288,15728640,1905115136
1787071447678.419,2073264128,102744064,49676288,15728640,1905115136
1787071447684.695,2073264128,102744064,49676288,15728640,1905115136
1787071447690.970,2073264128,102744064,49676288,15728640,1905115136
1787071447697.245,2073264128,102744064,49676288,15728640,1905115136
1787071447703.521,2073264128,102744064,49676288,15728640,1905115136
1787071447709.797,2073264128,102744064,49676288,15728640,1905115136
1787071447716.072,2073264128,102744064,49676288,15728640,1905115136
1787071447722.347,2073264128,102744064,49676288,15728640,1905115136
1787071447728.622,2073264128,102744064,49676288,15728640,1905115136
1787071447734.909,2073264128,102744064,49676288,15728640,1905115136
1787071447741.186,2073264128,102744064,49676288,15728640,1905115136
1787071447747.288,2073264128,102744064,49676288,15728640,1905115136
1787071447753.567,2073264128,102744064,49676288,15728640,1905115136
1787071447759.844,2073264128,102744064,49676288,15728640,1905115136
1787071447766.119,2073264128,102744064,49676288,15728640,1905115136
1787071447771.693,2073264128,102744064,49676288,15728640,1905115136
1787071447777.967,2073264128,102744064,49676288,15728640,1905115136
1787071447784.059,2073264128,102744064,49676288,15728640,1905115136
1787071447789.332,2073264128,102744064,49676288,15728640,1905115136
1787071447795.613,2073264128,102744064,49676288,15728640,1905115136
1787071447801.882,2073264128,102744064,49676288,15728640,1905115136
1787071447811.330,2073280512,102793216,49643520,15728640,1905115136
1787071447817.603,2073280512,102793216,49643520,15728640,1905115136
1787071447823.875,2073280512,102793216,49643520,15728640,1905115136
1787071447830.146,2073296896,102809600,49643520,15728640,1905115136
1787071447836.414,2073296896,102809600,49643520,15728640,1905115136
1787071447842.688,2073296896,102825984,49643520,15728640,1905098752
1787071447848.971,2073296896,102825984,49643520,15728640,1905098752
1787071447855.245,2073296896,102825984,49643520,15728640,1905098752
1787071447861.332,2073296896,102825984,49643520,15728640,1905098752
1787071447867.614,2073296896,102825984,49643520,15728640,1905098752
1787071447873.889,2073296896,102825984,49643520,15728640,1905098752
1787071447880.038,2073296896,102825984,49643520,15728640,1905098752
1787071447886.320,2073296896,102825984,49643520,15728640,1905098752
1787071447892.416,2073296896,102825984,49643520,15728640,1905098752
1787071447897.755,2073296896,102825984,49643520,15728640,1905098752
1787071447904.033,2073214976,102793216,49610752,15712256,1905098752
1787071447910.320,2073165824,102793216,49577984,15695872,1905098752
1787071447916.593,2073149440,102776832,49577984,15695872,1905098752
1787071447922.777,2073149440,102776832,49577984,15695872,1905098752
1787071447928.221,2073116672,102760448,49561600,15695872,1905098752
1787071447934.495,2073116672,102760448,49561600,15695872,1905098752
1787071447940.775,2073116672,102760448,49561600,15695872,1905098752
1787071447946.908,2073116672,102760448,49561600,15695872,1905098752
1787071447953.186,2073116672,102760448,49561600,15695872,1905098752
1787071447959.468,2073116672,102760448,49561600,15695872,1905098752
1787071447965.743,2073116672,102760448,49561600,15695872,1905098752
1787071447971.903,2073116672,102760448,49561600,15695872,1905098752
1787071447978.181,2073116672,102760448,49561600,15695872,1905098752
1787071447984.466,2073116672,102760448,49561600,15695872,1905098752
1787071447989.495,2073116672,102760448,49561600,15695872,1905098752
1787071447995.774,2073116672,102760448,49561600,15695872,1905098752
1787071448002.050,2073116672,102760448,49561600,15695872,1905098752
1787071448008.332,2073116672,102760448,49561600,15695872,1905098752
1787071448014.512,2073116672,102760448,49561600,15695872,1905098752
1787071448020.805,2073116672,102760448,49561600,15695872,1905098752
1787071448026.019,2073116672,102760448,49561600,15695872,1905098752
1787071448032.297,2073116672,102760448,49561600,15695872,1905098752
1787071448038.567,2073116672,102760448,49561600,15695872,1905098752
1787071448044.833,2073116672,102760448,49561600,15695872,1905098752
1787071448051.106,2073116672,102760448,49561600,15695872,1905098752
1787071448056.829,2073116672,102760448,49561600,15695872,1905098752
1787071448063.075,2073116672,102760448,49561600,15695872,1905098752
1787071448069.363,2073116672,102760448,49561600,15695872,1905098752
1787071448075.649,2073116672,102760448,49561600,15695872,1905098752
1787071448081.232,2073116672,102760448,49561600,15695872,1905098752
1787071448087.512,2073116672,102760448,49561600,15695872,1905098752
1787071448093.786,2073116672,102760448,49561600,15695872,1905098752
1787071448100.052,2073116672,102760448,49561600,15695872,1905098752
1787071448109.461,2073165824,102809600,49561600,15695872,1905098752
1787071448115.748,2073165824,102809600,49561600,15695872,1905098752
1787071448122.037,2073165824,102809600,49561600,15695872,1905098752
1787071448128.314,2073165824,102809600,49561600,15695872,1905098752
1787071448134.590,2073165824,102809600,49561600,15695872,1905098752
1787071448140.861,2073165824,102809600,49561600,15695872,1905098752
1787071448147.135,2073165824,102809600,49561600,15695872,1905098752
1787071448153.405,2073165824,102809600,49561600,15695872,1905098752
1787071448159.677,2073165824,102809600,49561600,15695872,1905098752
1787071448165.947,2073165824,102809600,49561600,15695872,1905098752
1787071448172.219,2073165824,102809600,49561600,15695872,1905098752
1787071448178.489,2073165824,102809600,49561600,15695872,1905098752
1787071448184.761,2073165824,102809600,49561600,15695872,1905098752
1787071448191.032,2073165824,102809600,49561600,15695872,1905098752
1787071448197.304,2073165824,102809600,49561600,15695872,1905098752
1787071448203.574,2073165824,102809600,49561600,15695872,1905098752
1787071448209.844,2073165824,102809600,49561600,15695872,1905098752
1787071448216.110,2073165824,102809600,49561600,15695872,1905098752
1787071448222.387,2073165824,102809600,49561600,15695872,1905098752
1787071448228.662,2073165824,102809600,49561600,15695872,1905098752
1787071448234.939,2073165824,102809600,49561600,15695872,1905098752
1787071448241.226,2073165824,102809600,49561600,15695872,1905098752
1787071448246.909,2073165824,102809600,49561600,15695872,1905098752
1787071448253.187,2073165824,102809600,49561600,15695872,1905098752
1787071448259.354,2073165824,102809600,49561600,15695872,1905098752
1787071448265.589,2073165824,102809600,49561600,15695872,1905098752
1787071448271.849,2073165824,102809600,49561600,15695872,1905098752
1787071448278.125,2073165824,102809600,49561600,15695872,1905098752
1787071448284.358,2073165824,102809600,49561600,15695872,1905098752
1787071448289.736,2073165824,102809600,49561600,15695872,1905098752
1787071448296.011,2073165824,102809600,49561600,15695872,1905098752
1787071448302.286,2073165824,102809600,49561600,15695872,1905098752
1787071448308.563,2073165824,102809600,49561600,15695872,1905098752
1787071448314.763,2073165824,102809600,49561600,15695872,1905098752
1787071448321.100,2073165824,102809600,49561600,15695872,1905098752
1787071448327.386,2073165824,102809600,49561600,15695872,1905098752
1787071448333.663,2073165824,102809600,49561600,15695872,1905098752
1787071448339.938,2073165824,102809600,49561600,15695872,1905098752
1787071448346.214,2073165824,102809600,49561600,15695872,1905098752
1787071448352.488,2073165824,102809600,49561600,15695872,1905098752
1787071448358.765,2073165824,102809600,49561600,15695872,1905098752
1787071448365.036,2073165824,102809600,49561600,15695872,1905098752
1787071448371.305,2073165824,102809600,49561600,15695872,1905098752
1787071448377.583,2073165824,102809600,49561600,15695872,1905098752
1787071448383.860,2073165824,102809600,49561600,15695872,1905098752
1787071448390.133,2073165824,102809600,49561600,15695872,1905098752
1787071448396.405,2073165824,102809600,49561600,15695872,1905098752
1787071448402.673,2073165824,102809600,49561600,15695872,1905098752
1787071448408.940,2073165824,102809600,49561600,15695872,1905098752
1787071448415.218,2073165824,102809600,49561600,15695872,1905098752
1787071448421.490,2073165824,102809600,49561600,15695872,1905098752
1787071448427.766,2073165824,102809600,49561600,15695872,1905098752
1787071448434.039,2073165824,102809600,49561600,15695872,1905098752
1787071448440.314,2073165824,102809600,49561600,15695872,1905098752
1787071448446.585,2073165824,102809600,49561600,15695872,1905098752
1787071448452.860,2073165824,102809600,49561600,15695872,1905098752
1787071448459.136,2073165824,102809600,49561600,15695872,1905098752
1787071448465.409,2073165824,102809600,49561600,15695872,1905098752
1787071448471.681,2073165824,102809600,49561600,15695872,1905098752
1787071448477.957,2073165824,102809600,49561600,15695872,1905098752
1787071448484.232,2073165824,102809600,49561600,15695872,1905098752
1787071448490.508,2073165824,102809600,49561600,15695872,1905098752
1787071448496.777,2073165824,102809600,49561600,15695872,1905098752
1787071448503.051,2073165824,102809600,49561600,15695872,1905098752
1787071448509.326,2073165824,102809600,49561600,15695872,1905098752
1787071448515.601,2073165824,102809600,49561600,15695872,1905098752
1787071448521.876,2073165824,102809600,49561600,15695872,1905098752
1787071448528.145,2073165824,102809600,49561600,15695872,1905098752
1787071448534.415,2073165824,102809600,49561600,15695872,1905098752
1787071448540.685,2073165824,102809600,49561600,15695872,1905098752
1787071448546.894,2073165824,102809600,49561600,15695872,1905098752
1787071448553.183,2073165824,102809600,49561600,15695872,1905098752
1787071448559.473,2073165824,102809600,49561600,15695872,1905098752
1787071448565.759,2073165824,102809600,49561600,15695872,1905098752
1787071448572.049,2073165824,102809600,49561600,15695872,1905098752
1787071448578.331,2073165824,102809600,49561600,15695872,1905098752
1787071448584.381,2073165824,102809600,49561600,15695872,1905098752
1787071448589.984,2073165824,102809600,49561600,15695872,1905098752
1787071448596.267,2073165824,102809600,49561600,15695872,1905098752
1787071448602.169,2073165824,102809600,49561600,15695872,1905098752
1787071448607.288,2073165824,102809600,49561600,15695872,1905098752
1787071448613.561,2073165824,102809600,49561600,15695872,1905098752
1787071448619.835,2073165824,102809600,49561600,15695872,1905098752
1787071448626.109,2073165824,102809600,49561600,15695872,1905098752
1787071448631.981,2073165824,102809600,49561600,15695872,1905098752
1787071448637.175,2073165824,102809600,49561600,15695872,1905098752
1787071448642.672,2073165824,102809600,49561600,15695872,1905098752
1787071448648.340,2073165824,102809600,49561600,15695872,1905098752
1787071448654.603,2073165824,102809600,49561600,15695872,1905098752
1787071448660.849,2073165824,102809600,49561600,15695872,1905098752
1787071448667.123,2073165824,102809600,49561600,15695872,1905098752
1787071448673.388,2073165824,102809600,49561600,15695872,1905098752
1787071448679.666,2073165824,102809600,49561600,15695872,1905098752
1787071448685.939,2073165824,102809600,49561600,15695872,1905098752
1787071448692.265,2073165824,102809600,49561600,15695872,1905098752
1787071448698.540,2073165824,102809600,49561600,15695872,1905098752
1787071448704.133,2073165824,102809600,49561600,15695872,1905098752
1787071448710.410,2073165824,102809600,49561600,15695872,1905098752
1787071448716.686,2073165824,102809600,49561600,15695872,1905098752
1787071448722.961,2073165824,102809600,49561600,15695872,1905098752
1787071448729.231,2073165824,102809600,49561600,15695872,1905098752
1787071448735.499,2073165824,102809600,49561600,15695872,1905098752
1787071448741.602,2073165824,102809600,49561600,15695872,1905098752
1787071448747.877,2073165824,102809600,49561600,15695872,1905098752
1787071448754.156,2073165824,102809600,49561600,15695872,1905098752
1787071448760.433,2073165824,102809600,49561600,15695872,1905098752
1787071448766.710,2073165824,102809600,49561600,15695872,1905098752
1787071448772.981,2073165824,102809600,49561600,15695872,1905098752
1787071448778.965,2073165824,102809600,49561600,15695872,1905098752
1787071448785.246,2073165824,102809600,49561600,15695872,1905098752
1787071448791.520,2073165824,102809600,49561600,15695872,1905098752
1787071448797.793,2073165824,102809600,49561600,15695872,1905098752
1787071448804.070,2073165824,102809600,49561600,15695872,1905098752
1787071448809.348,2073165824,102809600,49561600,15695872,1905098752
1787071448815.172,2073165824,102809600,49561600,15695872,1905098752
1787071448821.449,2073165824,102809600,49561600,15695872,1905098752
1787071448827.203,2073165824,102809600,49561600,15695872,1905098752
1787071448833.493,2073165824,102809600,49561600,15695872,1905098752
1787071448838.562,2073165824,102809600,49561600,15695872,1905098752
1787071448844.839,2073165824,102809600,49561600,15695872,1905098752
1787071448851.020,2073165824,102809600,49561600,15695872,1905098752
1787071448856.796,2073165824,102809600,49561600,15695872,1905098752
1787071448863.091,2073165824,102809600,49561600,15695872,1905098752
1787071448869.370,2073165824,102809600,49561600,15695872,1905098752
1787071448875.093,2073165824,102809600,49561600,15695872,1905098752
1787071448881.360,2073165824,102809600,49561600,15695872,1905098752
1787071448887.636,2073165824,102809600,49561600,15695872,1905098752
1787071448893.912,2073165824,102809600,49561600,15695872,1905098752
1787071448900.188,2073165824,102809600,49561600,15695872,1905098752
1787071448905.229,2073165824,102809600,49561600,15695872,1905098752
1787071448911.512,2073165824,102809600,49561600,15695872,1905098752
1787071448917.675,2073165824,102809600,49561600,15695872,1905098752
1787071448923.594,2073165824,102809600,49561600,15695872,1905098752
1787071448929.870,2073165824,102809600,49561600,15695872,1905098752
1787071448936.152,2073165824,102809600,49561600,15695872,1905098752
1787071448942.427,2073165824,102809600,49561600,15695872,1905098752
1787071448948.698,2073165824,102809600,49561600,15695872,1905098752
1787071448954.966,2073165824,102809600,49561600,15695872,1905098752
1787071448961.245,2073165824,102809600,49561600,15695872,1905098752
1787071448966.891,2073165824,102809600,49561600,15695872,1905098752
1787071448973.172,2073165824,102809600,49561600,15695872,1905098752
1787071448979.453,2073165824,102809600,49561600,15695872,1905098752
1787071448985.729,2073165824,102809600,49561600,15695872,1905098752
1787071448992.005,2073165824,102809600,49561600,15695872,1905098752
1787071448998.279,2073165824,102809600,49561600,15695872,1905098752
1787071449004.554,2073165824,102809600,49561600,15695872,1905098752
1787071449010.461,2073165824,102809600,49561600,15695872,1905098752
1787071449016.254,2073165824,102809600,49561600,15695872,1905098752
1787071449022.342,2073165824,102809600,49561600,15695872,1905098752
1787071449028.110,2073165824,102809600,49561600,15695872,1905098752
1787071449034.391,2073165824,102809600,49561600,15695872,1905098752
1787071449040.356,2073165824,102809600,49561600,15695872,1905098752
1787071449046.635,2073165824,102809600,49561600,15695872,1905098752
1787071449052.908,2073165824,102809600,49561600,15695872,1905098752
1787071449058.634,2073165824,102809600,49561600,15695872,1905098752
1787071449064.919,2073165824,102809600,49561600,15695872,1905098752
1787071449071.193,2073165824,102809600,49561600,15695872,1905098752
1787071449077.472,2073182208,102809600,49561600,15695872,1905115136
1787071449083.747,2073182208,102809600,49561600,15695872,1905115136
1787071449088.937,2073182208,102809600,49561600,15695872,1905115136
1787071449095.213,2073182208,102809600,49561600,15695872,1905115136
1787071449101.494,2073182208,102809600,49561600,15695872,1905115136
1787071449107.771,2073182208,102809600,49561600,15695872,1905115136
1787071449114.044,2073182208,102809600,49561600,15695872,1905115136
1787071449120.318,2073182208,102809600,49561600,15695872,1905115136
1787071449126.595,2073182208,102809600,49561600,15695872,1905115136
1787071449132.865,2073182208,102809600,49561600,15695872,1905115136
1787071449139.138,2073182208,102809600,49561600,15695872,1905115136
1787071449145.409,2073182208,102809600,49561600,15695872,1905115136
1787071449151.682,2073182208,102809600,49561600,15695872,1905115136
1787071449157.955,2073182208,102809600,49561600,15695872,1905115136
1787071449164.230,2073182208,102809600,49561600,15695872,1905115136
1787071449170.505,2073182208,102809600,49561600,15695872,1905115136
1787071449176.787,2073182208,102809600,49561600,15695872,1905115136
1787071449183.071,2073182208,102809600,49561600,15695872,1905115136
1787071449188.560,2073182208,102809600,49561600,15695872,1905115136
1787071449194.830,2073182208,102809600,49561600,15695872,1905115136
1787071449201.106,2073182208,102809600,49561600,15695872,1905115136
1787071449206.765,2073182208,102809600,49561600,15695872,1905115136
1787071449213.038,2073182208,102809600,49561600,15695872,1905115136
1787071449218.594,2073182208,102809600,49561600,15695872,1905115136
1787071449224.856,2073182208,102809600,49561600,15695872,1905115136
1787071449231.123,2073182208,102809600,49561600,15695872,1905115136
1787071449237.401,2073182208,102809600,49561600,15695872,1905115136
1787071449243.681,2073182208,102809600,49561600,15695872,1905115136
1787071449249.958,2073182208,102809600,49561600,15695872,1905115136
1787071449256.235,2073182208,102809600,49561600,15695872,1905115136
1787071449262.508,2073182208,102809600,49561600,15695872,1905115136
1787071449268.791,2073182208,102809600,49561600,15695872,1905115136
1787071449275.066,2073182208,102809600,49561600,15695872,1905115136
1787071449281.339,2073182208,102809600,49561600,15695872,1905115136
1787071449287.614,2073182208,102809600,49561600,15695872,1905115136
1787071449293.889,2073182208,102809600,49561600,15695872,1905115136
1787071449300.162,2073182208,102809600,49561600,15695872,1905115136
1787071449306.438,2073182208,102809600,49561600,15695872,1905115136
1787071449312.715,2073182208,102809600,49561600,15695872,1905115136
1787071449318.990,2073182208,102809600,49561600,15695872,1905115136
1787071449325.266,2073182208,102809600,49561600,15695872,1905115136
1787071449331.539,2073182208,102809600,49561600,15695872,1905115136
1787071449337.814,2073182208,102809600,49561600,15695872,1905115136
1787071449344.089,2073182208,102809600,49561600,15695872,1905115136
1787071449350.363,2073182208,102809600,49561600,15695872,1905115136
1787071449356.641,2073182208,102809600,49561600,15695872,1905115136
1787071449362.914,2073182208,102809600,49561600,15695872,1905115136
1787071449369.189,2073182208,102809600,49561600,15695872,1905115136
1787071449375.464,2073182208,102809600,49561600,15695872,1905115136
1787071449381.747,2073182208,102809600,49561600,15695872,1905115136
1787071449388.035,2073182208,102809600,49561600,15695872,1905115136
1787071449394.316,2073182208,102809600,49561600,15695872,1905115136
1787071449400.600,2073182208,102809600,49561600,15695872,1905115136
1787071449406.877,2073182208,102809600,49561600,15695872,1905115136
1787071449412.817,2073182208,102809600,49561600,15695872,1905115136
1787071449419.094,2073182208,102809600,49561600,15695872,1905115136
1787071449425.372,2073182208,102809600,49561600,15695872,1905115136
1787071449430.604,2073182208,102809600,49561600,15695872,1905115136
1787071449436.934,2073182208,102809600,49561600,15695872,1905115136
1787071449442.684,2073182208,102809600,49561600,15695872,1905115136
1787071449448.963,2073182208,102809600,49561600,15695872,1905115136
1787071449455.235,2073182208,102809600,49561600,15695872,1905115136
1787071449461.500,2073182208,102809600,49561600,15695872,1905115136
1787071449467.766,2073182208,102809600,49561600,15695872,1905115136
1787071449474.031,2073182208,102809600,49561600,15695872,1905115136
1787071449480.224,2073182208,102809600,49561600,15695872,1905115136
1787071449486.501,2073182208,102809600,49561600,15695872,1905115136
1787071449492.777,2073182208,102809600,49561600,15695872,1905115136
1787071449499.051,2073182208,102809600,49561600,15695872,1905115136
1787071449505.328,2073182208,102809600,49561600,15695872,1905115136
1787071449511.604,2073182208,102809600,49561600,15695872,1905115136
1787071449517.674,2073182208,102809600,49561600,15695872,1905115136
1787071449523.950,2073182208,102809600,49561600,15695872,1905115136
1787071449530.228,2073182208,102809600,49561600,15695872,1905115136
1787071449536.508,2073182208,102809600,49561600,15695872,1905115136
1787071449542.668,2073182208,102809600,49561600,15695872,1905115136
1787071449548.946,2073182208,102809600,49561600,15695872,1905115136
1787071449555.227,2073182208,102809600,49561600,15695872,1905115136
1787071449561.504,2073182208,102809600,49561600,15695872,1905115136
1787071449567.781,2073182208,102809600,49561600,15695872,1905115136
1787071449574.064,2073182208,102809600,49561600,15695872,1905115136
1787071449580.341,2073182208,102809600,49561600,15695872,1905115136
1787071449586.615,2073182208,102809600,49561600,15695872,1905115136
1787071449592.672,2073182208,102809600,49561600,15695872,1905115136
1787071449598.957,2073182208,102809600,49561600,15695872,1905115136
1787071449605.237,2073182208,102809600,49561600,15695872,1905115136
1787071449611.514,2073182208,102809600,49561600,15695872,1905115136
1787071449617.535,2073182208,102809600,49561600,15695872,1905115136
1787071449623.814,2073182208,102809600,49561600,15695872,1905115136
1787071449630.041,2073182208,102809600,49561600,15695872,1905115136
1787071449636.317,2073182208,102809600,49561600,15695872,1905115136
1787071449642.591,2073182208,102809600,49561600,15695872,1905115136
1787071449648.879,2073182208,102809600,49561600,15695872,1905115136
1787071449655.154,2073182208,102809600,49561600,15695872,1905115136
1787071449660.418,2073182208,102809600,49561600,15695872,1905115136
1787071449666.694,2073182208,102809600,49561600,15695872,1905115136
1787071449672.970,2073182208,102809600,49561600,15695872,1905115136
1787071449679.246,2073182208,102809600,49561600,15695872,1905115136
1787071449685.522,2073182208,102809600,49561600,15695872,1905115136
1787071449691.798,2073182208,102809600,49561600,15695872,1905115136
1787071449698.075,2073182208,102809600,49561600,15695872,1905115136
1787071449704.352,2073182208,102809600,49561600,15695872,1905115136
1787071449710.629,2073182208,102809600,49561600,15695872,1905115136
1787071449716.907,2073182208,102809600,49561600,15695872,1905115136
1787071449723.182,2073182208,102809600,49561600,15695872,1905115136
1787071449728.646,2073182208,102809600,49561600,15695872,1905115136
1787071449734.341,2073182208,102809600,49561600,15695872,1905115136
1787071449740.618,2073182208,102809600,49561600,15695872,1905115136
1787071449746.894,2073182208,102809600,49561600,15695872,1905115136
1787071449753.168,2073182208,102809600,49561600,15695872,1905115136
1787071449759.338,2073182208,102809600,49561600,15695872,1905115136
1787071449765.616,2073182208,102809600,49561600,15695872,1905115136
1787071449771.893,2073182208,102809600,49561600,15695872,1905115136
1787071449778.168,2073182208,102809600,49561600,15695872,1905115136
1787071449784.442,2073182208,102809600,49561600,15695872,1905115136
1787071449790.721,2073182208,102809600,49561600,15695872,1905115136
1787071449796.892,2073182208,102809600,49561600,15695872,1905115136
1787071449803.165,2073182208,102809600,49561600,15695872,1905115136
1787071449809.337,2073182208,102809600,49561600,15695872,1905115136
1787071449815.614,2073182208,102809600,49561600,15695872,1905115136
1787071449821.893,2073182208,102809600,49561600,15695872,1905115136
1787071449828.167,2073182208,102809600,49561600,15695872,1905115136
1787071449834.336,2073182208,102809600,49561600,15695872,1905115136
1787071449840.238,2073182208,102809600,49561600,15695872,1905115136
1787071449845.564,2073182208,102809600,49561600,15695872,1905115136
1787071449851.839,2073182208,102809600,49561600,15695872,1905115136
1787071449858.114,2073182208,102809600,49561600,15695872,1905115136
1787071449864.389,2073182208,102809600,49561600,15695872,1905115136
1787071449870.668,2073182208,102809600,49561600,15695872,1905115136
1787071449876.949,2073182208,102809600,49561600,15695872,1905115136
1787071449882.712,2073182208,102809600,49561600,15695872,1905115136
1787071449888.986,2073182208,102809600,49561600,15695872,1905115136
1787071449895.253,2073182208,102809600,49561600,15695872,1905115136
1787071449901.541,2073182208,102809600,49561600,15695872,1905115136
1787071449907.733,2073182208,102809600,49561600,15695872,1905115136
1787071449913.559,2073182208,102809600,49561600,15695872,1905115136
1787071449919.832,2073182208,102809600,49561600,15695872,1905115136
1787071449926.001,2073182208,102809600,49561600,15695872,1905115136
1787071449932.281,2073182208,102809600,49561600,15695872,1905115136
1787071449938.560,2073182208,102809600,49561600,15695872,1905115136
1787071449944.278,2073182208,102809600,49561600,15695872,1905115136
1787071449950.557,2073182208,102809600,49561600,15695872,1905115136
1787071449956.835,2073182208,102809600,49561600,15695872,1905115136
1787071449963.110,2073182208,102809600,49561600,15695872,1905115136
1787071449969.396,2073182208,102809600,49561600,15695872,1905115136
1787071449975.671,2073182208,102809600,49561600,15695872,1905115136
1787071449981.946,2073182208,102809600,49561600,15695872,1905115136
1787071449988.222,2073182208,102809600,49561600,15695872,1905115136
1787071449994.503,2073182208,102809600,49561600,15695872,1905115136
1787071450000.778,2073182208,102809600,49561600,15695872,1905115136
1787071450007.053,2073182208,102809600,49561600,15695872,1905115136
1787071450013.338,2073182208,102809600,49561600,15695872,1905115136
1787071450019.627,2073182208,102809600,49561600,15695872,1905115136
1787071450025.630,2073182208,102809600,49561600,15695872,1905115136
1787071450031.920,2073182208,102809600,49561600,15695872,1905115136
1787071450037.859,2073182208,102809600,49561600,15695872,1905115136
1787071450043.976,2073182208,102809600,49561600,15695872,1905115136
1787071450050.257,2073182208,102809600,49561600,15695872,1905115136
1787071450055.940,2073182208,102809600,49561600,15695872,1905115136
1787071450062.216,2073182208,102809600,49561600,15695872,1905115136
1787071450068.492,2073182208,102809600,49561600,15695872,1905115136
1787071450074.771,2073182208,102809600,49561600,15695872,1905115136
1787071450081.046,2073182208,102809600,49561600,15695872,1905115136
1787071450087.321,2073182208,102809600,49561600,15695872,1905115136
1787071450093.605,2073182208,102809600,49561600,15695872,1905115136
1787071450099.550,2073182208,102809600,49561600,15695872,1905115136
1787071450105.832,2073182208,102809600,49561600,15695872,1905115136
1787071450112.127,2073182208,102809600,49561600,15695872,1905115136
1787071450117.674,2073182208,102809600,49561600,15695872,1905115136
1787071450123.955,2073182208,102809600,49561600,15695872,1905115136
1787071450130.103,2073182208,102809600,49561600,15695872,1905115136
1787071450136.381,2073182208,102809600,49561600,15695872,1905115136
1787071450142.657,2073182208,102809600,49561600,15695872,1905115136
1787071450148.935,2073182208,102809600,49561600,15695872,1905115136
1787071450155.211,2073182208,102809600,49561600,15695872,1905115136
1787071450161.490,2073182208,102809600,49561600,15695872,1905115136
1787071450167.764,2073182208,102809600,49561600,15695872,1905115136
1787071450174.029,2073182208,102809600,49561600,15695872,1905115136
1787071450180.358,2073182208,102809600,49561600,15695872,1905115136
1787071450186.625,2073182208,102809600,49561600,15695872,1905115136
1787071450192.895,2073182208,102809600,49561600,15695872,1905115136
1787071450199.161,2073182208,102809600,49561600,15695872,1905115136
1787071450205.431,2073182208,102809600,49561600,15695872,1905115136
1787071450211.361,2073182208,102809600,49561600,15695872,1905115136
1787071450217.329,2073182208,102809600,49561600,15695872,1905115136
1787071450223.606,2073182208,102809600,49561600,15695872,1905115136
1787071450229.889,2073182208,102809600,49561600,15695872,1905115136
1787071450236.164,2073182208,102809600,49561600,15695872,1905115136
1787071450242.462,2073182208,102809600,49561600,15695872,1905115136
1787071450248.746,2073182208,102809600,49561600,15695872,1905115136
1787071450255.031,2073182208,102809600,49561600,15695872,1905115136
1787071450261.312,2073182208,102809600,49561600,15695872,1905115136
1787071450267.324,2073182208,102809600,49561600,15695872,1905115136
1787071450273.605,2073182208,102809600,49561600,15695872,1905115136
1787071450279.887,2073182208,102809600,49561600,15695872,1905115136
1787071450286.179,2073182208,102809600,49561600,15695872,1905115136
1787071450292.457,2073182208,102809600,49561600,15695872,1905115136
1787071450298.734,2073182208,102809600,49561600,15695872,1905115136
1787071450305.010,2073182208,102809600,49561600,15695872,1905115136
1787071450310.318,2073182208,102809600,49561600,15695872,1905115136
1787071450316.608,2073182208,102809600,49561600,15695872,1905115136
1787071450322.265,2073182208,102809600,49561600,15695872,1905115136
1787071450328.544,2073182208,102809600,49561600,15695872,1905115136
1787071450334.819,2073182208,102809600,49561600,15695872,1905115136
1787071450341.097,2073182208,102809600,49561600,15695872,1905115136
1787071450347.374,2073182208,102809600,49561600,15695872,1905115136
1787071450353.655,2073182208,102809600,49561600,15695872,1905115136
1787071450359.331,2073182208,102809600,49561600,15695872,1905115136
1787071450365.625,2073182208,102809600,49561600,15695872,1905115136
1787071450371.896,2073182208,102809600,49561600,15695872,1905115136
1787071450378.171,2073182208,102809600,49561600,15695872,1905115136
1787071450384.328,2073182208,102809600,49561600,15695872,1905115136
1787071450390.609,2073182208,102809600,49561600,15695872,1905115136
1787071450396.881,2073182208,102809600,49561600,15695872,1905115136
1787071450403.155,2073182208,102809600,49561600,15695872,1905115136
1787071450409.351,2073182208,102809600,49561600,15695872,1905115136
1787071450415.624,2073182208,102809600,49561600,15695872,1905115136
1787071450420.825,2073182208,102809600,49561600,15695872,1905115136
1787071450427.106,2073182208,102809600,49561600,15695872,1905115136
1787071450433.383,2073182208,102809600,49561600,15695872,1905115136
1787071450438.550,2073182208,102809600,49561600,15695872,1905115136
1787071450444.824,2073182208,102809600,49561600,15695872,1905115136
1787071450450.996,2073182208,102809600,49561600,15695872,1905115136
1787071450457.274,2073182208,102809600,49561600,15695872,1905115136
1787071450463.550,2073182208,102809600,49561600,15695872,1905115136
1787071450469.817,2073182208,102809600,49561600,15695872,1905115136
1787071450476.088,2073182208,102809600,49561600,15695872,1905115136
1787071450482.356,2073182208,102809600,49561600,15695872,1905115136
1787071450488.627,2073182208,102809600,49561600,15695872,1905115136
1787071450494.900,2073182208,102809600,49561600,15695872,1905115136
1787071450501.171,2073182208,102809600,49561600,15695872,1905115136
1787071450507.438,2073182208,102809600,49561600,15695872,1905115136
1787071450513.709,2073182208,102809600,49561600,15695872,1905115136
1787071450519.976,2073182208,102809600,49561600,15695872,1905115136
1787071450526.250,2073182208,102809600,49561600,15695872,1905115136
1787071450532.517,2073182208,102809600,49561600,15695872,1905115136
1787071450538.782,2073182208,102809600,49561600,15695872,1905115136
1787071450545.050,2073182208,102809600,49561600,15695872,1905115136
1787071450550.875,2073182208,102809600,49561600,15695872,1905115136
1787071450557.152,2073182208,102809600,49561600,15695872,1905115136
1787071450563.433,2073182208,102809600,49561600,15695872,1905115136
1787071450569.710,2073182208,102809600,49561600,15695872,1905115136
1787071450575.991,2073182208,102809600,49561600,15695872,1905115136
1787071450582.269,2073182208,102809600,49561600,15695872,1905115136
1787071450588.543,2073182208,102809600,49561600,15695872,1905115136
1787071450594.828,2073182208,102809600,49561600,15695872,1905115136
1787071450600.997,2073182208,102809600,49561600,15695872,1905115136
1787071450607.274,2073182208,102809600,49561600,15695872,1905115136
1787071450613.549,2073182208,102809600,49561600,15695872,1905115136
1787071450619.819,2073182208,102809600,49561600,15695872,1905115136
1787071450625.910,2073182208,102809600,49561600,15695872,1905115136
1787071450632.184,2073182208,102809600,49561600,15695872,1905115136
1787071450638.459,2073182208,102809600,49561600,15695872,1905115136
1787071450644.740,2073182208,102809600,49561600,15695872,1905115136
1787071450651.015,2073182208,102809600,49561600,15695872,1905115136
1787071450657.289,2073182208,102809600,49561600,15695872,1905115136
1787071450663.365,2073182208,102809600,49561600,15695872,1905115136
1787071450669.640,2073182208,102809600,49561600,15695872,1905115136
1787071450674.873,2073182208,102809600,49561600,15695872,1905115136
1787071450681.147,2073182208,102809600,49561600,15695872,1905115136
1787071450687.420,2073182208,102809600,49561600,15695872,1905115136
1787071450693.693,2073182208,102809600,49561600,15695872,1905115136
1787071450699.968,2073182208,102809600,49561600,15695872,1905115136
1787071450706.242,2073182208,102809600,49561600,15695872,1905115136
1787071450712.017,2073182208,102809600,49561600,15695872,1905115136
1787071450718.294,2073182208,102809600,49561600,15695872,1905115136
1787071450724.567,2073182208,102809600,49561600,15695872,1905115136
1787071450730.842,2073182208,102809600,49561600,15695872,1905115136
1787071450737.116,2073182208,102809600,49561600,15695872,1905115136
1787071450743.397,2073182208,102809600,49561600,15695872,1905115136
1787071450749.673,2073182208,102809600,49561600,15695872,1905115136
1787071450755.223,2073182208,102809600,49561600,15695872,1905115136
1787071450761.498,2073182208,102809600,49561600,15695872,1905115136
1787071450767.659,2073182208,102809600,49561600,15695872,1905115136
1787071450773.933,2073182208,102809600,49561600,15695872,1905115136
1787071450780.208,2073182208,102809600,49561600,15695872,1905115136
1787071450786.485,2073182208,102809600,49561600,15695872,1905115136
1787071450792.759,2073182208,102809600,49561600,15695872,1905115136
1787071450799.033,2073182208,102809600,49561600,15695872,1905115136
1787071450805.308,2073182208,102809600,49561600,15695872,1905115136
1787071450811.581,2073182208,102809600,49561600,15695872,1905115136
1787071450817.855,2073182208,102809600,49561600,15695872,1905115136
1787071450824.128,2073182208,102809600,49561600,15695872,1905115136
1787071450830.406,2073182208,102809600,49561600,15695872,1905115136
1787071450836.699,2073182208,102809600,49561600,15695872,1905115136
1787071450842.974,2073182208,102809600,49561600,15695872,1905115136
1787071450849.261,2073182208,102809600,49561600,15695872,1905115136
1787071450855.535,2073182208,102809600,49561600,15695872,1905115136
1787071450861.809,2073182208,102809600,49561600,15695872,1905115136
1787071450868.083,2073182208,102809600,49561600,15695872,1905115136
1787071450873.762,2073182208,102809600,49561600,15695872,1905115136
1787071450880.027,2073182208,102809600,49561600,15695872,1905115136
1787071450886.310,2073182208,102809600,49561600,15695872,1905115136
1787071450892.584,2073182208,102809600,49561600,15695872,1905115136
1787071450898.871,2073182208,102809600,49561600,15695872,1905115136
1787071450905.147,2073182208,102809600,49561600,15695872,1905115136
1787071450911.425,2073182208,102809600,49561600,15695872,1905115136
1787071450917.700,2073182208,102809600,49561600,15695872,1905115136
1787071450924.039,2073182208,102809600,49561600,15695872,1905115136
1787071450930.224,2073182208,102809600,49561600,15695872,1905115136
1787071450936.499,2073182208,102809600,49561600,15695872,1905115136
1787071450942.666,2073182208,102809600,49561600,15695872,1905115136
1787071450948.941,2073182208,102809600,49561600,15695872,1905115136
1787071450955.222,2073182208,102809600,49561600,15695872,1905115136
1787071450961.509,2073182208,102809600,49561600,15695872,1905115136
1787071450967.788,2073182208,102809600,49561600,15695872,1905115136
1787071450973.179,2073182208,102809600,49561600,15695872,1905115136
1787071450979.454,2073182208,102809600,49561600,15695872,1905115136
1787071450985.734,2073149440,102809600,49561600,15695872,1905082368
1787071450992.010,2073116672,102809600,49561600,15695872,1905049600
1787071450998.285,2073116672,102809600,49561600,15695872,1905049600
1787071451004.560,2073116672,102809600,49561600,15695872,1905049600
1787071451010.833,2073116672,102809600,49561600,15695872,1905049600
1787071451017.111,2073116672,102809600,49561600,15695872,1905049600
1787071451023.384,2073116672,102809600,49561600,15695872,1905049600
1787071451029.660,2073116672,102809600,49561600,15695872,1905049600
1787071451035.269,2073116672,102809600,49561600,15695872,1905049600
1787071451041.553,2073116672,102809600,49561600,15695872,1905049600
1787071451047.828,2073116672,102809600,49561600,15695872,1905049600
1787071451054.099,2073116672,102809600,49561600,15695872,1905049600
1787071451060.385,2073116672,102809600,49561600,15695872,1905049600
1787071451065.896,2073116672,102809600,49561600,15695872,1905049600
1787071451072.175,2073116672,102809600,49561600,15695872,1905049600
1787071451078.462,2073116672,102809600,49561600,15695872,1905049600
1787071451084.745,2073116672,102809600,49561600,15695872,1905049600
1787071451091.031,2073116672,102809600,49561600,15695872,1905049600
1787071451097.310,2073116672,102809600,49561600,15695872,1905049600
1787071451103.588,2073116672,102809600,49561600,15695872,1905049600
1787071451109.872,2073116672,102809600,49561600,15695872,1905049600
1787071451116.154,2073116672,102809600,49561600,15695872,1905049600
1787071451121.885,2073116672,102809600,49561600,15695872,1905049600
1787071451127.198,2073116672,102809600,49561600,15695872,1905049600
1787071451133.479,2073116672,102809600,49561600,15695872,1905049600
1787071451139.761,2073116672,102809600,49561600,15695872,1905049600
1787071451146.037,2073116672,102809600,49561600,15695872,1905049600
1787071451152.312,2073116672,102809600,49561600,15695872,1905049600
1787071451158.587,2073116672,102809600,49561600,15695872,1905049600
1787071451163.917,2073116672,102809600,49561600,15695872,1905049600
1787071451169.808,2073116672,102809600,49561600,15695872,1905049600
1787071451176.083,2073116672,102809600,49561600,15695872,1905049600
1787071451182.361,2073116672,102809600,49561600,15695872,1905049600
1787071451188.634,2073116672,102809600,49561600,15695872,1905049600
1787071451194.914,2073116672,102809600,49561600,15695872,1905049600
1787071451200.987,2073116672,102809600,49561600,15695872,1905049600
1787071451207.264,2073116672,102809600,49561600,15695872,1905049600
1787071451213.542,2073116672,102809600,49561600,15695872,1905049600
1787071451219.818,2073116672,102809600,49561600,15695872,1905049600
1787071451225.692,2073116672,102809600,49561600,15695872,1905049600
1787071451231.009,2073116672,102809600,49561600,15695872,1905049600
1787071451236.717,2073116672,102809600,49561600,15695872,1905049600
1787071451242.644,2073116672,102809600,49561600,15695872,1905049600
1787071451248.930,2073116672,102809600,49561600,15695872,1905049600
1787071451255.197,2073116672,102809600,49561600,15695872,1905049600
1787071451261.469,2073116672,102809600,49561600,15695872,1905049600
1787071451267.732,2073116672,102809600,49561600,15695872,1905049600
1787071451273.996,2073116672,102809600,49561600,15695872,1905049600
1787071451280.260,2073116672,102809600,49561600,15695872,1905049600
1787071451286.521,2073116672,102809600,49561600,15695872,1905049600
1787071451292.781,2073116672,102809600,49561600,15695872,1905049600
1787071451299.050,2073116672,102809600,49561600,15695872,1905049600
1787071451305.309,2073116672,102809600,49561600,15695872,1905049600
1787071451311.572,2073116672,102809600,49561600,15695872,1905049600
1787071451317.832,2073116672,102809600,49561600,15695872,1905049600
1787071451324.091,2073116672,102809600,49561600,15695872,1905049600
1787071451330.350,2073116672,102809600,49561600,15695872,1905049600
1787071451336.605,2073116672,102809600,49561600,15695872,1905049600
1787071451342.866,2073116672,102809600,49561600,15695872,1905049600
1787071451349.121,2073116672,102809600,49561600,15695872,1905049600
1787071451355.386,2073116672,102809600,49561600,15695872,1905049600
1787071451361.662,2073116672,102809600,49561600,15695872,1905049600
1787071451367.133,2073116672,102809600,49561600,15695872,1905049600
1787071451373.403,2073116672,102809600,49561600,15695872,1905049600
1787071451379.680,2073116672,102809600,49561600,15695872,1905049600
1787071451385.955,2073116672,102809600,49561600,15695872,1905049600
1787071451392.233,2073116672,102809600,49561600,15695872,1905049600
1787071451398.505,2073116672,102809600,49561600,15695872,1905049600
1787071451404.781,2073116672,102809600,49561600,15695872,1905049600
1787071451411.055,2073116672,102809600,49561600,15695872,1905049600
1787071451417.330,2073116672,102809600,49561600,15695872,1905049600
1787071451423.602,2073116672,102809600,49561600,15695872,1905049600
1787071451429.877,2073116672,102809600,49561600,15695872,1905049600
1787071451436.141,2073116672,102809600,49561600,15695872,1905049600
1787071451442.406,2073116672,102809600,49561600,15695872,1905049600
1787071451448.677,2073116672,102809600,49561600,15695872,1905049600
1787071451454.947,2073116672,102809600,49561600,15695872,1905049600
1787071451461.221,2073116672,102809600,49561600,15695872,1905049600
1787071451467.498,2073116672,102809600,49561600,15695872,1905049600
1787071451473.774,2073116672,102809600,49561600,15695872,1905049600
1787071451480.042,2073116672,102809600,49561600,15695872,1905049600
1787071451486.315,2073116672,102809600,49561600,15695872,1905049600
1787071451492.587,2073116672,102809600,49561600,15695872,1905049600
1787071451498.859,2073116672,102809600,49561600,15695872,1905049600
1787071451505.128,2073116672,102809600,49561600,15695872,1905049600
1787071451511.413,2073116672,102809600,49561600,15695872,1905049600
1787071451517.713,2073116672,102809600,49561600,15695872,1905049600
1787071451523.994,2073116672,102809600,49561600,15695872,1905049600
1787071451530.273,2073116672,102809600,49561600,15695872,1905049600
1787071451536.232,2073116672,102809600,49561600,15695872,1905049600
1787071451542.506,2073116672,102809600,49561600,15695872,1905049600
1787071451548.785,2073116672,102809600,49561600,15695872,1905049600
1787071451554.325,2073116672,102809600,49561600,15695872,1905049600
1787071451560.604,2073116672,102809600,49561600,15695872,1905049600
1787071451566.888,2073116672,102809600,49561600,15695872,1905049600
1787071451573.185,2073116672,102809600,49561600,15695872,1905049600
1787071451579.476,2073116672,102809600,49561600,15695872,1905049600
1787071451585.753,2073116672,102809600,49561600,15695872,1905049600
1787071451592.030,2073116672,102809600,49561600,15695872,1905049600
1787071451598.312,2073116672,102809600,49561600,15695872,1905049600
1787071451604.591,2073116672,102809600,49561600,15695872,1905049600
1787071451610.867,2073116672,102809600,49561600,15695872,1905049600
1787071451617.146,2073116672,102809600,49561600,15695872,1905049600
1787071451623.420,2073116672,102809600,49561600,15695872,1905049600
1787071451629.695,2073116672,102809600,49561600,15695872,1905049600
1787071451635.971,2073116672,102809600,49561600,15695872,1905049600
1787071451642.244,2073116672,102809600,49561600,15695872,1905049600
1787071451648.525,2073116672,102809600,49561600,15695872,1905049600
1787071451654.800,2073116672,102809600,49561600,15695872,1905049600
1787071451661.085,2073116672,102809600,49561600,15695872,1905049600
1787071451667.364,2073116672,102809600,49561600,15695872,1905049600
1787071451673.748,2073116672,102809600,49561600,15695872,1905049600
1787071451680.023,2073116672,102809600,49561600,15695872,1905049600
1787071451686.304,2073116672,102809600,49561600,15695872,1905049600
1787071451692.579,2073116672,102809600,49561600,15695872,1905049600
1787071451698.852,2073116672,102809600,49561600,15695872,1905049600
1787071451705.130,2073116672,102809600,49561600,15695872,1905049600
1787071451711.409,2073116672,102809600,49561600,15695872,1905049600
1787071451717.683,2073116672,102809600,49561600,15695872,1905049600
1787071451723.958,2073116672,102809600,49561600,15695872,1905049600
1787071451730.235,2073116672,102809600,49561600,15695872,1905049600
1787071451736.514,2073116672,102809600,49561600,15695872,1905049600
1787071451742.646,2073116672,102809600,49561600,15695872,1905049600
1787071451748.933,2073116672,102809600,49561600,15695872,1905049600
1787071451755.216,2073116672,102809600,49561600,15695872,1905049600
1787071451761.498,2073116672,102809600,49561600,15695872,1905049600
1787071451767.648,2073116672,102809600,49561600,15695872,1905049600
1787071451773.924,2073116672,102809600,49561600,15695872,1905049600
1787071451780.202,2073116672,102809600,49561600,15695872,1905049600
1787071451786.484,2073116672,102809600,49561600,15695872,1905049600
1787071451792.757,2073116672,102809600,49561600,15695872,1905049600
1787071451799.030,2073116672,102809600,49561600,15695872,1905049600
1787071451804.710,2073116672,102809600,49561600,15695872,1905049600
1787071451810.972,2073116672,102809600,49561600,15695872,1905049600
1787071451817.244,2073116672,102809600,49561600,15695872,1905049600
1787071451823.523,2073116672,102809600,49561600,15695872,1905049600
1787071451829.794,2073116672,102809600,49561600,15695872,1905049600
1787071451836.074,2073116672,102809600,49561600,15695872,1905049600
1787071451841.833,2073116672,102809600,49561600,15695872,1905049600
1787071451848.114,2073116672,102809600,49561600,15695872,1905049600
1787071451854.386,2073116672,102809600,49561600,15695872,1905049600
1787071451860.660,2073116672,102809600,49561600,15695872,1905049600
1787071451866.939,2073116672,102809600,49561600,15695872,1905049600
1787071451872.770,2073116672,102809600,49561600,15695872,1905049600
1787071451879.060,2073116672,102809600,49561600,15695872,1905049600
1787071451884.311,2073116672,102809600,49561600,15695872,1905049600
1787071451890.097,2073116672,102809600,49561600,15695872,1905049600
1787071451896.381,2073116672,102809600,49561600,15695872,1905049600
1787071451901.996,2073116672,102809600,49561600,15695872,1905049600
1787071451908.065,2073116672,102809600,49561600,15695872,1905049600
1787071451914.344,2073116672,102809600,49561600,15695872,1905049600
1787071451920.630,2073116672,102809600,49561600,15695872,1905049600
1787071451925.983,2073116672,102809600,49561600,15695872,1905049600
1787071451932.259,2073116672,102809600,49561600,15695872,1905049600
1787071451938.479,2073116672,102809600,49561600,15695872,1905049600
1787071451944.755,2073116672,102809600,49561600,15695872,1905049600
1787071451951.039,2073116672,102809600,49561600,15695872,1905049600
1787071451956.648,2073116672,102809600,49561600,15695872,1905049600
1787071451962.401,2073116672,102809600,49561600,15695872,1905049600
1787071451968.677,2073116672,102809600,49561600,15695872,1905049600
1787071451974.963,2073116672,102809600,49561600,15695872,1905049600
1787071451981.237,2073116672,102809600,49561600,15695872,1905049600
1787071451987.525,2073116672,102809600,49561600,15695872,1905049600
1787071451993.800,2073116672,102809600,49561600,15695872,1905049600
1787071451999.716,2073116672,102809600,49561600,15695872,1905049600
1787071452004.908,2073116672,102809600,49561600,15695872,1905049600
1787071452011.187,2073116672,102809600,49561600,15695872,1905049600
1787071452016.676,2073116672,102809600,49561600,15695872,1905049600
1787071452022.953,2073116672,102809600,49561600,15695872,1905049600
1787071452028.665,2073116672,102809600,49561600,15695872,1905049600
1787071452034.943,2073116672,102809600,49561600,15695872,1905049600
1787071452041.262,2073116672,102809600,49561600,15695872,1905049600
1787071452047.242,2073116672,102809600,49561600,15695872,1905049600
1787071452053.517,2073116672,102809600,49561600,15695872,1905049600
1787071452059.793,2073116672,102809600,49561600,15695872,1905049600
1787071452066.070,2073116672,102809600,49561600,15695872,1905049600
1787071452072.353,2073116672,102809600,49561600,15695872,1905049600
1787071452078.633,2073116672,102809600,49561600,15695872,1905049600
1787071452084.311,2073116672,102809600,49561600,15695872,1905049600
1787071452090.591,2073116672,102809600,49561600,15695872,1905049600
1787071452096.875,2073116672,102809600,49561600,15695872,1905049600
1787071452103.158,2073116672,102809600,49561600,15695872,1905049600
1787071452109.438,2073116672,102809600,49561600,15695872,1905049600
1787071452114.971,2073116672,102809600,49561600,15695872,1905049600
1787071452121.245,2073116672,102809600,49561600,15695872,1905049600
1787071452127.524,2073116672,102809600,49561600,15695872,1905049600
1787071452133.801,2073116672,102809600,49561600,15695872,1905049600
1787071452140.081,2073116672,102809600,49561600,15695872,1905049600
1787071452146.356,2073116672,102809600,49561600,15695872,1905049600
1787071452152.640,2073116672,102809600,49561600,15695872,1905049600
1787071452157.875,2073116672,102809600,49561600,15695872,1905049600
1787071452164.149,2073116672,102809600,49561600,15695872,1905049600
1787071452170.422,2073116672,102809600,49561600,15695872,1905049600
1787071452176.705,2073116672,102809600,49561600,15695872,1905049600
1787071452182.984,2073116672,102809600,49561600,15695872,1905049600
1787071452189.262,2073116672,102809600,49561600,15695872,1905049600
1787071452195.542,2073116672,102809600,49561600,15695872,1905049600
1787071452201.824,2073116672,102809600,49561600,15695872,1905049600
1787071452208.097,2073116672,102809600,49561600,15695872,1905049600
1787071452214.372,2073116672,102809600,49561600,15695872,1905049600
1787071452220.650,2073116672,102809600,49561600,15695872,1905049600
1787071452226.928,2073116672,102809600,49561600,15695872,1905049600
1787071452233.203,2073116672,102809600,49561600,15695872,1905049600
1787071452238.566,2073116672,102809600,49561600,15695872,1905049600
1787071452244.843,2073116672,102809600,49561600,15695872,1905049600
1787071452251.118,2073116672,102809600,49561600,15695872,1905049600
1787071452257.392,2073116672,102809600,49561600,15695872,1905049600
1787071452263.668,2073116672,102809600,49561600,15695872,1905049600
1787071452269.462,2073116672,102809600,49561600,15695872,1905049600
1787071452275.738,2073116672,102809600,49561600,15695872,1905049600
1787071452281.848,2073116672,102809600,49561600,15695872,1905049600
1787071452288.135,2073116672,102809600,49561600,15695872,1905049600
1787071452293.726,2073116672,102809600,49561600,15695872,1905049600
1787071452300.002,2073116672,102809600,49561600,15695872,1905049600
1787071452305.665,2073116672,102809600,49561600,15695872,1905049600
1787071452311.673,2073116672,102809600,49561600,15695872,1905049600
1787071452317.954,2073116672,102809600,49561600,15695872,1905049600
1787071452324.233,2073116672,102809600,49561600,15695872,1905049600
1787071452330.509,2073116672,102809600,49561600,15695872,1905049600
1787071452336.788,2073116672,102809600,49561600,15695872,1905049600
1787071452342.640,2073116672,102809600,49561600,15695872,1905049600
1787071452348.007,2073116672,102809600,49561600,15695872,1905049600
1787071452354.286,2073116672,102809600,49561600,15695872,1905049600
1787071452360.568,2073116672,102809600,49561600,15695872,1905049600
1787071452366.845,2073116672,102809600,49561600,15695872,1905049600
1787071452373.122,2073116672,102809600,49561600,15695872,1905049600
1787071452379.412,2073116672,102809600,49561600,15695872,1905049600
1787071452385.690,2073116672,102809600,49561600,15695872,1905049600
1787071452391.977,2073116672,102809600,49561600,15695872,1905049600
1787071452398.250,2073116672,102809600,49561600,15695872,1905049600
1787071452404.529,2073116672,102809600,49561600,15695872,1905049600
1787071452410.850,2073116672,102809600,49561600,15695872,1905049600
1787071452416.693,2073116672,102809600,49561600,15695872,1905049600
1787071452421.810,2073116672,102809600,49561600,15695872,1905049600
1787071452428.088,2073116672,102809600,49561600,15695872,1905049600
1787071452433.452,2073116672,102809600,49561600,15695872,1905049600
1787071452438.489,2073116672,102809600,49561600,15695872,1905049600
1787071452444.764,2073116672,102809600,49561600,15695872,1905049600
1787071452451.040,2073116672,102809600,49561600,15695872,1905049600
1787071452457.313,2073116672,102809600,49561600,15695872,1905049600
1787071452463.587,2073116672,102809600,49561600,15695872,1905049600
1787071452469.862,2073116672,102809600,49561600,15695872,1905049600
1787071452476.142,2073116672,102809600,49561600,15695872,1905049600
1787071452482.424,2073116672,102809600,49561600,15695872,1905049600
1787071452488.705,2073116672,102809600,49561600,15695872,1905049600
1787071452494.982,2073116672,102809600,49561600,15695872,1905049600
1787071452501.257,2073116672,102809600,49561600,15695872,1905049600
1787071452507.532,2073116672,102809600,49561600,15695872,1905049600
1787071452513.802,2073116672,102809600,49561600,15695872,1905049600
1787071452520.065,2073116672,102809600,49561600,15695872,1905049600
1787071452525.974,2073116672,102809600,49561600,15695872,1905049600
1787071452532.248,2073116672,102809600,49561600,15695872,1905049600
1787071452538.524,2073116672,102809600,49561600,15695872,1905049600
1787071452544.799,2073116672,102809600,49561600,15695872,1905049600
1787071452550.978,2073116672,102809600,49561600,15695872,1905049600
1787071452557.254,2073116672,102809600,49561600,15695872,1905049600
1787071452563.363,2073116672,102809600,49561600,15695872,1905049600
1787071452569.640,2073116672,102809600,49561600,15695872,1905049600
1787071452575.917,2073116672,102809600,49561600,15695872,1905049600
1787071452582.193,2073116672,102809600,49561600,15695872,1905049600
1787071452587.562,2073116672,102809600,49561600,15695872,1905049600
1787071452593.841,2073116672,102809600,49561600,15695872,1905049600
1787071452600.119,2073116672,102809600,49561600,15695872,1905049600
1787071452606.402,2073116672,102809600,49561600,15695872,1905049600
1787071452612.688,2073116672,102809600,49561600,15695872,1905049600
1787071452618.967,2073116672,102809600,49561600,15695872,1905049600
1787071452625.242,2073116672,102809600,49561600,15695872,1905049600
1787071452630.575,2073116672,102809600,49561600,15695872,1905049600
1787071452636.852,2073116672,102809600,49561600,15695872,1905049600
1787071452643.129,2073116672,102809600,49561600,15695872,1905049600
1787071452649.404,2073116672,102809600,49561600,15695872,1905049600
1787071452655.680,2073116672,102809600,49561600,15695872,1905049600
1787071452661.953,2073116672,102809600,49561600,15695872,1905049600
1787071452667.637,2073116672,102809600,49561600,15695872,1905049600
1787071452673.913,2073116672,102809600,49561600,15695872,1905049600
1787071452680.186,2073116672,102809600,49561600,15695872,1905049600
1787071452686.287,2073116672,102809600,49561600,15695872,1905049600
1787071452692.567,2073116672,102809600,49561600,15695872,1905049600
1787071452698.843,2073116672,102809600,49561600,15695872,1905049600
1787071452704.600,2073116672,102809600,49561600,15695872,1905049600
1787071452710.878,2073116672,102809600,49561600,15695872,1905049600
1787071452717.154,2073116672,102809600,49561600,15695872,1905049600
1787071452723.254,2073116672,102809600,49561600,15695872,1905049600
1787071452729.541,2073116672,102809600,49561600,15695872,1905049600
1787071452735.818,2073116672,102809600,49561600,15695872,1905049600
1787071452740.883,2073116672,102809600,49561600,15695872,1905049600
1787071452746.825,2073116672,102809600,49561600,15695872,1905049600
1787071452753.109,2073116672,102809600,49561600,15695872,1905049600
1787071452759.385,2073116672,102809600,49561600,15695872,1905049600
1787071452765.661,2073116672,102809600,49561600,15695872,1905049600
1787071452771.938,2073116672,102809600,49561600,15695872,1905049600
1787071452778.213,2073116672,102809600,49561600,15695872,1905049600
1787071452784.549,2073116672,102809600,49561600,15695872,1905049600
1787071452790.825,2073116672,102809600,49561600,15695872,1905049600
1787071452797.102,2073116672,102809600,49561600,15695872,1905049600
1787071452803.376,2073116672,102809600,49561600,15695872,1905049600
1787071452809.651,2073116672,102809600,49561600,15695872,1905049600
1787071452815.928,2073116672,102809600,49561600,15695872,1905049600
1787071452822.203,2073116672,102809600,49561600,15695872,1905049600
1787071452828.476,2073116672,102809600,49561600,15695872,1905049600
1787071452834.751,2073116672,102809600,49561600,15695872,1905049600
1787071452841.028,2073116672,102809600,49561600,15695872,1905049600
1787071452847.304,2073116672,102809600,49561600,15695872,1905049600
1787071452853.579,2073116672,102809600,49561600,15695872,1905049600
1787071452859.857,2073116672,102809600,49561600,15695872,1905049600
1787071452866.131,2073116672,102809600,49561600,15695872,1905049600
1787071452872.407,2073116672,102809600,49561600,15695872,1905049600
1787071452878.683,2073116672,102809600,49561600,15695872,1905049600
1787071452884.958,2073116672,102809600,49561600,15695872,1905049600
1787071452891.232,2073116672,102809600,49561600,15695872,1905049600
1787071452897.508,2073116672,102809600,49561600,15695872,1905049600
1787071452903.782,2073116672,102809600,49561600,15695872,1905049600
1787071452910.062,2073116672,102809600,49561600,15695872,1905049600
1787071452916.336,2073116672,102809600,49561600,15695872,1905049600
1787071452922.612,2073116672,102809600,49561600,15695872,1905049600
1787071452928.886,2073116672,102809600,49561600,15695872,1905049600
1787071452935.163,2073116672,102809600,49561600,15695872,1905049600
1787071452941.438,2073116672,102809600,49561600,15695872,1905049600
1787071452947.711,2073116672,102809600,49561600,15695872,1905049600
1787071452953.986,2073116672,102809600,49561600,15695872,1905049600
1787071452960.261,2073116672,102809600,49561600,15695872,1905049600
1787071452966.536,2073116672,102809600,49561600,15695872,1905049600
1787071452972.812,2073116672,102809600,49561600,15695872,1905049600
1787071452979.085,2073116672,102809600,49561600,15695872,1905049600
1787071452985.361,2073116672,102809600,49561600,15695872,1905049600
1787071452991.638,2073116672,102809600,49561600,15695872,1905049600
1787071452997.914,2073116672,102809600,49561600,15695872,1905049600
1787071453004.189,2073116672,102809600,49561600,15695872,1905049600
1787071453010.467,2073116672,102809600,49561600,15695872,1905049600
1787071453016.744,2073116672,102809600,49561600,15695872,1905049600
1787071453023.021,2073116672,102809600,49561600,15695872,1905049600
1787071453029.302,2073116672,102809600,49561600,15695872,1905049600
1787071453035.579,2073116672,102809600,49561600,15695872,1905049600
1787071453041.853,2073116672,102809600,49561600,15695872,1905049600
1787071453048.128,2073116672,102809600,49561600,15695872,1905049600
1787071453054.404,2073116672,102809600,49561600,15695872,1905049600
1787071453060.410,2073116672,102809600,49561600,15695872,1905049600
1787071453066.697,2073116672,102809600,49561600,15695872,1905049600
1787071453072.977,2073116672,102809600,49561600,15695872,1905049600
1787071453079.251,2073116672,102809600,49561600,15695872,1905049600
1787071453085.524,2073116672,102809600,49561600,15695872,1905049600
1787071453091.797,2073116672,102809600,49561600,15695872,1905049600
1787071453098.080,2073116672,102809600,49561600,15695872,1905049600
1787071453104.368,2073116672,102809600,49561600,15695872,1905049600
1787071453110.133,2073116672,102809600,49561600,15695872,1905049600
1787071453116.407,2073116672,102809600,49561600,15695872,1905049600
1787071453122.688,2073116672,102809600,49561600,15695872,1905049600
1787071453128.968,2073116672,102809600,49561600,15695872,1905049600
1787071453134.300,2073116672,102809600,49561600,15695872,1905049600
1787071453140.580,2073116672,102809600,49561600,15695872,1905049600
1787071453146.175,2073116672,102809600,49561600,15695872,1905049600
1787071453152.450,2073116672,102809600,49561600,15695872,1905049600
1787071453158.803,2073116672,102809600,49561600,15695872,1905049600
1787071453165.082,2073116672,102809600,49561600,15695872,1905049600
1787071453171.374,2073116672,102809600,49561600,15695872,1905049600
1787071453177.657,2073116672,102809600,49561600,15695872,1905049600
1787071453183.934,2073116672,102809600,49561600,15695872,1905049600
1787071453190.212,2073116672,102809600,49561600,15695872,1905049600
1787071453195.566,2073116672,102809600,49561600,15695872,1905049600
1787071453200.974,2073116672,102809600,49561600,15695872,1905049600
1787071453206.231,2073116672,102809600,49561600,15695872,1905049600
1787071453212.515,2073116672,102809600,49561600,15695872,1905049600
1787071453217.634,2073116672,102809600,49561600,15695872,1905049600
1787071453223.916,2073116672,102809600,49561600,15695872,1905049600
1787071453230.205,2073116672,102809600,49561600,15695872,1905049600
1787071453235.239,2073116672,102809600,49561600,15695872,1905049600
1787071453241.517,2073116672,102809600,49561600,15695872,1905049600
1787071453247.787,2073116672,102809600,49561600,15695872,1905049600
1787071453254.062,2073116672,102809600,49561600,15695872,1905049600
1787071453259.305,2073116672,102809600,49561600,15695872,1905049600
1787071453264.961,2073116672,102809600,49561600,15695872,1905049600
1787071453271.241,2073116672,102809600,49561600,15695872,1905049600
1787071453277.521,2073116672,102809600,49561600,15695872,1905049600
1787071453283.806,2073116672,102809600,49561600,15695872,1905049600
1787071453290.079,2073116672,102809600,49561600,15695872,1905049600
1787071453296.354,2073116672,102809600,49561600,15695872,1905049600
1787071453302.629,2073116672,102809600,49561600,15695872,1905049600
1787071453308.923,2073116672,102809600,49561600,15695872,1905049600
1787071453314.960,2073116672,102809600,49561600,15695872,1905049600
1787071453321.251,2073116672,102809600,49561600,15695872,1905049600
1787071453327.528,2073116672,102809600,49561600,15695872,1905049600
1787071453333.809,2073116672,102809600,49561600,15695872,1905049600
1787071453338.966,2073116672,102809600,49561600,15695872,1905049600
1787071453345.241,2073116672,102809600,49561600,15695872,1905049600
1787071453351.517,2073116672,102809600,49561600,15695872,1905049600
1787071453357.811,2073116672,102809600,49561600,15695872,1905049600
1787071453364.088,2073116672,102809600,49561600,15695872,1905049600
1787071453370.381,2073116672,102809600,49561600,15695872,1905049600
1787071453375.971,2073116672,102809600,49561600,15695872,1905049600
1787071453382.252,2073100288,102809600,49545216,15695872,1905049600
1787071453388.584,2073100288,102809600,49545216,15695872,1905049600
1787071453394.869,2073100288,102809600,49545216,15695872,1905049600
1787071453401.147,2073100288,102809600,49545216,15695872,1905049600
1787071453407.422,2073100288,102809600,49545216,15695872,1905049600
1787071453413.698,2073100288,102809600,49545216,15695872,1905049600
1787071453419.986,2073100288,102809600,49545216,15695872,1905049600
1787071453425.861,2073100288,102809600,49545216,15695872,1905049600
1787071453432.138,2073100288,102809600,49545216,15695872,1905049600
1787071453438.413,2073100288,102809600,49545216,15695872,1905049600
1787071453444.692,2073100288,102809600,49545216,15695872,1905049600
1787071453450.968,2073100288,102809600,49545216,15695872,1905049600
1787071453456.629,2073100288,102809600,49545216,15695872,1905049600
1787071453462.902,2073100288,102809600,49545216,15695872,1905049600
1787071453469.177,2073100288,102809600,49545216,15695872,1905049600
1787071453475.462,2073100288,102809600,49545216,15695872,1905049600
1787071453481.739,2073100288,102809600,49545216,15695872,1905049600
1787071453488.013,2073100288,102809600,49545216,15695872,1905049600
1787071453494.297,2073100288,102809600,49545216,15695872,1905049600
1787071453500.573,2073100288,102809600,49545216,15695872,1905049600
1787071453506.850,2073100288,102809600,49545216,15695872,1905049600
1787071453513.130,2073100288,102809600,49545216,15695872,1905049600
1787071453518.546,2073100288,102809600,49545216,15695872,1905049600
1787071453524.881,2073100288,102809600,49545216,15695872,1905049600
1787071453530.567,2073100288,102809600,49545216,15695872,1905049600
1787071453536.844,2073100288,102809600,49545216,15695872,1905049600
1787071453543.122,2073100288,102809600,49545216,15695872,1905049600
1787071453549.398,2073100288,102809600,49545216,15695872,1905049600
1787071453555.140,2073100288,102809600,49545216,15695872,1905049600
1787071453561.419,2073100288,102809600,49545216,15695872,1905049600
1787071453567.704,2073100288,102809600,49545216,15695872,1905049600
1787071453573.992,2073100288,102809600,49545216,15695872,1905049600
1787071453580.145,2073001984,102711296,49545216,15695872,1905049600
1787071453585.430,2073001984,102711296,49545216,15695872,1905049600
1787071453591.716,2073001984,102711296,49545216,15695872,1905049600
1787071453597.995,2073001984,102711296,49545216,15695872,1905049600
1787071453604.273,2073001984,102711296,49545216,15695872,1905049600
1787071453610.549,2073001984,102711296,49545216,15695872,1905049600
1787071453616.823,2073001984,102711296,49545216,15695872,1905049600
1787071453622.511,2073001984,102711296,49545216,15695872,1905049600
1787071453628.790,2073001984,102711296,49545216,15695872,1905049600
1787071453634.294,2073001984,102711296,49545216,15695872,1905049600
1787071453639.961,2073001984,102711296,49545216,15695872,1905049600
1787071453646.244,2073001984,102711296,49545216,15695872,1905049600
1787071453652.521,2073001984,102711296,49545216,15695872,1905049600
1787071453658.808,2073001984,102711296,49545216,15695872,1905049600
1787071453663.895,2073001984,102711296,49545216,15695872,1905049600
1787071453670.171,2073001984,102711296,49545216,15695872,1905049600
1787071453676.446,2073001984,102711296,49545216,15695872,1905049600
1787071453681.530,2073001984,102711296,49545216,15695872,1905049600
1787071453687.816,2073001984,102711296,49545216,15695872,1905049600
1787071453693.770,2073001984,102711296,49545216,15695872,1905049600
1787071453700.058,2073001984,102711296,49545216,15695872,1905049600
1787071453706.338,2073001984,102711296,49545216,15695872,1905049600
1787071453712.613,2073001984,102711296,49545216,15695872,1905049600
1787071453718.886,2073001984,102711296,49545216,15695872,1905049600
1787071453725.165,2073001984,102711296,49545216,15695872,1905049600
1787071453731.440,2073001984,102711296,49545216,15695872,1905049600
1787071453737.725,2073001984,102711296,49545216,15695872,1905049600
1787071453743.966,2073001984,102711296,49545216,15695872,1905049600
1787071453750.251,2073001984,102711296,49545216,15695872,1905049600
1787071453755.562,2073001984,102711296,49545216,15695872,1905049600
1787071453761.851,2073001984,102711296,49545216,15695872,1905049600
1787071453767.767,2073001984,102711296,49545216,15695872,1905049600
1787071453774.047,2073001984,102711296,49545216,15695872,1905049600
1787071453780.325,2073001984,102711296,49545216,15695872,1905049600
1787071453786.608,2073001984,102711296,49545216,15695872,1905049600
1787071453792.883,2073001984,102711296,49545216,15695872,1905049600
1787071453799.161,2073001984,102711296,49545216,15695872,1905049600
1787071453805.143,2073001984,102711296,49545216,15695872,1905049600
1787071453811.417,2073001984,102711296,49545216,15695872,1905049600
1787071453817.692,2073001984,102711296,49545216,15695872,1905049600
1787071453823.963,2073001984,102711296,49545216,15695872,1905049600
1787071453830.240,2073001984,102711296,49545216,15695872,1905049600
1787071453836.523,2073001984,102711296,49545216,15695872,1905049600
1787071453842.640,2073001984,102711296,49545216,15695872,1905049600
1787071453848.917,2073001984,102711296,49545216,15695872,1905049600
1787071453855.143,2073001984,102711296,49545216,15695872,1905049600
1787071453861.417,2073001984,102711296,49545216,15695872,1905049600
1787071453867.689,2073001984,102711296,49545216,15695872,1905049600
1787071453873.961,2073001984,102711296,49545216,15695872,1905049600
1787071453880.232,2073001984,102711296,49545216,15695872,1905049600
1787071453885.509,2073001984,102711296,49545216,15695872,1905049600
1787071453891.844,2073001984,102711296,49545216,15695872,1905049600
1787071453898.125,2073001984,102711296,49545216,15695872,1905049600
1787071453904.405,2073001984,102711296,49545216,15695872,1905049600
1787071453909.805,2073001984,102711296,49545216,15695872,1905049600
1787071453916.072,2073001984,102711296,49545216,15695872,1905049600
1787071453922.348,2073001984,102711296,49545216,15695872,1905049600
1787071453928.625,2073001984,102711296,49545216,15695872,1905049600
1787071453934.901,2073001984,102711296,49545216,15695872,1905049600
1787071453941.176,2073001984,102711296,49545216,15695872,1905049600
1787071453947.449,2073001984,102711296,49545216,15695872,1905049600
1787071453953.732,2073001984,102711296,49545216,15695872,1905049600
1787071453959.300,2073001984,102711296,49545216,15695872,1905049600
1787071453965.579,2073001984,102711296,49545216,15695872,1905049600
1787071453971.854,2073001984,102711296,49545216,15695872,1905049600
1787071453978.127,2073001984,102711296,49545216,15695872,1905049600
1787071453984.299,2073001984,102711296,49545216,15695872,1905049600
1787071453990.575,2073001984,102711296,49545216,15695872,1905049600
1787071453996.804,2073001984,102711296,49545216,15695872,1905049600
1787071454003.087,2073001984,102711296,49545216,15695872,1905049600
1787071454009.369,2073001984,102711296,49545216,15695872,1905049600
1787071454015.657,2073001984,102711296,49545216,15695872,1905049600
1787071454021.932,2073001984,102711296,49545216,15695872,1905049600
1787071454028.206,2073001984,102711296,49545216,15695872,1905049600
1787071454034.483,2073001984,102711296,49545216,15695872,1905049600
1787071454040.756,2073001984,102711296,49545216,15695872,1905049600
1787071454047.032,2073001984,102711296,49545216,15695872,1905049600
1787071454053.307,2073001984,102711296,49545216,15695872,1905049600
1787071454059.583,2073001984,102711296,49545216,15695872,1905049600
1787071454065.860,2073001984,102711296,49545216,15695872,1905049600
1787071454072.141,2073001984,102711296,49545216,15695872,1905049600
1787071454078.414,2073001984,102711296,49545216,15695872,1905049600
1787071454084.689,2073001984,102711296,49545216,15695872,1905049600
1787071454090.964,2073001984,102711296,49545216,15695872,1905049600
1787071454097.238,2073001984,102711296,49545216,15695872,1905049600
1787071454103.515,2073001984,102711296,49545216,15695872,1905049600
1787071454109.797,2073001984,102711296,49545216,15695872,1905049600
1787071454116.073,2073001984,102711296,49545216,15695872,1905049600
1787071454122.349,2073001984,102711296,49545216,15695872,1905049600
1787071454128.626,2073001984,102711296,49545216,15695872,1905049600
1787071454134.902,2073001984,102711296,49545216,15695872,1905049600
1787071454141.183,2073001984,102711296,49545216,15695872,1905049600
1787071454147.457,2073001984,102711296,49545216,15695872,1905049600
1787071454153.731,2073001984,102711296,49545216,15695872,1905049600
1787071454160.015,2073001984,102711296,49545216,15695872,1905049600
1787071454165.050,2073001984,102711296,49545216,15695872,1905049600
1787071454171.323,2073001984,102711296,49545216,15695872,1905049600
1787071454177.596,2073001984,102711296,49545216,15695872,1905049600
1787071454183.872,2073001984,102711296,49545216,15695872,1905049600
1787071454190.147,2073001984,102711296,49545216,15695872,1905049600
1787071454195.569,2073001984,102711296,49545216,15695872,1905049600
1787071454201.846,2073001984,102711296,49545216,15695872,1905049600
1787071454208.122,2073001984,102711296,49545216,15695872,1905049600
1787071454214.401,2073001984,102711296,49545216,15695872,1905049600
1787071454220.674,2073001984,102711296,49545216,15695872,1905049600
1787071454225.956,2073001984,102711296,49545216,15695872,1905049600
1787071454232.231,2073001984,102711296,49545216,15695872,1905049600
1787071454238.471,2073001984,102711296,49545216,15695872,1905049600
1787071454244.750,2073001984,102711296,49545216,15695872,1905049600
1787071454250.956,2073001984,102711296,49545216,15695872,1905049600
1787071454256.994,2073001984,102711296,49545216,15695872,1905049600
1787071454263.282,2073001984,102711296,49545216,15695872,1905049600
1787071454269.592,2072985600,102711296,49545216,15679488,1905049600
1787071454275.675,2072985600,102711296,49545216,15679488,1905049600
1787071454281.950,2072985600,102711296,49545216,15679488,1905049600
1787071454288.236,2072985600,102711296,49545216,15679488,1905049600
1787071454294.511,2072985600,102711296,49545216,15679488,1905049600
1787071454300.793,2072985600,102711296,49545216,15679488,1905049600
1787071454307.071,2072985600,102711296,49545216,15679488,1905049600
1787071454312.823,2072985600,102711296,49545216,15679488,1905049600
1787071454319.098,2072985600,102711296,49545216,15679488,1905049600
1787071454325.380,2072985600,102711296,49545216,15679488,1905049600
1787071454331.656,2072985600,102711296,49545216,15679488,1905049600
1787071454337.930,2072985600,102711296,49545216,15679488,1905049600
1787071454343.648,2072985600,102711296,49545216,15679488,1905049600
1787071454349.923,2072985600,102711296,49545216,15679488,1905049600
1787071454356.198,2072985600,102711296,49545216,15679488,1905049600
1787071454362.480,2072985600,102711296,49545216,15679488,1905049600
1787071454368.758,2072985600,102711296,49545216,15679488,1905049600
1787071454375.052,2072985600,102711296,49545216,15679488,1905049600
1787071454380.555,2072985600,102711296,49545216,15679488,1905049600
1787071454386.833,2072985600,102711296,49545216,15679488,1905049600
1787071454393.108,2072985600,102711296,49545216,15679488,1905049600
1787071454399.386,2072985600,102711296,49545216,15679488,1905049600
1787071454405.662,2072985600,102711296,49545216,15679488,1905049600
1787071454411.938,2072985600,102711296,49545216,15679488,1905049600
1787071454417.620,2072985600,102711296,49545216,15679488,1905049600
1787071454423.909,2072985600,102711296,49545216,15679488,1905049600
1787071454430.135,2072985600,102711296,49545216,15679488,1905049600
1787071454436.411,2072985600,102711296,49545216,15679488,1905049600
1787071454442.625,2072985600,102711296,49545216,15679488,1905049600
1787071454448.902,2072985600,102711296,49545216,15679488,1905049600
1787071454455.177,2072985600,102711296,49545216,15679488,1905049600
1787071454461.460,2072985600,102711296,49545216,15679488,1905049600
1787071454467.734,2072985600,102711296,49545216,15679488,1905049600
1787071454473.834,2072985600,102711296,49545216,15679488,1905049600
1787071454480.108,2072985600,102711296,49545216,15679488,1905049600
1787071454486.383,2072985600,102711296,49545216,15679488,1905049600
1787071454492.656,2072985600,102711296,49545216,15679488,1905049600
1787071454498.931,2072985600,102711296,49545216,15679488,1905049600
1787071454505.204,2072985600,102711296,49545216,15679488,1905049600
1787071454511.481,2072985600,102711296,49545216,15679488,1905049600
1787071454517.621,2072985600,102711296,49545216,15679488,1905049600
1787071454523.901,2072985600,102711296,49545216,15679488,1905049600
1787071454530.179,2072985600,102711296,49545216,15679488,1905049600
1787071454536.454,2072985600,102711296,49545216,15679488,1905049600
1787071454542.620,2072985600,102711296,49545216,15679488,1905049600
1787071454548.292,2072985600,102711296,49545216,15679488,1905049600
1787071454554.569,2072985600,102711296,49545216,15679488,1905049600
1787071454560.844,2072985600,102711296,49545216,15679488,1905049600
1787071454567.120,2072985600,102711296,49545216,15679488,1905049600
1787071454573.047,2072985600,102711296,49545216,15679488,1905049600
1787071454579.322,2072985600,102711296,49545216,15679488,1905049600
1787071454585.598,2072985600,102711296,49545216,15679488,1905049600
1787071454591.875,2072985600,102711296,49545216,15679488,1905049600
1787071454597.230,2072985600,102711296,49545216,15679488,1905049600
1787071454603.507,2072985600,102711296,49545216,15679488,1905049600
1787071454609.782,2072985600,102711296,49545216,15679488,1905049600
1787071454616.057,2072985600,102711296,49545216,15679488,1905049600
1787071454622.337,2072985600,102711296,49545216,15679488,1905049600
1787071454628.615,2072985600,102711296,49545216,15679488,1905049600
1787071454634.890,2072985600,102711296,49545216,15679488,1905049600
1787071454641.223,2072985600,102711296,49545216,15679488,1905049600
1787071454647.271,2072985600,102711296,49545216,15679488,1905049600
1787071454653.546,2072985600,102711296,49545216,15679488,1905049600
1787071454659.819,2072985600,102711296,49545216,15679488,1905049600
1787071454666.092,2072985600,102711296,49545216,15679488,1905049600
1787071454672.366,2072985600,102711296,49545216,15679488,1905049600
1787071454678.640,2072985600,102711296,49545216,15679488,1905049600
1787071454683.997,2072985600,102711296,49545216,15679488,1905049600
1787071454690.274,2072985600,102711296,49545216,15679488,1905049600
1787071454696.548,2072985600,102711296,49545216,15679488,1905049600
1787071454702.822,2072985600,102711296,49545216,15679488,1905049600
1787071454709.097,2072985600,102711296,49545216,15679488,1905049600
1787071454714.952,2072985600,102711296,49545216,15679488,1905049600
1787071454721.238,2072985600,102711296,49545216,15679488,1905049600
1787071454727.520,2072985600,102711296,49545216,15679488,1905049600
1787071454733.795,2072985600,102711296,49545216,15679488,1905049600
1787071454738.885,2072985600,102711296,49545216,15679488,1905049600
1787071454745.160,2072985600,102711296,49545216,15679488,1905049600
1787071454751.434,2072985600,102711296,49545216,15679488,1905049600
1787071454757.708,2072985600,102711296,49545216,15679488,1905049600
1787071454763.884,2072985600,102711296,49545216,15679488,1905049600
1787071454770.160,2072985600,102711296,49545216,15679488,1905049600
1787071454775.953,2072985600,102711296,49545216,15679488,1905049600
1787071454782.228,2072985600,102711296,49545216,15679488,1905049600
1787071454788.507,2072985600,102711296,49545216,15679488,1905049600
1787071454794.781,2072985600,102711296,49545216,15679488,1905049600
1787071454800.951,2072985600,102711296,49545216,15679488,1905049600
1787071454807.230,2072985600,102711296,49545216,15679488,1905049600
1787071454813.504,2072985600,102711296,49545216,15679488,1905049600
1787071454819.777,2072985600,102711296,49545216,15679488,1905049600
1787071454825.951,2072985600,102711296,49545216,15679488,1905049600
1787071454832.227,2072985600,102711296,49545216,15679488,1905049600
1787071454838.500,2072985600,102711296,49545216,15679488,1905049600
1787071454844.773,2072985600,102711296,49545216,15679488,1905049600
1787071454851.045,2072985600,102711296,49545216,15679488,1905049600
1787071454857.319,2072985600,102711296,49545216,15679488,1905049600
1787071454863.597,2072985600,102711296,49545216,15679488,1905049600
1787071454869.872,2072985600,102711296,49545216,15679488,1905049600
1787071454875.949,2072985600,102711296,49545216,15679488,1905049600
1787071454882.225,2072985600,102711296,49545216,15679488,1905049600
1787071454888.498,2072985600,102711296,49545216,15679488,1905049600
1787071454894.771,2072985600,102711296,49545216,15679488,1905049600
1787071454901.083,2072985600,102711296,49545216,15679488,1905049600
1787071454907.359,2072985600,102711296,49545216,15679488,1905049600
1787071454913.462,2072985600,102711296,49545216,15679488,1905049600
1787071454919.741,2072985600,102711296,49545216,15679488,1905049600
1787071454926.016,2072985600,102711296,49545216,15679488,1905049600
1787071454932.284,2072985600,102711296,49545216,15679488,1905049600
1787071454938.561,2072985600,102711296,49545216,15679488,1905049600
1787071454944.837,2072985600,102711296,49545216,15679488,1905049600
1787071454951.114,2072985600,102711296,49545216,15679488,1905049600
1787071454956.819,2072985600,102711296,49545216,15679488,1905049600
1787071454961.887,2072985600,102711296,49545216,15679488,1905049600
1787071454968.163,2072985600,102711296,49545216,15679488,1905049600
1787071454973.462,2072985600,102711296,49545216,15679488,1905049600
1787071454979.737,2072985600,102711296,49545216,15679488,1905049600
1787071454986.014,2072985600,102711296,49545216,15679488,1905049600
1787071454992.289,2072985600,102711296,49545216,15679488,1905049600
1787071454998.414,2072985600,102711296,49545216,15679488,1905049600
1787071455004.688,2072985600,102711296,49545216,15679488,1905049600
1787071455011.021,2072985600,102711296,49545216,15679488,1905049600
1787071455016.607,2072985600,102711296,49545216,15679488,1905049600
1787071455022.883,2072985600,102711296,49545216,15679488,1905049600
1787071455029.157,2072985600,102711296,49545216,15679488,1905049600
1787071455035.434,2072985600,102711296,49545216,15679488,1905049600
1787071455041.709,2072985600,102711296,49545216,15679488,1905049600
1787071455047.982,2072985600,102711296,49545216,15679488,1905049600
1787071455054.257,2072985600,102711296,49545216,15679488,1905049600
1787071455059.294,2072985600,102711296,49545216,15679488,1905049600
1787071455065.579,2072985600,102711296,49545216,15679488,1905049600
1787071455071.797,2072985600,102711296,49545216,15679488,1905049600
1787071455078.074,2072985600,102711296,49545216,15679488,1905049600
1787071455084.348,2072985600,102711296,49545216,15679488,1905049600
1787071455090.632,2072985600,102711296,49545216,15679488,1905049600
1787071455096.906,2072985600,102711296,49545216,15679488,1905049600
1787071455103.182,2072985600,102711296,49545216,15679488,1905049600
1787071455109.459,2072985600,102711296,49545216,15679488,1905049600
1787071455115.734,2072985600,102711296,49545216,15679488,1905049600
1787071455122.017,2072985600,102711296,49545216,15679488,1905049600
1787071455128.297,2072985600,102711296,49545216,15679488,1905049600
1787071455134.180,2072985600,102711296,49545216,15679488,1905049600
1787071455139.943,2072985600,102711296,49545216,15679488,1905049600
1787071455146.224,2072985600,102711296,49545216,15679488,1905049600
1787071455152.510,2072985600,102711296,49545216,15679488,1905049600
1787071455158.790,2072985600,102711296,49545216,15679488,1905049600
1787071455165.067,2072985600,102711296,49545216,15679488,1905049600
1787071455171.341,2072985600,102711296,49545216,15679488,1905049600
1787071455177.630,2072985600,102711296,49545216,15679488,1905049600
1787071455183.908,2072985600,102711296,49545216,15679488,1905049600
1787071455190.188,2072985600,102711296,49545216,15679488,1905049600
1787071455195.287,2072985600,102711296,49545216,15679488,1905049600
1787071455201.568,2072985600,102711296,49545216,15679488,1905049600
1787071455207.145,2072985600,102711296,49545216,15679488,1905049600
1787071455213.370,2072985600,102711296,49545216,15679488,1905049600
1787071455218.545,2072985600,102711296,49545216,15679488,1905049600
1787071455223.977,2072985600,102711296,49545216,15679488,1905049600
1787071455230.133,2072985600,102711296,49545216,15679488,1905049600
1787071455236.412,2072985600,102711296,49545216,15679488,1905049600
1787071455242.690,2072985600,102711296,49545216,15679488,1905049600
1787071455248.970,2072985600,102711296,49545216,15679488,1905049600
1787071455255.246,2072985600,102711296,49545216,15679488,1905049600
1787071455261.522,2072985600,102711296,49545216,15679488,1905049600
1787071455267.798,2072985600,102711296,49545216,15679488,1905049600
1787071455274.072,2072985600,102711296,49545216,15679488,1905049600
1787071455280.349,2072985600,102711296,49545216,15679488,1905049600
1787071455286.634,2072985600,102711296,49545216,15679488,1905049600
1787071455292.622,2072985600,102711296,49545216,15679488,1905049600
1787071455298.896,2072985600,102711296,49545216,15679488,1905049600
1787071455305.176,2072985600,102711296,49545216,15679488,1905049600
1787071455311.453,2072985600,102711296,49545216,15679488,1905049600
1787071455317.727,2072985600,102711296,49545216,15679488,1905049600
1787071455324.005,2072985600,102711296,49545216,15679488,1905049600
1787071455330.282,2072985600,102711296,49545216,15679488,1905049600
1787071455336.557,2072985600,102711296,49545216,15679488,1905049600
1787071455342.836,2072985600,102711296,49545216,15679488,1905049600
1787071455349.116,2072985600,102711296,49545216,15679488,1905049600
1787071455355.207,2072985600,102711296,49545216,15679488,1905049600
1787071455361.483,2072985600,102711296,49545216,15679488,1905049600
1787071455367.762,2072985600,102711296,49545216,15679488,1905049600
1787071455374.037,2072985600,102711296,49545216,15679488,1905049600
1787071455380.355,2072985600,102711296,49545216,15679488,1905049600
1787071455386.631,2072985600,102711296,49545216,15679488,1905049600
1787071455392.615,2072985600,102711296,49545216,15679488,1905049600
1787071455398.895,2072985600,102711296,49545216,15679488,1905049600
1787071455405.176,2072985600,102711296,49545216,15679488,1905049600
1787071455411.452,2072985600,102711296,49545216,15679488,1905049600
1787071455417.620,2072985600,102711296,49545216,15679488,1905049600
1787071455423.897,2072985600,102711296,49545216,15679488,1905049600
1787071455430.172,2072985600,102711296,49545216,15679488,1905049600
1787071455436.444,2072985600,102711296,49545216,15679488,1905049600
1787071455442.717,2072985600,102711296,49545216,15679488,1905049600
1787071455448.990,2072985600,102711296,49545216,15679488,1905049600
1787071455455.134,2072985600,102711296,49545216,15679488,1905049600
1787071455461.409,2072985600,102711296,49545216,15679488,1905049600
1787071455467.610,2072985600,102711296,49545216,15679488,1905049600
1787071455473.895,2072985600,102711296,49545216,15679488,1905049600
1787071455480.167,2072985600,102711296,49545216,15679488,1905049600
1787071455486.446,2072985600,102711296,49545216,15679488,1905049600
1787071455492.722,2072985600,102711296,49545216,15679488,1905049600
1787071455498.996,2072985600,102711296,49545216,15679488,1905049600
1787071455505.271,2072985600,102711296,49545216,15679488,1905049600
1787071455511.546,2072985600,102711296,49545216,15679488,1905049600
1787071455517.821,2072985600,102711296,49545216,15679488,1905049600
1787071455524.095,2072985600,102711296,49545216,15679488,1905049600
1787071455530.370,2072985600,102711296,49545216,15679488,1905049600
1787071455536.643,2072985600,102711296,49545216,15679488,1905049600
1787071455542.917,2072985600,102711296,49545216,15679488,1905049600
1787071455549.193,2072985600,102711296,49545216,15679488,1905049600
1787071455554.291,2072985600,102711296,49545216,15679488,1905049600
1787071455560.569,2072985600,102711296,49545216,15679488,1905049600
1787071455566.856,2072985600,102711296,49545216,15679488,1905049600
1787071455572.213,2072985600,102711296,49545216,15679488,1905049600
1787071455578.490,2072985600,102711296,49545216,15679488,1905049600
1787071455584.277,2072985600,102711296,49545216,15679488,1905049600
1787071455590.555,2072985600,102711296,49545216,15679488,1905049600
1787071455596.834,2072985600,102711296,49545216,15679488,1905049600
1787071455603.113,2072985600,102711296,49545216,15679488,1905049600
1787071455609.276,2072985600,102711296,49545216,15679488,1905049600
1787071455615.547,2072985600,102711296,49545216,15679488,1905049600
1787071455621.801,2072985600,102711296,49545216,15679488,1905049600
1787071455628.076,2072985600,102711296,49545216,15679488,1905049600
1787071455634.352,2072985600,102711296,49545216,15679488,1905049600
1787071455640.624,2072985600,102711296,49545216,15679488,1905049600
1787071455646.898,2072985600,102711296,49545216,15679488,1905049600
1787071455653.170,2072985600,102711296,49545216,15679488,1905049600
1787071455659.445,2072985600,102711296,49545216,15679488,1905049600
1787071455665.719,2072985600,102711296,49545216,15679488,1905049600
1787071455671.993,2072985600,102711296,49545216,15679488,1905049600
1787071455678.265,2072985600,102711296,49545216,15679488,1905049600
1787071455684.540,2072985600,102711296,49545216,15679488,1905049600
1787071455690.814,2072985600,102711296,49545216,15679488,1905049600
1787071455697.088,2072985600,102711296,49545216,15679488,1905049600
1787071455703.361,2072985600,102711296,49545216,15679488,1905049600
1787071455709.636,2072985600,102711296,49545216,15679488,1905049600
1787071455715.917,2072985600,102711296,49545216,15679488,1905049600
1787071455722.194,2072985600,102711296,49545216,15679488,1905049600
1787071455728.468,2072985600,102711296,49545216,15679488,1905049600
1787071455734.280,2072985600,102711296,49545216,15679488,1905049600
1787071455740.553,2072985600,102711296,49545216,15679488,1905049600
1787071455746.834,2072985600,102711296,49545216,15679488,1905049600
1787071455753.108,2072985600,102711296,49545216,15679488,1905049600
1787071455758.998,2072985600,102711296,49545216,15679488,1905049600
1787071455764.520,2072985600,102711296,49545216,15679488,1905049600
1787071455770.812,2072985600,102711296,49545216,15679488,1905049600
1787071455777.090,2072985600,102711296,49545216,15679488,1905049600
1787071455783.012,2072985600,102711296,49545216,15679488,1905049600
1787071455789.292,2072985600,102711296,49545216,15679488,1905049600
1787071455795.569,2072985600,102711296,49545216,15679488,1905049600
1787071455800.938,2072985600,102711296,49545216,15679488,1905049600
1787071455807.213,2072985600,102711296,49545216,15679488,1905049600
1787071455813.462,2072985600,102711296,49545216,15679488,1905049600
1787071455819.740,2072985600,102711296,49545216,15679488,1905049600
1787071455826.015,2072985600,102711296,49545216,15679488,1905049600
1787071455832.291,2072985600,102711296,49545216,15679488,1905049600
1787071455838.565,2072985600,102711296,49545216,15679488,1905049600
1787071455844.845,2072985600,102711296,49545216,15679488,1905049600
1787071455850.939,2072985600,102711296,49545216,15679488,1905049600
1787071455857.218,2072985600,102711296,49545216,15679488,1905049600
1787071455863.493,2072985600,102711296,49545216,15679488,1905049600
1787071455868.929,2072985600,102711296,49545216,15679488,1905049600
1787071455875.203,2072985600,102711296,49545216,15679488,1905049600
1787071455881.478,2072985600,102711296,49545216,15679488,1905049600
1787071455887.753,2072985600,102711296,49545216,15679488,1905049600
1787071455894.033,2072985600,102711296,49545216,15679488,1905049600
1787071455900.312,2072985600,102711296,49545216,15679488,1905049600
1787071455905.541,2072985600,102711296,49545216,15679488,1905049600
1787071455911.813,2072985600,102711296,49545216,15679488,1905049600
1787071455918.086,2072985600,102711296,49545216,15679488,1905049600
1787071455924.365,2072985600,102711296,49545216,15679488,1905049600
1787071455930.540,2072985600,102711296,49545216,15679488,1905049600
1787071455936.819,2072985600,102711296,49545216,15679488,1905049600
1787071455943.095,2072985600,102711296,49545216,15679488,1905049600
1787071455949.374,2072985600,102711296,49545216,15679488,1905049600
1787071455955.138,2072985600,102711296,49545216,15679488,1905049600
1787071455961.417,2072985600,102711296,49545216,15679488,1905049600
1787071455967.614,2072985600,102711296,49545216,15679488,1905049600
1787071455973.893,2072985600,102711296,49545216,15679488,1905049600
1787071455980.167,2072985600,102711296,49545216,15679488,1905049600
1787071455986.442,2072985600,102711296,49545216,15679488,1905049600
1787071455994.973,1920745472,0,0,15695872,1905049600
1787071456003.102,0,0,0,0,0
1787071456009.037,0,0,0,0,0
1787071456015.309,0,0,0,0,0
1787071456021.589,0,0,0,0,0
1787071456027.873,0,0,0,0,0
1787071456033.504,0,0,0,0,0
1787071456038.906,0,0,0,0,0
1787071456045.175,0,0,0,0,0
1787071456050.947,0,0,0,0,0
1787071456057.218,0,0,0,0,0
1787071456063.485,0,0,0,0,0
1787071456069.747,0,0,0,0,0
1787071456076.010,0,0,0,0,0
1787071456082.272,0,0,0,0,0
1787071456088.542,0,0,0,0,0
1787071456094.268,0,0,0,0,0
1787071456100.234,0,0,0,0,0
1787071456106.514,0,0,0,0,0
1787071456112.409,0,0,0,0,0
1787071456118.370,0,0,0,0,0
1787071456124.634,0,0,0,0,0
1787071456130.903,0,0,0,0,0
1787071456137.180,0,0,0,0,0
1787071456143.457,0,0,0,0,0
1787071456149.733,0,0,0,0,0
1787071456156.005,0,0,0,0,0
1787071456162.273,0,0,0,0,0
1787071456168.545,0,0,0,0,0
1787071456174.825,0,0,0,0,0
1787071456181.095,0,0,0,0,0
1787071456187.363,0,0,0,0,0
1787071456193.394,0,0,0,0,0
1787071456199.654,0,0,0,0,0
1787071456205.913,0,0,0,0,0
1787071456212.177,0,0,0,0,0
1787071456218.444,0,0,0,0,0
1787071456224.713,0,0,0,0,0
1787071456230.977,0,0,0,0,0
1787071456237.250,0,0,0,0,0
1787071456243.519,0,0,0,0,0
1787071456249.781,0,0,0,0,0
1787071456256.045,0,0,0,0,0
1787071456262.312,0,0,0,0,0
1787071456268.578,0,0,0,0,0
1787071456274.854,0,0,0,0,0
1787071456281.128,0,0,0,0,0
1787071456287.400,0,0,0,0,0
1787071456293.672,0,0,0,0,0
1787071456299.938,0,0,0,0,0
1787071456306.206,0,0,0,0,0
1787071456312.550,0,0,0,0,0
1787071456318.815,0,0,0,0,0
1787071456324.202,0,0,0,0,0
1787071456330.278,0,0,0,0,0
1787071456335.711,0,0,0,0,0
1787071456341.981,0,0,0,0,0
1787071456348.247,0,0,0,0,0
1787071456354.509,0,0,0,0,0
1787071456360.774,0,0,0,0,0
1787071456367.039,0,0,0,0,0
1787071456372.355,0,0,0,0,0
1787071456377.452,0,0,0,0,0
1787071456383.327,0,0,0,0,0
1787071456389.590,0,0,0,0,0
1787071456395.857,0,0,0,0,0
1787071456402.124,0,0,0,0,0
1787071456408.396,0,0,0,0,0
1787071456414.660,0,0,0,0,0
1787071456420.553,0,0,0,0,0
1787071456425.943,0,0,0,0,0
1787071456432.208,0,0,0,0,0
1787071456438.100,0,0,0,0,0
1787071456444.375,0,0,0,0,0
1787071456450.641,0,0,0,0,0
1787071456456.909,0,0,0,0,0
1787071456463.174,0,0,0,0,0
1787071456469.440,0,0,0,0,0
1787071456475.710,0,0,0,0,0
1787071456480.881,0,0,0,0,0
1787071456487.151,0,0,0,0,0
1787071456493.421,0,0,0,0,0
1787071456499.686,0,0,0,0,0
1787071456505.951,0,0,0,0,0
1787071456512.222,0,0,0,0,0
1787071456518.490,0,0,0,0,0
1787071456524.759,0,0,0,0,0
1787071456531.025,0,0,0,0,0
1787071456537.301,0,0,0,0,0
1787071456543.572,0,0,0,0,0
1787071456549.841,0,0,0,0,0
1787071456556.110,0,0,0,0,0
1787071456562.375,0,0,0,0,0
1787071456568.641,0,0,0,0,0
1787071456574.913,0,0,0,0,0
1787071456581.184,0,0,0,0,0
1787071456587.454,0,0,0,0,0
1787071456593.724,0,0,0,0,0
1787071456600.008,0,0,0,0,0
1787071456605.555,0,0,0,0,0
1787071456611.678,0,0,0,0,0
1787071456617.951,0,0,0,0,0
1787071456624.218,0,0,0,0,0
1787071456629.561,0,0,0,0,0
1787071456635.836,0,0,0,0,0
1787071456642.109,0,0,0,0,0
1787071456648.288,0,0,0,0,0
1787071456654.558,0,0,0,0,0
1787071456660.829,0,0,0,0,0
1787071456666.894,0,0,0,0,0
1787071456672.284,0,0,0,0,0
1787071456678.557,0,0,0,0,0
1787071456684.551,0,0,0,0,0
1787071456690.817,0,0,0,0,0
1787071456696.784,0,0,0,0,0
1787071456703.050,0,0,0,0,0
1787071456709.329,0,0,0,0,0
1787071456715.237,0,0,0,0,0
1787071456721.505,0,0,0,0,0
1787071456727.223,0,0,0,0,0
1787071456732.419,0,0,0,0,0
1787071456738.685,0,0,0,0,0
1787071456744.952,0,0,0,0,0
1787071456751.218,0,0,0,0,0
1787071456757.484,0,0,0,0,0
1787071456763.364,0,0,0,0,0
1787071456769.634,0,0,0,0,0
1787071456775.906,0,0,0,0,0
1787071456782.172,0,0,0,0,0
1787071456788.047,0,0,0,0,0
1787071456794.322,0,0,0,0,0
1787071456800.333,0,0,0,0,0
1787071456805.619,0,0,0,0,0
1787071456811.890,0,0,0,0,0
1787071456818.161,0,0,0,0,0
1787071456824.435,0,0,0,0,0
1787071456830.695,0,0,0,0,0
1787071456836.964,0,0,0,0,0
1787071456843.233,0,0,0,0,0
1787071456849.498,0,0,0,0,0
1787071456855.762,0,0,0,0,0
1787071456862.032,0,0,0,0,0
1787071456867.595,0,0,0,0,0
1787071456873.867,0,0,0,0,0
1787071456878.973,0,0,0,0,0
1787071456884.261,0,0,0,0,0
1787071456890.529,0,0,0,0,0
1787071456896.799,0,0,0,0,0
1787071456902.462,0,0,0,0,0
1787071456908.732,0,0,0,0,0
1787071456914.096,0,0,0,0,0
1787071456920.366,0,0,0,0,0
1787071456926.635,0,0,0,0,0
1787071456932.900,0,0,0,0,0
1787071456939.165,0,0,0,0,0
1787071456945.431,0,0,0,0,0
1787071456951.698,0,0,0,0,0
1787071456957.967,0,0,0,0,0
1787071456964.235,0,0,0,0,0
1787071456970.505,0,0,0,0,0
1787071456976.774,0,0,0,0,0
1787071456983.042,0,0,0,0,0
1787071456989.308,0,0,0,0,0
1787071456995.577,0,0,0,0,0
1787071457001.850,0,0,0,0,0
1787071457008.121,0,0,0,0,0
1787071457014.391,0,0,0,0,0
1787071457020.662,0,0,0,0,0
1787071457026.933,0,0,0,0,0
1787071457033.199,0,0,0,0,0
1787071457039.466,0,0,0,0,0
1787071457045.735,0,0,0,0,0
1787071457052.002,0,0,0,0,0
1787071457058.275,0,0,0,0,0
1787071457064.545,0,0,0,0,0
1787071457070.813,0,0,0,0,0
1787071457076.814,0,0,0,0,0
1787071457083.018,0,0,0,0,0
1787071457088.954,0,0,0,0,0
1787071457095.226,0,0,0,0,0
1787071457101.495,0,0,0,0,0
1787071457107.763,0,0,0,0,0
1787071457114.033,0,0,0,0,0
1787071457120.301,0,0,0,0,0
1787071457126.569,0,0,0,0,0
1787071457132.851,0,0,0,0,0
1787071457139.123,0,0,0,0,0
1787071457145.394,0,0,0,0,0
1787071457151.534,0,0,0,0,0
1787071457156.723,0,0,0,0,0
1787071457162.651,0,0,0,0,0
1787071457168.928,0,0,0,0,0
1787071457174.168,0,0,0,0,0
1787071457180.439,0,0,0,0,0
1787071457185.899,0,0,0,0,0
1787071457191.412,0,0,0,0,0
1787071457197.681,0,0,0,0,0
1787071457203.521,0,0,0,0,0
1787071457209.793,0,0,0,0,0
1787071457216.062,0,0,0,0,0
1787071457222.335,0,0,0,0,0
1787071457228.605,0,0,0,0,0
1787071457234.872,0,0,0,0,0
1787071457241.139,0,0,0,0,0
1787071457247.405,0,0,0,0,0
1787071457253.671,0,0,0,0,0
1787071457259.948,0,0,0,0,0
1787071457266.224,0,0,0,0,0
1787071457272.498,0,0,0,0,0
1787071457278.768,0,0,0,0,0
1787071457285.040,0,0,0,0,0
1787071457291.309,0,0,0,0,0
1787071457297.583,0,0,0,0,0
1787071457303.855,0,0,0,0,0
1787071457309.943,0,0,0,0,0
1787071457316.216,0,0,0,0,0
1787071457322.484,0,0,0,0,0
1787071457328.752,0,0,0,0,0
1787071457335.023,0,0,0,0,0
1787071457341.293,0,0,0,0,0
1787071457347.563,0,0,0,0,0
1787071457353.830,0,0,0,0,0
1787071457359.258,0,0,0,0,0
1787071457365.527,0,0,0,0,0
1787071457371.804,0,0,0,0,0
1787071457378.077,0,0,0,0,0
1787071457384.347,0,0,0,0,0
1787071457390.617,0,0,0,0,0
1787071457396.890,0,0,0,0,0
1787071457403.161,0,0,0,0,0
1787071457408.904,0,0,0,0,0
1787071457415.172,0,0,0,0,0
1787071457421.438,0,0,0,0,0
1787071457427.715,0,0,0,0,0
1787071457433.676,0,0,0,0,0
1787071457438.908,0,0,0,0,0
1787071457445.178,0,0,0,0,0
1787071457451.448,0,0,0,0,0
1787071457457.721,0,0,0,0,0
1787071457463.991,0,0,0,0,0
1787071457470.263,0,0,0,0,0
1787071457476.534,0,0,0,0,0
1787071457482.131,0,0,0,0,0
1787071457488.400,0,0,0,0,0
1787071457494.671,0,0,0,0,0
1787071457500.284,0,0,0,0,0
1787071457505.613,0,0,0,0,0
1787071457511.884,0,0,0,0,0
1787071457518.156,0,0,0,0,0
1787071457524.426,0,0,0,0,0
1787071457530.686,0,0,0,0,0
1787071457535.791,0,0,0,0,0
1787071457542.063,0,0,0,0,0
1787071457547.953,0,0,0,0,0
1787071457554.225,0,0,0,0,0
1787071457560.497,0,0,0,0,0
1787071457566.654,0,0,0,0,0
1787071457572.923,0,0,0,0,0
1787071457579.191,0,0,0,0,0
1787071457585.353,0,0,0,0,0
1787071457591.639,0,0,0,0,0
1787071457597.363,0,0,0,0,0
1787071457603.632,0,0,0,0,0
1787071457609.904,0,0,0,0,0
1787071457616.178,0,0,0,0,0
1787071457622.449,0,0,0,0,0
1787071457627.556,0,0,0,0,0
1787071457632.913,0,0,0,0,0
1787071457639.185,0,0,0,0,0
1787071457645.459,0,0,0,0,0
1787071457651.733,0,0,0,0,0
1787071457658.002,0,0,0,0,0
1787071457664.091,0,0,0,0,0
1787071457670.360,0,0,0,0,0
1787071457676.632,0,0,0,0,0
1787071457682.901,0,0,0,0,0
1787071457689.172,0,0,0,0,0
1787071457695.448,0,0,0,0,0
1787071457701.721,0,0,0,0,0
1787071457707.992,0,0,0,0,0
1787071457714.126,0,0,0,0,0
1787071457720.395,0,0,0,0,0
1787071457725.923,0,0,0,0,0
1787071457731.437,0,0,0,0,0
1787071457737.709,0,0,0,0,0
1787071457743.984,0,0,0,0,0
1787071457750.254,0,0,0,0,0
1787071457756.530,0,0,0,0,0
1787071457762.798,0,0,0,0,0
1787071457769.077,0,0,0,0,0
1787071457775.317,0,0,0,0,0
1787071457781.586,0,0,0,0,0
1787071457787.856,0,0,0,0,0
1787071457794.126,0,0,0,0,0
1787071457800.393,0,0,0,0,0
1787071457806.667,0,0,0,0,0
1787071457812.940,0,0,0,0,0
1787071457819.006,0,0,0,0,0
1787071457825.290,0,0,0,0,0
1787071457831.519,0,0,0,0,0
1787071457837.787,0,0,0,0,0
1787071457844.057,0,0,0,0,0
1787071457850.324,0,0,0,0,0
1787071457856.598,0,0,0,0,0
1787071457862.008,0,0,0,0,0
1787071457868.281,0,0,0,0,0
1787071457874.558,0,0,0,0,0
1787071457880.544,0,0,0,0,0
1787071457886.814,0,0,0,0,0
1787071457892.588,0,0,0,0,0
1787071457898.861,0,0,0,0,0
1787071457905.128,0,0,0,0,0
1787071457911.393,0,0,0,0,0
1787071457917.661,0,0,0,0,0
1787071457923.929,0,0,0,0,0
1787071457930.198,0,0,0,0,0
1787071457936.467,0,0,0,0,0
1787071457942.737,0,0,0,0,0
1787071457949.005,0,0,0,0,0
1787071457955.273,0,0,0,0,0
1787071457961.542,0,0,0,0,0
1787071457967.810,0,0,0,0,0
1787071457974.080,0,0,0,0,0
1787071457980.350,0,0,0,0,0
1787071457986.624,0,0,0,0,0
1787071457992.897,0,0,0,0,0
1787071457998.320,0,0,0,0,0
1787071458004.589,0,0,0,0,0
1787071458010.860,0,0,0,0,0
1787071458017.127,0,0,0,0,0
1787071458023.394,0,0,0,0,0
1787071458029.662,0,0,0,0,0
1787071458035.312,0,0,0,0,0
1787071458041.583,0,0,0,0,0
1787071458047.850,0,0,0,0,0
1787071458054.124,0,0,0,0,0
1787071458059.254,0,0,0,0,0
1787071458065.523,0,0,0,0,0
1787071458071.794,0,0,0,0,0
1787071458078.064,0,0,0,0,0
1787071458084.333,0,0,0,0,0
1787071458090.605,0,0,0,0,0
1787071458096.880,0,0,0,0,0
1787071458103.114,0,0,0,0,0
1787071458109.483,0,0,0,0,0
1787071458115.086,0,0,0,0,0
1787071458121.356,0,0,0,0,0
1787071458127.637,0,0,0,0,0
1787071458133.913,0,0,0,0,0
1787071458139.479,0,0,0,0,0
1787071458145.750,0,0,0,0,0
1787071458152.023,0,0,0,0,0
1787071458158.295,0,0,0,0,0
1787071458164.499,0,0,0,0,0
1787071458170.783,0,0,0,0,0
1787071458177.056,0,0,0,0,0
1787071458183.324,0,0,0,0,0
1787071458189.592,0,0,0,0,0
1787071458195.865,0,0,0,0,0
1787071458200.915,0,0,0,0,0
1787071458207.188,0,0,0,0,0
1787071458213.462,0,0,0,0,0
1787071458219.734,0,0,0,0,0
1787071458226.004,0,0,0,0,0
1787071458231.215,0,0,0,0,0
1787071458236.333,0,0,0,0,0
1787071458242.604,0,0,0,0,0
1787071458248.526,0,0,0,0,0
1787071458254.795,0,0,0,0,0
1787071458261.066,0,0,0,0,0
1787071458267.334,0,0,0,0,0
1787071458273.600,0,0,0,0,0
1787071458279.869,0,0,0,0,0
1787071458286.137,0,0,0,0,0
1787071458292.048,0,0,0,0,0
1787071458298.323,0,0,0,0,0
1787071458304.515,0,0,0,0,0
1787071458310.787,0,0,0,0,0
1787071458317.057,0,0,0,0,0
1787071458323.325,0,0,0,0,0
1787071458329.593,0,0,0,0,0
1787071458335.865,0,0,0,0,0
1787071458342.136,0,0,0,0,0
1787071458347.981,0,0,0,0,0
1787071458354.250,0,0,0,0,0
1787071458360.521,0,0,0,0,0
1787071458366.794,0,0,0,0,0
1787071458373.005,0,0,0,0,0
1787071458379.276,0,0,0,0,0
1787071458385.542,0,0,0,0,0
1787071458391.812,0,0,0,0,0
1787071458398.079,0,0,0,0,0
1787071458404.347,0,0,0,0,0
1787071458410.617,0,0,0,0,0
1787071458416.885,0,0,0,0,0
1787071458423.153,0,0,0,0,0
1787071458429.423,0,0,0,0,0
1787071458435.698,0,0,0,0,0
1787071458441.977,0,0,0,0,0
1787071458448.252,0,0,0,0,0
1787071458454.526,0,0,0,0,0
1787071458460.799,0,0,0,0,0
1787071458467.070,0,0,0,0,0
1787071458473.339,0,0,0,0,0
1787071458479.621,0,0,0,0,0
1787071458485.890,0,0,0,0,0
1787071458492.161,0,0,0,0,0
1787071458498.101,0,0,0,0,0
1787071458504.381,0,0,0,0,0
1787071458510.655,0,0,0,0,0
1787071458516.930,0,0,0,0,0
1787071458523.205,0,0,0,0,0
1787071458529.482,0,0,0,0,0
1787071458535.751,0,0,0,0,0
1787071458542.022,0,0,0,0,0
1787071458548.298,0,0,0,0,0
1787071458554.648,0,0,0,0,0
1787071458560.923,0,0,0,0,0
1787071458567.189,0,0,0,0,0
1787071458573.452,0,0,0,0,0
1787071458579.714,0,0,0,0,0
1787071458584.853,0,0,0,0,0
1787071458591.121,0,0,0,0,0
1787071458597.389,0,0,0,0,0
1787071458603.660,0,0,0,0,0
1787071458609.933,0,0,0,0,0
1787071458615.493,0,0,0,0,0
1787071458621.764,0,0,0,0,0
1787071458628.035,0,0,0,0,0
1787071458634.302,0,0,0,0,0
1787071458639.412,0,0,0,0,0
1787071458645.682,0,0,0,0,0
1787071458651.954,0,0,0,0,0
1787071458658.232,0,0,0,0,0
1787071458664.502,0,0,0,0,0
1787071458670.772,0,0,0,0,0
1787071458677.044,0,0,0,0,0
1787071458683.314,0,0,0,0,0
1787071458689.582,0,0,0,0,0
1787071458695.855,0,0,0,0,0
1787071458701.122,0,0,0,0,0
1787071458707.391,0,0,0,0,0
1787071458713.666,0,0,0,0,0
1787071458719.938,0,0,0,0,0
1787071458725.922,0,0,0,0,0
1787071458731.001,0,0,0,0,0
1787071458736.815,0,0,0,0,0
1787071458743.085,0,0,0,0,0
1787071458749.353,0,0,0,0,0
1787071458755.626,0,0,0,0,0
1787071458760.949,0,0,0,0,0
1787071458767.227,0,0,0,0,0
1787071458773.501,0,0,0,0,0
1787071458779.771,0,0,0,0,0
1787071458786.040,0,0,0,0,0
1787071458792.313,0,0,0,0,0
1787071458798.348,0,0,0,0,0
1787071458804.616,0,0,0,0,0
1787071458810.888,0,0,0,0,0
1787071458817.155,0,0,0,0,0
1787071458823.428,0,0,0,0,0
1787071458829.703,0,0,0,0,0
1787071458835.976,0,0,0,0,0
1787071458842.257,0,0,0,0,0
1787071458848.272,0,0,0,0,0
1787071458854.539,0,0,0,0,0
1787071458860.811,0,0,0,0,0
1787071458867.085,0,0,0,0,0
1787071458872.508,0,0,0,0,0
1787071458878.777,0,0,0,0,0
1787071458885.051,0,0,0,0,0
1787071458890.092,0,0,0,0,0
1787071458896.364,0,0,0,0,0
1787071458902.630,0,0,0,0,0
1787071458908.900,0,0,0,0,0
1787071458915.173,0,0,0,0,0
1787071458921.446,0,0,0,0,0
1787071458927.720,0,0,0,0,0
1787071458933.989,0,0,0,0,0
1787071458940.253,0,0,0,0,0
1787071458946.521,0,0,0,0,0
1787071458952.788,0,0,0,0,0
1787071458959.059,0,0,0,0,0
1787071458965.332,0,0,0,0,0
1787071458971.181,0,0,0,0,0
1787071458977.454,0,0,0,0,0
1787071458983.719,0,0,0,0,0
1787071458989.993,0,0,0,0,0
1787071458995.576,0,0,0,0,0
1787071459000.908,0,0,0,0,0
1787071459007.260,0,0,0,0,0
1787071459013.445,0,0,0,0,0
1787071459019.712,0,0,0,0,0
1787071459025.985,0,0,0,0,0
1787071459031.876,0,0,0,0,0
1787071459038.145,0,0,0,0,0
1787071459044.413,0,0,0,0,0
1787071459050.684,0,0,0,0,0
1787071459056.900,0,0,0,0,0
1787071459062.147,0,0,0,0,0
1787071459068.417,0,0,0,0,0
1787071459074.688,0,0,0,0,0
1787071459080.292,0,0,0,0,0
1787071459085.534,0,0,0,0,0
1787071459091.687,0,0,0,0,0
1787071459097.266,0,0,0,0,0
1787071459103.539,0,0,0,0,0
1787071459109.810,0,0,0,0,0
1787071459115.897,0,0,0,0,0
1787071459122.165,0,0,0,0,0
1787071459128.437,0,0,0,0,0
1787071459134.705,0,0,0,0,0
1787071459140.971,0,0,0,0,0
1787071459147.196,0,0,0,0,0
1787071459153.472,0,0,0,0,0
1787071459159.742,0,0,0,0,0
1787071459164.944,0,0,0,0,0
1787071459171.215,0,0,0,0,0
1787071459177.482,0,0,0,0,0
1787071459183.750,0,0,0,0,0
1787071459190.018,0,0,0,0,0
1787071459196.285,0,0,0,0,0
1787071459202.551,0,0,0,0,0
1787071459208.818,0,0,0,0,0
1787071459215.086,0,0,0,0,0
1787071459221.353,0,0,0,0,0
1787071459227.617,0,0,0,0,0
1787071459233.885,0,0,0,0,0
1787071459240.151,0,0,0,0,0
1787071459246.418,0,0,0,0,0
1787071459252.684,0,0,0,0,0
1787071459258.951,0,0,0,0,0
1787071459265.225,0,0,0,0,0
1787071459271.494,0,0,0,0,0
1787071459277.761,0,0,0,0,0
1787071459284.027,0,0,0,0,0
1787071459290.293,0,0,0,0,0
1787071459295.514,0,0,0,0,0
1787071459300.920,0,0,0,0,0
1787071459307.189,0,0,0,0,0
1787071459313.456,0,0,0,0,0
1787071459319.722,0,0,0,0,0
1787071459325.988,0,0,0,0,0
1787071459332.255,0,0,0,0,0
1787071459338.520,0,0,0,0,0
1787071459344.785,0,0,0,0,0
1787071459351.049,0,0,0,0,0
1787071459357.311,0,0,0,0,0
1787071459363.570,0,0,0,0,0
1787071459369.831,0,0,0,0,0
1787071459375.906,0,0,0,0,0
1787071459382.095,0,0,0,0,0
1787071459388.366,0,0,0,0,0
1787071459394.633,0,0,0,0,0
1787071459400.903,0,0,0,0,0
1787071459407.173,0,0,0,0,0
1787071459413.190,0,0,0,0,0
1787071459419.463,0,0,0,0,0
1787071459425.731,0,0,0,0,0
1787071459432.005,0,0,0,0,0
1787071459437.846,0,0,0,0,0
1787071459444.115,0,0,0,0,0
1787071459450.396,0,0,0,0,0
1787071459455.529,0,0,0,0,0
1787071459461.284,0,0,0,0,0
1787071459467.335,0,0,0,0,0
1787071459473.601,0,0,0,0,0
1787071459479.873,0,0,0,0,0
1787071459486.148,0,0,0,0,0
1787071459492.416,0,0,0,0,0
1787071459498.683,0,0,0,0,0
1787071459504.562,0,0,0,0,0
1787071459510.833,0,0,0,0,0
1787071459517.102,0,0,0,0,0
1787071459523.370,0,0,0,0,0
1787071459529.635,0,0,0,0,0
1787071459535.902,0,0,0,0,0
1787071459542.168,0,0,0,0,0
1787071459548.433,0,0,0,0,0
1787071459554.706,0,0,0,0,0
1787071459560.975,0,0,0,0,0
1787071459567.250,0,0,0,0,0
1787071459573.519,0,0,0,0,0
1787071459579.787,0,0,0,0,0
1787071459586.052,0,0,0,0,0
1787071459592.321,0,0,0,0,0
1787071459598.588,0,0,0,0,0
1787071459604.516,0,0,0,0,0
1787071459610.784,0,0,0,0,0
1787071459617.051,0,0,0,0,0
1787071459623.318,0,0,0,0,0
1787071459629.594,0,0,0,0,0
1787071459635.858,0,0,0,0,0
1787071459642.129,0,0,0,0,0
1787071459648.396,0,0,0,0,0
1787071459654.671,0,0,0,0,0
1787071459660.939,0,0,0,0,0
1787071459667.218,0,0,0,0,0
1787071459673.485,0,0,0,0,0
1787071459679.751,0,0,0,0,0
1787071459686.018,0,0,0,0,0
1787071459692.285,0,0,0,0,0
1787071459697.670,0,0,0,0,0
1787071459703.946,0,0,0,0,0
1787071459710.214,0,0,0,0,0
1787071459715.671,0,0,0,0,0
1787071459721.778,0,0,0,0,0
1787071459728.047,0,0,0,0,0
1787071459734.235,0,0,0,0,0
1787071459740.506,0,0,0,0,0
1787071459746.780,0,0,0,0,0
1787071459753.066,0,0,0,0,0
1787071459759.236,0,0,0,0,0
1787071459765.504,0,0,0,0,0
1787071459771.776,0,0,0,0,0
1787071459778.042,0,0,0,0,0
1787071459784.307,0,0,0,0,0
1787071459790.576,0,0,0,0,0
1787071459796.841,0,0,0,0,0
1787071459803.106,0,0,0,0,0
1787071459809.380,0,0,0,0,0
1787071459815.655,0,0,0,0,0
1787071459821.785,0,0,0,0,0
1787071459828.056,0,0,0,0,0
1787071459834.236,0,0,0,0,0
1787071459840.502,0,0,0,0,0
1787071459846.733,0,0,0,0,0
1787071459853.002,0,0,0,0,0
1787071459859.268,0,0,0,0,0
1787071459865.540,0,0,0,0,0
1787071459871.820,0,0,0,0,0
1787071459878.088,0,0,0,0,0
1787071459884.359,0,0,0,0,0
1787071459889.921,0,0,0,0,0
1787071459896.194,0,0,0,0,0
1787071459902.467,0,0,0,0,0
1787071459907.584,0,0,0,0,0
1787071459913.857,0,0,0,0,0
1787071459920.124,0,0,0,0,0
1787071459926.403,0,0,0,0,0
1787071459932.671,0,0,0,0,0
1787071459938.935,0,0,0,0,0
1787071459945.171,0,0,0,0,0
1787071459950.900,0,0,0,0,0
1787071459956.650,0,0,0,0,0
1787071459962.919,0,0,0,0,0
1787071459968.818,0,0,0,0,0
1787071459975.088,0,0,0,0,0
1787071459981.358,0,0,0,0,0
1787071459987.631,0,0,0,0,0
1787071459993.902,0,0,0,0,0
1787071460000.179,0,0,0,0,0
1787071460005.524,0,0,0,0,0
1787071460011.790,0,0,0,0,0
1787071460018.056,0,0,0,0,0
1787071460024.323,0,0,0,0,0
1787071460030.589,0,0,0,0,0
1787071460036.856,0,0,0,0,0
1787071460043.133,0,0,0,0,0
1787071460049.376,0,0,0,0,0
1787071460055.110,0,0,0,0,0
1787071460061.383,0,0,0,0,0
1787071460067.654,0,0,0,0,0
1787071460073.921,0,0,0,0,0
1787071460080.186,0,0,0,0,0
1787071460086.126,0,0,0,0,0
1787071460092.392,0,0,0,0,0
1787071460098.656,0,0,0,0,0
1787071460104.927,0,0,0,0,0
1787071460111.194,0,0,0,0,0
1787071460117.193,0,0,0,0,0
1787071460123.461,0,0,0,0,0
1787071460129.729,0,0,0,0,0
1787071460135.996,0,0,0,0,0
1787071460142.263,0,0,0,0,0
1787071460148.528,0,0,0,0,0
1787071460154.795,0,0,0,0,0
1787071460161.067,0,0,0,0,0
1787071460166.147,0,0,0,0,0
1787071460172.188,0,0,0,0,0
1787071460178.458,0,0,0,0,0
1787071460184.231,0,0,0,0,0
1787071460190.503,0,0,0,0,0
1787071460196.773,0,0,0,0,0
1787071460203.047,0,0,0,0,0
1787071460209.293,0,0,0,0,0
1787071460215.566,0,0,0,0,0
1787071460221.772,0,0,0,0,0
1787071460228.048,0,0,0,0,0
1787071460234.230,0,0,0,0,0
1787071460240.499,0,0,0,0,0
1787071460246.764,0,0,0,0,0
1787071460253.044,0,0,0,0,0
1787071460259.229,0,0,0,0,0
1787071460265.498,0,0,0,0,0
1787071460271.728,0,0,0,0,0
1787071460277.993,0,0,0,0,0
1787071460284.260,0,0,0,0,0
1787071460290.527,0,0,0,0,0
1787071460296.794,0,0,0,0,0
1787071460303.060,0,0,0,0,0
1787071460309.330,0,0,0,0,0
1787071460315.598,0,0,0,0,0
1787071460321.775,0,0,0,0,0
1787071460328.040,0,0,0,0,0
1787071460334.260,0,0,0,0,0
1787071460340.525,0,0,0,0,0
1787071460346.796,0,0,0,0,0
1787071460353.067,0,0,0,0,0
1787071460359.334,0,0,0,0,0
1787071460365.599,0,0,0,0,0
1787071460371.866,0,0,0,0,0
1787071460378.136,0,0,0,0,0
1787071460384.403,0,0,0,0,0
1787071460390.670,0,0,0,0,0
1787071460396.774,0,0,0,0,0
1787071460403.041,0,0,0,0,0
1787071460409.258,0,0,0,0,0
1787071460415.537,0,0,0,0,0
1787071460421.773,0,0,0,0,0
1787071460428.040,0,0,0,0,0
1787071460434.230,0,0,0,0,0
1787071460439.911,0,0,0,0,0
1787071460446.178,0,0,0,0,0
1787071460452.452,0,0,0,0,0
1787071460458.246,0,0,0,0,0
1787071460463.851,0,0,0,0,0
1787071460470.116,0,0,0,0,0
1787071460476.384,0,0,0,0,0
1787071460482.650,0,0,0,0,0
1787071460488.440,0,0,0,0,0
1787071460494.715,0,0,0,0,0
1787071460500.986,0,0,0,0,0
1787071460507.250,0,0,0,0,0
1787071460512.522,0,0,0,0,0
1787071460518.783,0,0,0,0,0
1787071460525.040,0,0,0,0,0
1787071460530.518,0,0,0,0,0
1787071460536.784,0,0,0,0,0
1787071460542.550,0,0,0,0,0
1787071460548.816,0,0,0,0,0
1787071460555.084,0,0,0,0,0
1787071460561.351,0,0,0,0,0
1787071460567.559,0,0,0,0,0
1787071460573.839,0,0,0,0,0
1787071460579.195,0,0,0,0,0
1787071460585.469,0,0,0,0,0
1787071460591.416,0,0,0,0,0
1787071460596.773,0,0,0,0,0
1787071460603.045,0,0,0,0,0
1787071460609.319,0,0,0,0,0
1787071460615.587,0,0,0,0,0
1787071460621.777,0,0,0,0,0
1787071460628.045,0,0,0,0,0
1787071460634.228,0,0,0,0,0
1787071460640.506,0,0,0,0,0
1787071460646.773,0,0,0,0,0
1787071460653.048,0,0,0,0,0
1787071460659.224,0,0,0,0,0
1787071460665.492,0,0,0,0,0
1787071460671.759,0,0,0,0,0
1787071460678.027,0,0,0,0,0
1787071460684.226,0,0,0,0,0
1787071460690.497,0,0,0,0,0
1787071460696.762,0,0,0,0,0
1787071460703.035,0,0,0,0,0
1787071460709.309,0,0,0,0,0
1787071460715.581,0,0,0,0,0
1787071460721.773,0,0,0,0,0
1787071460728.041,0,0,0,0,0
1787071460734.312,0,0,0,0,0
1787071460739.918,0,0,0,0,0
1787071460746.193,0,0,0,0,0
1787071460752.464,0,0,0,0,0
1787071460758.288,0,0,0,0,0
1787071460763.443,0,0,0,0,0
1787071460769.712,0,0,0,0,0
1787071460775.980,0,0,0,0,0
1787071460782.248,0,0,0,0,0
1787071460788.515,0,0,0,0,0
1787071460794.780,0,0,0,0,0
1787071460800.889,0,0,0,0,0
1787071460807.165,0,0,0,0,0
1787071460813.439,0,0,0,0,0
1787071460819.707,0,0,0,0,0
1787071460825.974,0,0,0,0,0
1787071460832.239,0,0,0,0,0
1787071460838.506,0,0,0,0,0
1787071460844.771,0,0,0,0,0
1787071460851.038,0,0,0,0,0
1787071460856.150,0,0,0,0,0
1787071460862.419,0,0,0,0,0
1787071460867.558,0,0,0,0,0
1787071460873.824,0,0,0,0,0
1787071460880.095,0,0,0,0,0
1787071460886.360,0,0,0,0,0
1787071460892.557,0,0,0,0,0
1787071460898.824,0,0,0,0,0
1787071460905.091,0,0,0,0,0
1787071460911.363,0,0,0,0,0
1787071460916.657,0,0,0,0,0
1787071460922.181,0,0,0,0,0
1787071460928.454,0,0,0,0,0
1787071460934.222,0,0,0,0,0
1787071460940.490,0,0,0,0,0
1787071460946.721,0,0,0,0,0
1787071460952.989,0,0,0,0,0
1787071460959.260,0,0,0,0,0
1787071460965.062,0,0,0,0,0
1787071460971.331,0,0,0,0,0
1787071460977.602,0,0,0,0,0
1787071460983.474,0,0,0,0,0
1787071460989.742,0,0,0,0,0
1787071460995.047,0,0,0,0,0
1787071461000.892,0,0,0,0,0
1787071461007.165,0,0,0,0,0
1787071461013.438,0,0,0,0,0
1787071461019.708,0,0,0,0,0
1787071461025.978,0,0,0,0,0
1787071461031.555,0,0,0,0,0
1787071461037.823,0,0,0,0,0
1787071461044.090,0,0,0,0,0
1787071461050.357,0,0,0,0,0
1787071461056.624,0,0,0,0,0
1787071461062.894,0,0,0,0,0
1787071461069.165,0,0,0,0,0
1787071461075.433,0,0,0,0,0
1787071461081.699,0,0,0,0,0
1787071461087.966,0,0,0,0,0
1787071461094.231,0,0,0,0,0
1787071461100.498,0,0,0,0,0
1787071461105.882,0,0,0,0,0
1787071461112.151,0,0,0,0,0
1787071461117.556,0,0,0,0,0
1787071461123.823,0,0,0,0,0
1787071461130.090,0,0,0,0,0
1787071461136.364,0,0,0,0,0
1787071461142.554,0,0,0,0,0
1787071461148.826,0,0,0,0,0
1787071461155.102,0,0,0,0,0
1787071461160.194,0,0,0,0,0
1787071461166.462,0,0,0,0,0
1787071461172.728,0,0,0,0,0
1787071461178.994,0,0,0,0,0
1787071461184.218,0,0,0,0,0
1787071461190.489,0,0,0,0,0
1787071461196.719,0,0,0,0,0
1787071461202.992,0,0,0,0,0
1787071461209.222,0,0,0,0,0
1787071461214.953,0,0,0,0,0
1787071461220.091,0,0,0,0,0
1787071461225.885,0,0,0,0,0
1787071461232.151,0,0,0,0,0
1787071461238.392,0,0,0,0,0
1787071461244.671,0,0,0,0,0
1787071461250.938,0,0,0,0,0
1787071461257.198,0,0,0,0,0
1787071461263.465,0,0,0,0,0
1787071461269.736,0,0,0,0,0
1787071461276.002,0,0,0,0,0
1787071461282.269,0,0,0,0,0
1787071461288.537,0,0,0,0,0
1787071461294.803,0,0,0,0,0
1787071461301.070,0,0,0,0,0
1787071461307.336,0,0,0,0,0
1787071461313.605,0,0,0,0,0
1787071461319.869,0,0,0,0,0
1787071461326.137,0,0,0,0,0
1787071461332.401,0,0,0,0,0
1787071461338.670,0,0,0,0,0
1787071461344.935,0,0,0,0,0
1787071461351.202,0,0,0,0,0
1787071461357.469,0,0,0,0,0
1787071461363.735,0,0,0,0,0
1787071461370.000,0,0,0,0,0
1787071461376.266,0,0,0,0,0
1787071461382.538,0,0,0,0,0
1787071461388.804,0,0,0,0,0
1787071461395.068,0,0,0,0,0
1787071461401.334,0,0,0,0,0
1787071461407.601,0,0,0,0,0
1787071461413.867,0,0,0,0,0
1787071461420.132,0,0,0,0,0
1787071461426.396,0,0,0,0,0
1787071461432.661,0,0,0,0,0
1787071461438.927,0,0,0,0,0
1787071461445.192,0,0,0,0,0
1787071461450.883,0,0,0,0,0
1787071461457.104,0,0,0,0,0
1787071461463.375,0,0,0,0,0
1787071461469.647,0,0,0,0,0
1787071461475.885,0,0,0,0,0
1787071461482.156,0,0,0,0,0
1787071461488.382,0,0,0,0,0
1787071461494.657,0,0,0,0,0
1787071461500.925,0,0,0,0,0
1787071461507.191,0,0,0,0,0
1787071461513.461,0,0,0,0,0
1787071461519.726,0,0,0,0,0
1787071461525.898,0,0,0,0,0
1787071461532.164,0,0,0,0,0
1787071461538.437,0,0,0,0,0
1787071461544.709,0,0,0,0,0
1787071461550.988,0,0,0,0,0
1787071461557.259,0,0,0,0,0
1787071461563.534,0,0,0,0,0
1787071461569.685,0,0,0,0,0
1787071461575.955,0,0,0,0,0
1787071461581.526,0,0,0,0,0
1787071461587.801,0,0,0,0,0
1787071461594.074,0,0,0,0,0
1787071461600.342,0,0,0,0,0
1787071461605.508,0,0,0,0,0
1787071461611.780,0,0,0,0,0
1787071461618.052,0,0,0,0,0
1787071461624.318,0,0,0,0,0
1787071461630.586,0,0,0,0,0
1787071461636.852,0,0,0,0,0
1787071461643.120,0,0,0,0,0
1787071461649.388,0,0,0,0,0
1787071461655.656,0,0,0,0,0
1787071461661.924,0,0,0,0,0
1787071461668.193,0,0,0,0,0
1787071461674.467,0,0,0,0,0
1787071461680.741,0,0,0,0,0
1787071461687.012,0,0,0,0,0
1787071461693.281,0,0,0,0,0
1787071461699.551,0,0,0,0,0
1787071461705.817,0,0,0,0,0
1787071461712.117,0,0,0,0,0
1787071461717.549,0,0,0,0,0
1787071461723.822,0,0,0,0,0
1787071461730.051,0,0,0,0,0
1787071461736.317,0,0,0,0,0
1787071461742.584,0,0,0,0,0
1787071461748.850,0,0,0,0,0
1787071461755.123,0,0,0,0,0
1787071461761.394,0,0,0,0,0
1787071461767.663,0,0,0,0,0
1787071461773.930,0,0,0,0,0
1787071461780.198,0,0,0,0,0
1787071461786.464,0,0,0,0,0
1787071461792.731,0,0,0,0,0
1787071461798.999,0,0,0,0,0
1787071461805.265,0,0,0,0,0
1787071461811.532,0,0,0,0,0
1787071461817.799,0,0,0,0,0
1787071461824.064,0,0,0,0,0
1787071461830.331,0,0,0,0,0
1787071461836.598,0,0,0,0,0
1787071461842.863,0,0,0,0,0
1787071461849.130,0,0,0,0,0
1787071461855.396,0,0,0,0,0
1787071461861.663,0,0,0,0,0
1787071461867.930,0,0,0,0,0
1787071461874.197,0,0,0,0,0
1787071461880.464,0,0,0,0,0
1787071461886.734,0,0,0,0,0
1787071461893.006,0,0,0,0,0
1787071461899.282,0,0,0,0,0
1787071461905.507,0,0,0,0,0
1787071461911.777,0,0,0,0,0
1787071461918.044,0,0,0,0,0
1787071461924.311,0,0,0,0,0
1787071461930.578,0,0,0,0,0
1787071461936.844,0,0,0,0,0
1787071461943.111,0,0,0,0,0
1787071461949.378,0,0,0,0,0
1787071461955.645,0,0,0,0,0
1787071461961.911,0,0,0,0,0
1787071461968.179,0,0,0,0,0
1787071461974.444,0,0,0,0,0
1787071461980.711,0,0,0,0,0
1787071461986.976,0,0,0,0,0
1787071461993.244,0,0,0,0,0
1787071461999.508,0,0,0,0,0
1787071462005.784,0,0,0,0,0
1787071462012.060,0,0,0,0,0
1787071462017.654,0,0,0,0,0
1787071462022.737,0,0,0,0,0
1787071462029.014,0,0,0,0,0
1787071462035.282,0,0,0,0,0
1787071462041.550,0,0,0,0,0
1787071462046.767,0,0,0,0,0
1787071462053.033,0,0,0,0,0
1787071462059.236,0,0,0,0,0
1787071462065.510,0,0,0,0,0
1787071462071.778,0,0,0,0,0
1787071462078.052,0,0,0,0,0
1787071462083.646,0,0,0,0,0
1787071462089.901,0,0,0,0,0
1787071462095.390,0,0,0,0,0
1787071462101.661,0,0,0,0,0
1787071462107.929,0,0,0,0,0
1787071462114.198,0,0,0,0,0
1787071462120.464,0,0,0,0,0
1787071462126.731,0,0,0,0,0
1787071462132.997,0,0,0,0,0
1787071462139.262,0,0,0,0,0
1787071462145.537,0,0,0,0,0
1787071462151.806,0,0,0,0,0
1787071462158.076,0,0,0,0,0
1787071462163.433,0,0,0,0,0
1787071462169.700,0,0,0,0,0
1787071462175.969,0,0,0,0,0
1787071462182.236,0,0,0,0,0
1787071462188.510,0,0,0,0,0
1787071462194.781,0,0,0,0,0
1787071462201.048,0,0,0,0,0
1787071462207.318,0,0,0,0,0
1787071462213.430,0,0,0,0,0
1787071462219.700,0,0,0,0,0
1787071462225.969,0,0,0,0,0
1787071462232.235,0,0,0,0,0
1787071462238.502,0,0,0,0,0
1787071462244.768,0,0,0,0,0
1787071462251.035,0,0,0,0,0
1787071462257.302,0,0,0,0,0
1787071462263.570,0,0,0,0,0
1787071462269.834,0,0,0,0,0
1787071462276.101,0,0,0,0,0
1787071462282.365,0,0,0,0,0
1787071462288.631,0,0,0,0,0
1787071462294.896,0,0,0,0,0
1787071462301.163,0,0,0,0,0
1787071462307.428,0,0,0,0,0
1787071462313.695,0,0,0,0,0
1787071462319.960,0,0,0,0,0
1787071462326.229,0,0,0,0,0
1787071462332.495,0,0,0,0,0
1787071462338.762,0,0,0,0,0
1787071462345.027,0,0,0,0,0
1787071462351.294,0,0,0,0,0
1787071462357.564,0,0,0,0,0
1787071462363.831,0,0,0,0,0
1787071462370.098,0,0,0,0,0
1787071462376.284,0,0,0,0,0
1787071462382.553,0,0,0,0,0
1787071462388.822,0,0,0,0,0
1787071462395.088,0,0,0,0,0
1787071462401.354,0,0,0,0,0
1787071462407.622,0,0,0,0,0
1787071462413.429,0,0,0,0,0
1787071462419.699,0,0,0,0,0
1787071462425.875,0,0,0,0,0
1787071462432.147,0,0,0,0,0
1787071462438.375,0,0,0,0,0
1787071462444.644,0,0,0,0,0
1787071462450.873,0,0,0,0,0
1787071462457.140,0,0,0,0,0
1787071462463.406,0,0,0,0,0
1787071462469.672,0,0,0,0,0
1787071462475.948,0,0,0,0,0
1787071462482.219,0,0,0,0,0
1787071462488.494,0,0,0,0,0
1787071462494.768,0,0,0,0,0
1787071462501.036,0,0,0,0,0
1787071462507.303,0,0,0,0,0
1787071462513.573,0,0,0,0,0
1787071462519.839,0,0,0,0,0
1787071462526.105,0,0,0,0,0
1787071462532.374,0,0,0,0,0
1787071462538.637,0,0,0,0,0
1787071462544.898,0,0,0,0,0
1787071462551.176,0,0,0,0,0
1787071462557.445,0,0,0,0,0
1787071462563.718,0,0,0,0,0
1787071462569.988,0,0,0,0,0
1787071462575.873,0,0,0,0,0
1787071462582.141,0,0,0,0,0
1787071462588.409,0,0,0,0,0
1787071462594.682,0,0,0,0,0
1787071462600.873,0,0,0,0,0
1787071462607.142,0,0,0,0,0
1787071462613.406,0,0,0,0,0
1787071462619.712,0,0,0,0,0
1787071462625.978,0,0,0,0,0
1787071462632.245,0,0,0,0,0
1787071462638.514,0,0,0,0,0
1787071462644.780,0,0,0,0,0
1787071462650.397,0,0,0,0,0
1787071462655.493,0,0,0,0,0
1787071462661.766,0,0,0,0,0
1787071462667.540,0,0,0,0,0
1787071462673.812,0,0,0,0,0
1787071462680.037,0,0,0,0,0
1787071462686.310,0,0,0,0,0
1787071462692.579,0,0,0,0,0
1787071462698.848,0,0,0,0,0
1787071462705.120,0,0,0,0,0
1787071462711.389,0,0,0,0,0
1787071462717.657,0,0,0,0,0
1787071462723.926,0,0,0,0,0
1787071462730.193,0,0,0,0,0
1787071462736.459,0,0,0,0,0
1787071462742.536,0,0,0,0,0
1787071462748.769,0,0,0,0,0
1787071462755.048,0,0,0,0,0
1787071462761.316,0,0,0,0,0
1787071462767.585,0,0,0,0,0
1787071462773.852,0,0,0,0,0
1787071462780.119,0,0,0,0,0
1787071462786.393,0,0,0,0,0
1787071462792.537,0,0,0,0,0
1787071462798.804,0,0,0,0,0
1787071462805.074,0,0,0,0,0
1787071462811.341,0,0,0,0,0
1787071462817.608,0,0,0,0,0
1787071462823.875,0,0,0,0,0
1787071462830.143,0,0,0,0,0
1787071462836.411,0,0,0,0,0
1787071462842.683,0,0,0,0,0
1787071462848.957,0,0,0,0,0
1787071462855.101,0,0,0,0,0
1787071462861.370,0,0,0,0,0
1787071462867.537,0,0,0,0,0
1787071462873.805,0,0,0,0,0
1787071462880.070,0,0,0,0,0
1787071462886.336,0,0,0,0,0
1787071462892.603,0,0,0,0,0
1787071462898.876,0,0,0,0,0
1787071462905.098,0,0,0,0,0
1787071462911.364,0,0,0,0,0
1787071462917.537,0,0,0,0,0
1787071462923.804,0,0,0,0,0
1787071462928.917,0,0,0,0,0
1787071462935.188,0,0,0,0,0
1787071462941.458,0,0,0,0,0
1787071462947.726,0,0,0,0,0
1787071462954.002,0,0,0,0,0
1787071462960.097,0,0,0,0,0
1787071462966.379,0,0,0,0,0
1787071462971.761,0,0,0,0,0
1787071462978.030,0,0,0,0,0
1787071462984.300,0,0,0,0,0
1787071462990.571,0,0,0,0,0
1787071462996.771,0,0,0,0,0
1787071463003.040,0,0,0,0,0
1787071463008.588,0,0,0,0,0
1787071463013.828,0,0,0,0,0
1787071463020.096,0,0,0,0,0
1787071463026.364,0,0,0,0,0
1787071463032.631,0,0,0,0,0
1787071463038.902,0,0,0,0,0
1787071463045.183,0,0,0,0,0
1787071463051.454,0,0,0,0,0
1787071463057.721,0,0,0,0,0
1787071463063.988,0,0,0,0,0
1787071463070.253,0,0,0,0,0
1787071463076.521,0,0,0,0,0
1787071463082.787,0,0,0,0,0
1787071463089.056,0,0,0,0,0
1787071463095.325,0,0,0,0,0
1787071463100.867,0,0,0,0,0
1787071463106.534,0,0,0,0,0
1787071463112.803,0,0,0,0,0
1787071463119.073,0,0,0,0,0
1787071463125.341,0,0,0,0,0
1787071463130.490,0,0,0,0,0
1787071463136.758,0,0,0,0,0
1787071463143.026,0,0,0,0,0
1787071463149.292,0,0,0,0,0
1787071463155.560,0,0,0,0,0
1787071463161.827,0,0,0,0,0
1787071463168.094,0,0,0,0,0
1787071463174.361,0,0,0,0,0
1787071463180.627,0,0,0,0,0
1787071463186.893,0,0,0,0,0
1787071463193.162,0,0,0,0,0
1787071463199.427,0,0,0,0,0
1787071463205.491,0,0,0,0,0
1787071463211.756,0,0,0,0,0
1787071463218.025,0,0,0,0,0
1787071463224.298,0,0,0,0,0
1787071463230.491,0,0,0,0,0
1787071463236.759,0,0,0,0,0
1787071463243.025,0,0,0,0,0
1787071463249.291,0,0,0,0,0
1787071463255.560,0,0,0,0,0
1787071463261.827,0,0,0,0,0
1787071463268.094,0,0,0,0,0
1787071463274.359,0,0,0,0,0
1787071463280.091,0,0,0,0,0
1787071463286.356,0,0,0,0,0
1787071463292.628,0,0,0,0,0
1787071463297.782,0,0,0,0,0
1787071463304.051,0,0,0,0,0
1787071463310.318,0,0,0,0,0
1787071463316.588,0,0,0,0,0
1787071463322.856,0,0,0,0,0
1787071463329.131,0,0,0,0,0
1787071463335.400,0,0,0,0,0
1787071463341.668,0,0,0,0,0
1787071463346.759,0,0,0,0,0
1787071463353.024,0,0,0,0,0
1787071463359.292,0,0,0,0,0
1787071463365.559,0,0,0,0,0
1787071463371.830,0,0,0,0,0
1787071463378.101,0,0,0,0,0
1787071463384.370,0,0,0,0,0
1787071463390.638,0,0,0,0,0
1787071463396.760,0,0,0,0,0
1787071463403.032,0,0,0,0,0
1787071463409.308,0,0,0,0,0
1787071463415.576,0,0,0,0,0
1787071463421.849,0,0,0,0,0
1787071463428.120,0,0,0,0,0
1787071463434.204,0,0,0,0,0
1787071463440.482,0,0,0,0,0
1787071463446.751,0,0,0,0,0
1787071463453.023,0,0,0,0,0
1787071463459.198,0,0,0,0,0
1787071463465.465,0,0,0,0,0
1787071463471.731,0,0,0,0,0
1787071463478.001,0,0,0,0,0
1787071463484.198,0,0,0,0,0
1787071463490.464,0,0,0,0,0
1787071463496.699,0,0,0,0,0
1787071463502.966,0,0,0,0,0
1787071463509.232,0,0,0,0,0
1787071463515.500,0,0,0,0,0
1787071463521.821,0,0,0,0,0
1787071463528.089,0,0,0,0,0
1787071463533.163,0,0,0,0,0
1787071463539.393,0,0,0,0,0
1787071463545.662,0,0,0,0,0
1787071463551.125,0,0,0,0,0
1787071463557.391,0,0,0,0,0
1787071463563.428,0,0,0,0,0
1787071463569.553,0,0,0,0,0
1787071463575.398,0,0,0,0,0
1787071463580.485,0,0,0,0,0
1787071463586.752,0,0,0,0,0
1787071463592.529,0,0,0,0,0
1787071463598.794,0,0,0,0,0
1787071463603.845,0,0,0,0,0
1787071463610.113,0,0,0,0,0
1787071463616.380,0,0,0,0,0
1787071463621.758,0,0,0,0,0
1787071463628.024,0,0,0,0,0
1787071463634.196,0,0,0,0,0
1787071463640.468,0,0,0,0,0
1787071463646.696,0,0,0,0,0
1787071463652.964,0,0,0,0,0
1787071463659.236,0,0,0,0,0
1787071463665.510,0,0,0,0,0
1787071463671.776,0,0,0,0,0
1787071463678.047,0,0,0,0,0
1787071463684.194,0,0,0,0,0
1787071463690.460,0,0,0,0,0
1787071463696.726,0,0,0,0,0
1787071463702.370,0,0,0,0,0
1787071463708.636,0,0,0,0,0
1787071463713.820,0,0,0,0,0
1787071463720.085,0,0,0,0,0
1787071463726.352,0,0,0,0,0
1787071463732.622,0,0,0,0,0
1787071463738.430,0,0,0,0,0
1787071463744.705,0,0,0,0,0
1787071463750.864,0,0,0,0,0
1787071463757.131,0,0,0,0,0
1787071463763.396,0,0,0,0,0
1787071463769.502,0,0,0,0,0
1787071463775.765,0,0,0,0,0
1787071463781.543,0,0,0,0,0
1787071463787.801,0,0,0,0,0
1787071463794.063,0,0,0,0,0
1787071463800.329,0,0,0,0,0
1787071463806.597,0,0,0,0,0
1787071463812.864,0,0,0,0,0
1787071463819.132,0,0,0,0,0
1787071463825.399,0,0,0,0,0
1787071463831.673,0,0,0,0,0
1787071463837.940,0,0,0,0,0
1787071463844.212,0,0,0,0,0
1787071463850.488,0,0,0,0,0
1787071463856.757,0,0,0,0,0
1787071463863.021,0,0,0,0,0
1787071463869.291,0,0,0,0,0
1787071463875.563,0,0,0,0,0
1787071463881.832,0,0,0,0,0
1787071463888.099,0,0,0,0,0
1787071463894.365,0,0,0,0,0
1787071463900.637,0,0,0,0,0
1787071463906.909,0,0,0,0,0
1787071463913.179,0,0,0,0,0
1787071463918.286,0,0,0,0,0
1787071463924.550,0,0,0,0,0
1787071463930.816,0,0,0,0,0
1787071463937.087,0,0,0,0,0
1787071463942.551,0,0,0,0,0
1787071463948.825,0,0,0,0,0
1787071463955.102,0,0,0,0,0
1787071463961.370,0,0,0,0,0
1787071463967.637,0,0,0,0,0
1787071463973.904,0,0,0,0,0
1787071463980.173,0,0,0,0,0
1787071463986.442,0,0,0,0,0
1787071463992.708,0,0,0,0,0
1787071463998.977,0,0,0,0,0
1787071464005.244,0,0,0,0,0
1787071464011.512,0,0,0,0,0
1787071464017.779,0,0,0,0,0
1787071464024.045,0,0,0,0,0
1787071464030.316,0,0,0,0,0
1787071464036.581,0,0,0,0,0
1787071464042.848,0,0,0,0,0
1787071464049.113,0,0,0,0,0
1787071464054.240,0,0,0,0,0
1787071464060.511,0,0,0,0,0
1787071464066.783,0,0,0,0,0
1787071464072.147,0,0,0,0,0
1787071464078.420,0,0,0,0,0
1787071464084.692,0,0,0,0,0
1787071464090.961,0,0,0,0,0
1787071464097.233,0,0,0,0,0
1787071464103.510,0,0,0,0,0
1787071464109.779,0,0,0,0,0
1787071464116.046,0,0,0,0,0
1787071464122.312,0,0,0,0,0
1787071464128.577,0,0,0,0,0
1787071464134.843,0,0,0,0,0
1787071464141.106,0,0,0,0,0
1787071464147.374,0,0,0,0,0
1787071464153.638,0,0,0,0,0
1787071464159.904,0,0,0,0,0
1787071464166.169,0,0,0,0,0
1787071464172.434,0,0,0,0,0
1787071464178.699,0,0,0,0,0
1787071464184.966,0,0,0,0,0
1787071464191.232,0,0,0,0,0
1787071464197.500,0,0,0,0,0
1787071464203.765,0,0,0,0,0
1787071464210.030,0,0,0,0,0
1787071464216.294,0,0,0,0,0
1787071464222.560,0,0,0,0,0
1787071464228.823,0,0,0,0,0
1787071464235.091,0,0,0,0,0
1787071464241.357,0,0,0,0,0
1787071464247.623,0,0,0,0,0
1787071464253.888,0,0,0,0,0
1787071464260.153,0,0,0,0,0
1787071464266.420,0,0,0,0,0
1787071464271.753,0,0,0,0,0
1787071464278.021,0,0,0,0,0
1787071464284.188,0,0,0,0,0
1787071464289.456,0,0,0,0,0
1787071464294.589,0,0,0,0,0
1787071464300.863,0,0,0,0,0
1787071464307.131,0,0,0,0,0
1787071464313.396,0,0,0,0,0
1787071464319.667,0,0,0,0,0
1787071464325.934,0,0,0,0,0
1787071464332.200,0,0,0,0,0
1787071464338.468,0,0,0,0,0
1787071464344.737,0,0,0,0,0
1787071464351.004,0,0,0,0,0
1787071464357.269,0,0,0,0,0
1787071464363.540,0,0,0,0,0
1787071464369.326,0,0,0,0,0
1787071464375.597,0,0,0,0,0
1787071464380.979,0,0,0,0,0
1787071464386.262,0,0,0,0,0
1787071464392.532,0,0,0,0,0
1787071464398.797,0,0,0,0,0
1787071464405.064,0,0,0,0,0
1787071464411.329,0,0,0,0,0
1787071464417.594,0,0,0,0,0
1787071464423.909,0,0,0,0,0
1787071464430.174,0,0,0,0,0
1787071464436.440,0,0,0,0,0
1787071464442.705,0,0,0,0,0
1787071464448.972,0,0,0,0,0
1787071464455.245,0,0,0,0,0
1787071464461.324,0,0,0,0,0
1787071464467.521,0,0,0,0,0
1787071464473.788,0,0,0,0,0
1787071464480.053,0,0,0,0,0
1787071464486.317,0,0,0,0,0
1787071464492.316,0,0,0,0,0
1787071464498.583,0,0,0,0,0
1787071464504.506,0,0,0,0,0
1787071464510.775,0,0,0,0,0
1787071464517.053,0,0,0,0,0
1787071464523.322,0,0,0,0,0
1787071464529.588,0,0,0,0,0
1787071464535.413,0,0,0,0,0
1787071464541.679,0,0,0,0,0
1787071464546.753,0,0,0,0,0
1787071464553.024,0,0,0,0,0
1787071464559.295,0,0,0,0,0
1787071464564.891,0,0,0,0,0
1787071464571.153,0,0,0,0,0
1787071464576.382,0,0,0,0,0
1787071464582.298,0,0,0,0,0
1787071464588.562,0,0,0,0,0
1787071464594.829,0,0,0,0,0
1787071464601.098,0,0,0,0,0
1787071464607.369,0,0,0,0,0
1787071464613.635,0,0,0,0,0
1787071464619.901,0,0,0,0,0
1787071464626.167,0,0,0,0,0
1787071464632.435,0,0,0,0,0
1787071464638.702,0,0,0,0,0
1787071464644.968,0,0,0,0,0
1787071464651.236,0,0,0,0,0
1787071464656.850,0,0,0,0,0
1787071464663.117,0,0,0,0,0
1787071464669.382,0,0,0,0,0
1787071464675.657,0,0,0,0,0
1787071464681.928,0,0,0,0,0
1787071464687.410,0,0,0,0,0
1787071464692.518,0,0,0,0,0
1787071464698.008,0,0,0,0,0
1787071464704.275,0,0,0,0,0
1787071464710.543,0,0,0,0,0
1787071464716.815,0,0,0,0,0
1787071464722.141,0,0,0,0,0
1787071464728.407,0,0,0,0,0
1787071464734.187,0,0,0,0,0
1787071464740.456,0,0,0,0,0
1787071464746.725,0,0,0,0,0
1787071464752.265,0,0,0,0,0
1787071464758.536,0,0,0,0,0
1787071464764.685,0,0,0,0,0
1787071464770.954,0,0,0,0,0
1787071464777.223,0,0,0,0,0
1787071464783.488,0,0,0,0,0
1787071464789.760,0,0,0,0,0
1787071464794.929,0,0,0,0,0
1787071464801.198,0,0,0,0,0
1787071464807.465,0,0,0,0,0
1787071464813.730,0,0,0,0,0
1787071464819.998,0,0,0,0,0
1787071464826.264,0,0,0,0,0
1787071464832.529,0,0,0,0,0
1787071464838.796,0,0,0,0,0
1787071464845.069,0,0,0,0,0
1787071464850.850,0,0,0,0,0
1787071464857.115,0,0,0,0,0
1787071464863.380,0,0,0,0,0
1787071464868.698,0,0,0,0,0
1787071464874.968,0,0,0,0,0
1787071464881.236,0,0,0,0,0
1787071464886.279,0,0,0,0,0
1787071464892.521,0,0,0,0,0
1787071464898.794,0,0,0,0,0
1787071464905.062,0,0,0,0,0
1787071464911.332,0,0,0,0,0
1787071464917.602,0,0,0,0,0
1787071464923.869,0,0,0,0,0
1787071464930.143,0,0,0,0,0
1787071464936.414,0,0,0,0,0
1787071464942.114,0,0,0,0,0
1787071464947.223,0,0,0,0,0
1787071464953.493,0,0,0,0,0
1787071464959.761,0,0,0,0,0
1787071464966.027,0,0,0,0,0
1787071464972.294,0,0,0,0,0
1787071464978.478,0,0,0,0,0
1787071464984.211,0,0,0,0,0
1787071464990.481,0,0,0,0,0
1787071464996.758,0,0,0,0,0
1787071465003.023,0,0,0,0,0
1787071465009.184,0,0,0,0,0
1787071465015.452,0,0,0,0,0
1787071465021.719,0,0,0,0,0
1787071465027.987,0,0,0,0,0
1787071465034.253,0,0,0,0,0
1787071465040.527,0,0,0,0,0
1787071465046.752,0,0,0,0,0
1787071465053.017,0,0,0,0,0
1787071465059.210,0,0,0,0,0
1787071465065.478,0,0,0,0,0
1787071465071.751,0,0,0,0,0
1787071465078.016,0,0,0,0,0
1787071465084.179,0,0,0,0,0
1787071465090.448,0,0,0,0,0
1787071465096.272,0,0,0,0,0
1787071465102.540,0,0,0,0,0
1787071465108.172,0,0,0,0,0
1787071465113.417,0,0,0,0,0
1787071465119.686,0,0,0,0,0
1787071465125.956,0,0,0,0,0
1787071465132.224,0,0,0,0,0
1787071465138.492,0,0,0,0,0
1787071465144.756,0,0,0,0,0
1787071465150.844,0,0,0,0,0
1787071465157.112,0,0,0,0,0
1787071465163.347,0,0,0,0,0
1787071465169.616,0,0,0,0,0
1787071465175.846,0,0,0,0,0
1787071465182.114,0,0,0,0,0
1787071465188.382,0,0,0,0,0
1787071465194.646,0,0,0,0,0
1787071465200.847,0,0,0,0,0
1787071465206.576,0,0,0,0,0
1787071465212.173,0,0,0,0,0
1787071465218.441,0,0,0,0,0
1787071465224.707,0,0,0,0,0
1787071465230.972,0,0,0,0,0
1787071465237.240,0,0,0,0,0
1787071465243.507,0,0,0,0,0
1787071465249.772,0,0,0,0,0
1787071465256.040,0,0,0,0,0
1787071465262.309,0,0,0,0,0
1787071465268.573,0,0,0,0,0
1787071465274.839,0,0,0,0,0
1787071465280.469,0,0,0,0,0
1787071465286.736,0,0,0,0,0
1787071465292.538,0,0,0,0,0
1787071465298.812,0,0,0,0,0
1787071465305.086,0,0,0,0,0
1787071465311.354,0,0,0,0,0
1787071465317.679,0,0,0,0,0
1787071465323.944,0,0,0,0,0
1787071465330.208,0,0,0,0,0
1787071465336.482,0,0,0,0,0
1787071465342.523,0,0,0,0,0
1787071465348.790,0,0,0,0,0
1787071465355.058,0,0,0,0,0
1787071465361.324,0,0,0,0,0
1787071465367.592,0,0,0,0,0
1787071465373.864,0,0,0,0,0
1787071465380.130,0,0,0,0,0
1787071465386.404,0,0,0,0,0
1787071465392.519,0,0,0,0,0
1787071465398.201,0,0,0,0,0
1787071465404.468,0,0,0,0,0
1787071465410.735,0,0,0,0,0
1787071465417.018,0,0,0,0,0
1787071465423.287,0,0,0,0,0
1787071465429.554,0,0,0,0,0
1787071465435.820,0,0,0,0,0
1787071465442.087,0,0,0,0,0
1787071465447.202,0,0,0,0,0
1787071465453.469,0,0,0,0,0
1787071465459.179,0,0,0,0,0
1787071465465.457,0,0,0,0,0
1787071465471.678,0,0,0,0,0
1787071465477.944,0,0,0,0,0
1787071465484.184,0,0,0,0,0
1787071465489.863,0,0,0,0,0
1787071465494.950,0,0,0,0,0
1787071465501.219,0,0,0,0,0
1787071465507.484,0,0,0,0,0
1787071465513.753,0,0,0,0,0
1787071465520.020,0,0,0,0,0
1787071465525.844,0,0,0,0,0
1787071465532.112,0,0,0,0,0
1787071465538.377,0,0,0,0,0
1787071465544.131,0,0,0,0,0
1787071465550.243,0,0,0,0,0
1787071465556.512,0,0,0,0,0
1787071465562.226,0,0,0,0,0
1787071465568.501,0,0,0,0,0
1787071465574.771,0,0,0,0,0
1787071465580.467,0,0,0,0,0
1787071465586.736,0,0,0,0,0
1787071465593.004,0,0,0,0,0
1787071465599.276,0,0,0,0,0
1787071465605.006,0,0,0,0,0
1787071465611.272,0,0,0,0,0
1787071465617.539,0,0,0,0,0
1787071465623.806,0,0,0,0,0
1787071465630.080,0,0,0,0,0
1787071465636.348,0,0,0,0,0
1787071465642.615,0,0,0,0,0
1787071465648.883,0,0,0,0,0
1787071465655.150,0,0,0,0,0
1787071465661.423,0,0,0,0,0
1787071465667.691,0,0,0,0,0
1787071465673.142,0,0,0,0,0
1787071465679.412,0,0,0,0,0
1787071465685.682,0,0,0,0,0
1787071465691.949,0,0,0,0,0
1787071465698.214,0,0,0,0,0
1787071465704.436,0,0,0,0,0
1787071465710.706,0,0,0,0,0
1787071465716.980,0,0,0,0,0
1787071465723.246,0,0,0,0,0
1787071465729.512,0,0,0,0,0
1787071465735.781,0,0,0,0,0
1787071465740.884,0,0,0,0,0
1787071465746.457,0,0,0,0,0
1787071465752.725,0,0,0,0,0
1787071465758.537,0,0,0,0,0
1787071465764.805,0,0,0,0,0
1787071465771.073,0,0,0,0,0
1787071465777.341,0,0,0,0,0
1787071465783.619,0,0,0,0,0
1787071465789.858,0,0,0,0,0
1787071465796.126,0,0,0,0,0
1787071465802.392,0,0,0,0,0
1787071465808.668,0,0,0,0,0
1787071465814.935,0,0,0,0,0
1787071465821.202,0,0,0,0,0
1787071465827.476,0,0,0,0,0
1787071465833.751,0,0,0,0,0
1787071465838.798,0,0,0,0,0
1787071465845.068,0,0,0,0,0
1787071465850.838,0,0,0,0,0
1787071465856.527,0,0,0,0,0
1787071465862.794,0,0,0,0,0
1787071465869.061,0,0,0,0,0
1787071465875.325,0,0,0,0,0
1787071465881.593,0,0,0,0,0
1787071465887.862,0,0,0,0,0
1787071465894.129,0,0,0,0,0
1787071465900.396,0,0,0,0,0
1787071465905.464,0,0,0,0,0
1787071465911.731,0,0,0,0,0
1787071465917.508,0,0,0,0,0
1787071465923.777,0,0,0,0,0
1787071465930.051,0,0,0,0,0
1787071465936.327,0,0,0,0,0
1787071465942.593,0,0,0,0,0
1787071465948.867,0,0,0,0,0
1787071465955.136,0,0,0,0,0
1787071465960.326,0,0,0,0,0
1787071465966.595,0,0,0,0,0
1787071465972.869,0,0,0,0,0
1787071465979.135,0,0,0,0,0
1787071465984.199,0,0,0,0,0
1787071465990.472,0,0,0,0,0
1787071465996.750,0,0,0,0,0
1787071466003.018,0,0,0,0,0
1787071466009.188,0,0,0,0,0
1787071466015.417,0,0,0,0,0
1787071466021.686,0,0,0,0,0
1787071466027.952,0,0,0,0,0
1787071466034.223,0,0,0,0,0
1787071466040.488,0,0,0,0,0
1787071466046.754,0,0,0,0,0
1787071466053.020,0,0,0,0,0
1787071466059.293,0,0,0,0,0
1787071466065.065,0,0,0,0,0
1787071466071.335,0,0,0,0,0
1787071466077.603,0,0,0,0,0
1787071466083.885,0,0,0,0,0
1787071466090.153,0,0,0,0,0
1787071466095.996,0,0,0,0,0
1787071466102.263,0,0,0,0,0
1787071466108.532,0,0,0,0,0
1787071466114.804,0,0,0,0,0
1787071466121.015,0,0,0,0,0
1787071466127.283,0,0,0,0,0
1787071466132.584,0,0,0,0,0
1787071466138.434,0,0,0,0,0
1787071466144.700,0,0,0,0,0
1787071466150.838,0,0,0,0,0
1787071466157.107,0,0,0,0,0
1787071466163.372,0,0,0,0,0
1787071466168.817,0,0,0,0,0
1787071466175.084,0,0,0,0,0
1787071466180.463,0,0,0,0,0
1787071466186.728,0,0,0,0,0
1787071466192.503,0,0,0,0,0
1787071466198.779,0,0,0,0,0
1787071466205.003,0,0,0,0,0
1787071466211.315,0,0,0,0,0
1787071466217.587,0,0,0,0,0
1787071466223.861,0,0,0,0,0
1787071466230.131,0,0,0,0,0
1787071466236.397,0,0,0,0,0
1787071466242.506,0,0,0,0,0
1787071466248.775,0,0,0,0,0
1787071466255.042,0,0,0,0,0
1787071466261.309,0,0,0,0,0
1787071466267.503,0,0,0,0,0
1787071466273.770,0,0,0,0,0
1787071466280.035,0,0,0,0,0
1787071466286.309,0,0,0,0,0
1787071466292.582,0,0,0,0,0
1787071466298.854,0,0,0,0,0
1787071466305.126,0,0,0,0,0
1787071466311.393,0,0,0,0,0
1787071466317.502,0,0,0,0,0
1787071466323.770,0,0,0,0,0
1787071466330.034,0,0,0,0,0
1787071466336.298,0,0,0,0,0
1787071466342.502,0,0,0,0,0
1787071466348.008,0,0,0,0,0
1787071466353.450,0,0,0,0,0
1787071466359.175,0,0,0,0,0
1787071466364.664,0,0,0,0,0
1787071466370.933,0,0,0,0,0
1787071466377.201,0,0,0,0,0
1787071466383.469,0,0,0,0,0
1787071466389.737,0,0,0,0,0
1787071466396.005,0,0,0,0,0
1787071466402.273,0,0,0,0,0
1787071466408.557,0,0,0,0,0
1787071466414.825,0,0,0,0,0
1787071466421.102,0,0,0,0,0
1787071466427.369,0,0,0,0,0
1787071466433.635,0,0,0,0,0
1787071466439.902,0,0,0,0,0
1787071466446.168,0,0,0,0,0
1787071466452.438,0,0,0,0,0
1787071466458.714,0,0,0,0,0
1787071466464.981,0,0,0,0,0
1787071466471.249,0,0,0,0,0
1787071466477.516,0,0,0,0,0
1787071466483.792,0,0,0,0,0
1787071466489.906,0,0,0,0,0
1787071466496.173,0,0,0,0,0
1787071466502.440,0,0,0,0,0
1787071466508.708,0,0,0,0,0
1787071466514.980,0,0,0,0,0
1787071466520.821,0,0,0,0,0
1787071466527.085,0,0,0,0,0
1787071466533.363,0,0,0,0,0
1787071466538.412,0,0,0,0,0
1787071466544.684,0,0,0,0,0
1787071466550.964,0,0,0,0,0
1787071466557.229,0,0,0,0,0
1787071466563.498,0,0,0,0,0
1787071466569.764,0,0,0,0,0
1787071466576.032,0,0,0,0,0
1787071466582.299,0,0,0,0,0
1787071466588.568,0,0,0,0,0
1787071466594.839,0,0,0,0,0
1787071466600.839,0,0,0,0,0
1787071466607.107,0,0,0,0,0
1787071466613.333,0,0,0,0,0
1787071466619.603,0,0,0,0,0
1787071466625.868,0,0,0,0,0
1787071466632.141,0,0,0,0,0
1787071466638.412,0,0,0,0,0
1787071466644.678,0,0,0,0,0
1787071466650.833,0,0,0,0,0
1787071466657.100,0,0,0,0,0
1787071466663.331,0,0,0,0,0
1787071466669.596,0,0,0,0,0
1787071466675.498,0,0,0,0,0
1787071466681.766,0,0,0,0,0
1787071466688.042,0,0,0,0,0
1787071466693.620,0,0,0,0,0
1787071466699.902,0,0,0,0,0
1787071466705.457,0,0,0,0,0
1787071466711.729,0,0,0,0,0
1787071466717.995,0,0,0,0,0
1787071466724.263,0,0,0,0,0
1787071466730.529,0,0,0,0,0
1787071466736.805,0,0,0,0,0
1787071466742.496,0,0,0,0,0
1787071466748.774,0,0,0,0,0
1787071466754.998,0,0,0,0,0
1787071466761.273,0,0,0,0,0
1787071466767.544,0,0,0,0,0
1787071466773.817,0,0,0,0,0
1787071466780.093,0,0,0,0,0
1787071466786.363,0,0,0,0,0
1787071466792.630,0,0,0,0,0
1787071466798.895,0,0,0,0,0
1787071466805.160,0,0,0,0,0
1787071466811.425,0,0,0,0,0
1787071466817.693,0,0,0,0,0
1787071466823.959,0,0,0,0,0
1787071466830.226,0,0,0,0,0
1787071466836.490,0,0,0,0,0
1787071466842.758,0,0,0,0,0
1787071466849.025,0,0,0,0,0
1787071466855.289,0,0,0,0,0
1787071466861.556,0,0,0,0,0
1787071466867.829,0,0,0,0,0
1787071466874.107,0,0,0,0,0
1787071466880.375,0,0,0,0,0
1787071466886.642,0,0,0,0,0
1787071466892.908,0,0,0,0,0
1787071466898.832,0,0,0,0,0
1787071466905.103,0,0,0,0,0
1787071466911.375,0,0,0,0,0
1787071466917.644,0,0,0,0,0
1787071466923.910,0,0,0,0,0
1787071466930.177,0,0,0,0,0
1787071466936.443,0,0,0,0,0
1787071466942.708,0,0,0,0,0
1787071466948.986,0,0,0,0,0
1787071466955.256,0,0,0,0,0
1787071466961.522,0,0,0,0,0
1787071466967.497,0,0,0,0,0
1787071466973.765,0,0,0,0,0
1787071466980.031,0,0,0,0,0
1787071466986.300,0,0,0,0,0
1787071466992.494,0,0,0,0,0
1787071466998.762,0,0,0,0,0
1787071467005.029,0,0,0,0,0
1787071467011.295,0,0,0,0,0
1787071467017.561,0,0,0,0,0
1787071467023.828,0,0,0,0,0
1787071467030.102,0,0,0,0,0
1787071467036.379,0,0,0,0,0
1787071467042.572,0,0,0,0,0
1787071467048.254,0,0,0,0,0
1787071467054.521,0,0,0,0,0
1787071467060.317,0,0,0,0,0
1787071467066.588,0,0,0,0,0
1787071467072.854,0,0,0,0,0
1787071467077.919,0,0,0,0,0
1787071467084.162,0,0,0,0,0
1787071467090.430,0,0,0,0,0
1787071467096.696,0,0,0,0,0
1787071467102.965,0,0,0,0,0
1787071467109.237,0,0,0,0,0
1787071467115.504,0,0,0,0,0
1787071467121.833,0,0,0,0,0
1787071467128.099,0,0,0,0,0
1787071467134.366,0,0,0,0,0
1787071467140.630,0,0,0,0,0
1787071467146.898,0,0,0,0,0
1787071467153.169,0,0,0,0,0
1787071467159.439,0,0,0,0,0
1787071467165.706,0,0,0,0,0
1787071467171.974,0,0,0,0,0
1787071467178.240,0,0,0,0,0
1787071467184.508,0,0,0,0,0
1787071467190.775,0,0,0,0,0
1787071467197.042,0,0,0,0,0
1787071467202.648,0,0,0,0,0
1787071467208.917,0,0,0,0,0
1787071467215.185,0,0,0,0,0
1787071467221.452,0,0,0,0,0
1787071467227.718,0,0,0,0,0
1787071467233.996,0,0,0,0,0
1787071467240.263,0,0,0,0,0
1787071467246.530,0,0,0,0,0
1787071467252.800,0,0,0,0,0
1787071467259.078,0,0,0,0,0
1787071467265.342,0,0,0,0,0
1787071467271.608,0,0,0,0,0
1787071467277.873,0,0,0,0,0
1787071467284.150,0,0,0,0,0
1787071467290.225,0,0,0,0,0
1787071467296.493,0,0,0,0,0
1787071467302.759,0,0,0,0,0
1787071467309.038,0,0,0,0,0
1787071467315.308,0,0,0,0,0
1787071467320.916,0,0,0,0,0
1787071467327.183,0,0,0,0,0
1787071467333.450,0,0,0,0,0
1787071467339.718,0,0,0,0,0
1787071467345.985,0,0,0,0,0
1787071467352.251,0,0,0,0,0
1787071467358.520,0,0,0,0,0
1787071467363.780,0,0,0,0,0
1787071467370.064,0,0,0,0,0
1787071467376.333,0,0,0,0,0
1787071467382.601,0,0,0,0,0
1787071467388.868,0,0,0,0,0
1787071467395.142,0,0,0,0,0
1787071467400.824,0,0,0,0,0
1787071467407.096,0,0,0,0,0
1787071467413.365,0,0,0,0,0
1787071467419.637,0,0,0,0,0
1787071467425.905,0,0,0,0,0
1787071467432.175,0,0,0,0,0
1787071467438.441,0,0,0,0,0
1787071467444.708,0,0,0,0,0
1787071467450.979,0,0,0,0,0
1787071467457.249,0,0,0,0,0
1787071467463.514,0,0,0,0,0
1787071467469.779,0,0,0,0,0
1787071467476.044,0,0,0,0,0
1787071467482.323,0,0,0,0,0
1787071467488.590,0,0,0,0,0
1787071467494.865,0,0,0,0,0
1787071467501.132,0,0,0,0,0
1787071467507.400,0,0,0,0,0
1787071467513.667,0,0,0,0,0
1787071467519.947,0,0,0,0,0
1787071467526.213,0,0,0,0,0
1787071467532.494,0,0,0,0,0
1787071467538.758,0,0,0,0,0
1787071467545.024,0,0,0,0,0
1787071467550.816,0,0,0,0,0
1787071467557.077,0,0,0,0,0
1787071467563.322,0,0,0,0,0
1787071467569.601,0,0,0,0,0
1787071467575.175,0,0,0,0,0
1787071467580.551,0,0,0,0,0
1787071467586.823,0,0,0,0,0
1787071467592.493,0,0,0,0,0
1787071467598.759,0,0,0,0,0
1787071467605.026,0,0,0,0,0
1787071467611.291,0,0,0,0,0
1787071467617.558,0,0,0,0,0
1787071467623.825,0,0,0,0,0
1787071467630.093,0,0,0,0,0
1787071467636.357,0,0,0,0,0
1787071467642.623,0,0,0,0,0
1787071467648.888,0,0,0,0,0
1787071467655.155,0,0,0,0,0
1787071467661.420,0,0,0,0,0
1787071467667.687,0,0,0,0,0
1787071467673.952,0,0,0,0,0
1787071467680.218,0,0,0,0,0
1787071467686.483,0,0,0,0,0
1787071467692.749,0,0,0,0,0
1787071467699.013,0,0,0,0,0
1787071467705.280,0,0,0,0,0
1787071467711.547,0,0,0,0,0
1787071467717.814,0,0,0,0,0
1787071467724.079,0,0,0,0,0
1787071467730.346,0,0,0,0,0
1787071467736.610,0,0,0,0,0
1787071467742.882,0,0,0,0,0
1787071467748.415,0,0,0,0,0
1787071467754.248,0,0,0,0,0
1787071467760.515,0,0,0,0,0
1787071467766.605,0,0,0,0,0
1787071467772.873,0,0,0,0,0
1787071467778.916,0,0,0,0,0
1787071467785.183,0,0,0,0,0
1787071467791.232,0,0,0,0,0
1787071467797.391,0,0,0,0,0
1787071467803.660,0,0,0,0,0
1787071467809.364,0,0,0,0,0
1787071467815.640,0,0,0,0,0
1787071467821.269,0,0,0,0,0
1787071467827.537,0,0,0,0,0
1787071467833.804,0,0,0,0,0
1787071467840.071,0,0,0,0,0
1787071467846.338,0,0,0,0,0
1787071467852.602,0,0,0,0,0
1787071467858.875,0,0,0,0,0
1787071467864.113,0,0,0,0,0
1787071467870.041,0,0,0,0,0
1787071467875.820,0,0,0,0,0
1787071467880.932,0,0,0,0,0
1787071467887.199,0,0,0,0,0
1787071467892.498,0,0,0,0,0
1787071467898.763,0,0,0,0,0
1787071467905.029,0,0,0,0,0
1787071467911.295,0,0,0,0,0
1787071467917.562,0,0,0,0,0
1787071467923.828,0,0,0,0,0
1787071467930.095,0,0,0,0,0
1787071467936.360,0,0,0,0,0
1787071467942.627,0,0,0,0,0
1787071467948.894,0,0,0,0,0
1787071467955.159,0,0,0,0,0
1787071467961.424,0,0,0,0,0
1787071467967.690,0,0,0,0,0
1787071467973.954,0,0,0,0,0
1787071467980.218,0,0,0,0,0
1787071467985.912,0,0,0,0,0
1787071467992.173,0,0,0,0,0
1787071467997.547,0,0,0,0,0
1787071468003.807,0,0,0,0,0
1787071468010.065,0,0,0,0,0
1787071468016.323,0,0,0,0,0
1787071468022.600,0,0,0,0,0
1787071468028.865,0,0,0,0,0
1787071468035.134,0,0,0,0,0
1787071468041.401,0,0,0,0,0
1787071468047.671,0,0,0,0,0
1787071468053.941,0,0,0,0,0
1787071468060.209,0,0,0,0,0
1787071468066.481,0,0,0,0,0
1787071468072.616,0,0,0,0,0
1787071468078.886,0,0,0,0,0
1787071468085.159,0,0,0,0,0
1787071468091.427,0,0,0,0,0
1787071468097.637,0,0,0,0,0
1787071468103.905,0,0,0,0,0
1787071468110.172,0,0,0,0,0
1787071468116.439,0,0,0,0,0
1787071468122.514,0,0,0,0,0
1787071468128.784,0,0,0,0,0
1787071468135.052,0,0,0,0,0
1787071468141.316,0,0,0,0,0
1787071468147.583,0,0,0,0,0
1787071468153.848,0,0,0,0,0
1787071468160.115,0,0,0,0,0
1787071468166.381,0,0,0,0,0
1787071468172.647,0,0,0,0,0
1787071468178.912,0,0,0,0,0
1787071468185.179,0,0,0,0,0
1787071468191.446,0,0,0,0,0
1787071468197.714,0,0,0,0,0
1787071468203.979,0,0,0,0,0
1787071468210.246,0,0,0,0,0
1787071468216.510,0,0,0,0,0
1787071468222.778,0,0,0,0,0
1787071468229.045,0,0,0,0,0
1787071468235.312,0,0,0,0,0
1787071468241.578,0,0,0,0,0
1787071468247.846,0,0,0,0,0
1787071468254.111,0,0,0,0,0
1787071468260.385,0,0,0,0,0
1787071468266.661,0,0,0,0,0
1787071468272.932,0,0,0,0,0
1787071468279.199,0,0,0,0,0
1787071468285.466,0,0,0,0,0
1787071468291.731,0,0,0,0,0
1787071468297.795,0,0,0,0,0
1787071468304.060,0,0,0,0,0
1787071468310.327,0,0,0,0,0
1787071468316.593,0,0,0,0,0
1787071468322.861,0,0,0,0,0
1787071468329.135,0,0,0,0,0
1787071468334.174,0,0,0,0,0
1787071468340.441,0,0,0,0,0
1787071468346.706,0,0,0,0,0
1787071468352.973,0,0,0,0,0
1787071468359.245,0,0,0,0,0
1787071468364.521,0,0,0,0,0
1787071468369.969,0,0,0,0,0
1787071468376.238,0,0,0,0,0
1787071468382.520,0,0,0,0,0
1787071468388.402,0,0,0,0,0
1787071468394.670,0,0,0,0,0
1787071468400.938,0,0,0,0,0
1787071468406.575,0,0,0,0,0
1787071468412.631,0,0,0,0,0
1787071468418.899,0,0,0,0,0
1787071468425.167,0,0,0,0,0
1787071468431.441,0,0,0,0,0
1787071468437.716,0,0,0,0,0
1787071468443.982,0,0,0,0,0
1787071468450.254,0,0,0,0,0
1787071468456.265,0,0,0,0,0
1787071468462.535,0,0,0,0,0
1787071468468.803,0,0,0,0,0
1787071468475.078,0,0,0,0,0
1787071468481.343,0,0,0,0,0
1787071468487.610,0,0,0,0,0
1787071468493.877,0,0,0,0,0
1787071468500.143,0,0,0,0,0
1787071468506.411,0,0,0,0,0
1787071468512.010,0,0,0,0,0
1787071468517.481,0,0,0,0,0
1787071468523.747,0,0,0,0,0
1787071468530.011,0,0,0,0,0
1787071468536.282,0,0,0,0,0
1787071468542.481,0,0,0,0,0
1787071468548.014,0,0,0,0,0
1787071468554.281,0,0,0,0,0
1787071468559.974,0,0,0,0,0
1787071468565.986,0,0,0,0,0
1787071468572.263,0,0,0,0,0
1787071468578.530,0,0,0,0,0
1787071468584.158,0,0,0,0,0
1787071468590.427,0,0,0,0,0
1787071468596.692,0,0,0,0,0
1787071468602.960,0,0,0,0,0
1787071468609.227,0,0,0,0,0
1787071468615.494,0,0,0,0,0
1787071468621.761,0,0,0,0,0
1787071468628.027,0,0,0,0,0
1787071468634.294,0,0,0,0,0
1787071468640.558,0,0,0,0,0
1787071468646.825,0,0,0,0,0
1787071468653.091,0,0,0,0,0
1787071468659.358,0,0,0,0,0
1787071468665.623,0,0,0,0,0
1787071468671.890,0,0,0,0,0
1787071468678.155,0,0,0,0,0
1787071468684.420,0,0,0,0,0
1787071468690.685,0,0,0,0,0
1787071468696.952,0,0,0,0,0
1787071468703.217,0,0,0,0,0
1787071468709.483,0,0,0,0,0
1787071468715.748,0,0,0,0,0
1787071468722.015,0,0,0,0,0
1787071468728.280,0,0,0,0,0
1787071468734.548,0,0,0,0,0
1787071468740.813,0,0,0,0,0
1787071468747.080,0,0,0,0,0
1787071468753.345,0,0,0,0,0
1787071468759.613,0,0,0,0,0
1787071468765.877,0,0,0,0,0
1787071468772.150,0,0,0,0,0
1787071468778.420,0,0,0,0,0
1787071468784.689,0,0,0,0,0
1787071468790.955,0,0,0,0,0
1787071468797.223,0,0,0,0,0
1787071468803.489,0,0,0,0,0
1787071468809.756,0,0,0,0,0
1787071468816.022,0,0,0,0,0
1787071468822.289,0,0,0,0,0
1787071468828.555,0,0,0,0,0
1787071468834.823,0,0,0,0,0
1787071468841.088,0,0,0,0,0
1787071468847.356,0,0,0,0,0
1787071468853.624,0,0,0,0,0
1787071468859.891,0,0,0,0,0
1787071468866.159,0,0,0,0,0
1787071468872.427,0,0,0,0,0
1787071468878.693,0,0,0,0,0
1787071468884.959,0,0,0,0,0
1787071468891.227,0,0,0,0,0
1787071468897.494,0,0,0,0,0
1787071468903.761,0,0,0,0,0
1787071468910.028,0,0,0,0,0
1787071468916.294,0,0,0,0,0
1787071468922.558,0,0,0,0,0
1787071468928.854,0,0,0,0,0
1787071468935.111,0,0,0,0,0
1787071468941.371,0,0,0,0,0
1787071468947.639,0,0,0,0,0
1787071468953.082,0,0,0,0,0
1787071468959.354,0,0,0,0,0
1787071468965.624,0,0,0,0,0
1787071468971.889,0,0,0,0,0
1787071468978.163,0,0,0,0,0
1787071468984.433,0,0,0,0,0
1787071468990.701,0,0,0,0,0
1787071468995.802,0,0,0,0,0
1787071469002.071,0,0,0,0,0
1787071469008.340,0,0,0,0,0
1787071469014.613,0,0,0,0,0
1787071469020.882,0,0,0,0,0
1787071469027.148,0,0,0,0,0
1787071469033.413,0,0,0,0,0
1787071469038.835,0,0,0,0,0
1787071469045.109,0,0,0,0,0
1787071469050.818,0,0,0,0,0
1787071469056.501,0,0,0,0,0
1787071469062.770,0,0,0,0,0
1787071469069.040,0,0,0,0,0
1787071469075.319,0,0,0,0,0
1787071469080.433,0,0,0,0,0
1787071469086.041,0,0,0,0,0
1787071469092.311,0,0,0,0,0
1787071469098.576,0,0,0,0,0
1787071469104.852,0,0,0,0,0
1787071469111.125,0,0,0,0,0
1787071469117.355,0,0,0,0,0
1787071469123.624,0,0,0,0,0
1787071469129.905,0,0,0,0,0
1787071469136.170,0,0,0,0,0
1787071469142.422,0,0,0,0,0
1787071469148.498,0,0,0,0,0
1787071469154.764,0,0,0,0,0
1787071469161.039,0,0,0,0,0
1787071469167.316,0,0,0,0,0
1787071469173.517,0,0,0,0,0
1787071469179.784,0,0,0,0,0
1787071469186.051,0,0,0,0,0
1787071469192.324,0,0,0,0,0
1787071469198.538,0,0,0,0,0
1787071469204.500,0,0,0,0,0
1787071469210.769,0,0,0,0,0
1787071469217.041,0,0,0,0,0
1787071469223.308,0,0,0,0,0
1787071469229.585,0,0,0,0,0
1787071469235.859,0,0,0,0,0
1787071469242.137,0,0,0,0,0
1787071469248.404,0,0,0,0,0
1787071469254.671,0,0,0,0,0
1787071469260.937,0,0,0,0,0
1787071469267.166,0,0,0,0,0
1787071469272.527,0,0,0,0,0
1787071469278.415,0,0,0,0,0
1787071469284.684,0,0,0,0,0
1787071469290.951,0,0,0,0,0
1787071469297.217,0,0,0,0,0
1787071469303.482,0,0,0,0,0
1787071469309.750,0,0,0,0,0
1787071469314.825,0,0,0,0,0
1787071469321.092,0,0,0,0,0
1787071469327.358,0,0,0,0,0
1787071469333.635,0,0,0,0,0
1787071469338.831,0,0,0,0,0
1787071469345.099,0,0,0,0,0
1787071469351.366,0,0,0,0,0
1787071469357.635,0,0,0,0,0
1787071469363.332,0,0,0,0,0
1787071469368.811,0,0,0,0,0
1787071469375.080,0,0,0,0,0
1787071469380.427,0,0,0,0,0
1787071469386.693,0,0,0,0,0
1787071469392.960,0,0,0,0,0
1787071469399.227,0,0,0,0,0
1787071469405.492,0,0,0,0,0
1787071469411.757,0,0,0,0,0
1787071469418.024,0,0,0,0,0
1787071469423.725,0,0,0,0,0
1787071469429.998,0,0,0,0,0
1787071469436.262,0,0,0,0,0
1787071469442.528,0,0,0,0,0
1787071469448.745,0,0,0,0,0
1787071469455.018,0,0,0,0,0
1787071469461.284,0,0,0,0,0
1787071469467.554,0,0,0,0,0
1787071469473.822,0,0,0,0,0
1787071469479.180,0,0,0,0,0
1787071469485.447,0,0,0,0,0
1787071469490.549,0,0,0,0,0
1787071469496.814,0,0,0,0,0
1787071469501.900,0,0,0,0,0
1787071469507.128,0,0,0,0,0
1787071469513.396,0,0,0,0,0
1787071469519.660,0,0,0,0,0
1787071469525.927,0,0,0,0,0
1787071469532.194,0,0,0,0,0
1787071469538.461,0,0,0,0,0
1787071469544.727,0,0,0,0,0
1787071469550.994,0,0,0,0,0
1787071469556.303,0,0,0,0,0
1787071469562.572,0,0,0,0,0
1787071469568.839,0,0,0,0,0
1787071469575.106,0,0,0,0,0
1787071469580.427,0,0,0,0,0
1787071469585.473,0,0,0,0,0
1787071469591.741,0,0,0,0,0
1787071469597.867,0,0,0,0,0
1787071469603.799,0,0,0,0,0
1787071469610.066,0,0,0,0,0
1787071469616.334,0,0,0,0,0
1787071469622.600,0,0,0,0,0
1787071469628.868,0,0,0,0,0
1787071469633.943,0,0,0,0,0
1787071469640.212,0,0,0,0,0
1787071469646.480,0,0,0,0,0
1787071469652.748,0,0,0,0,0
1787071469659.015,0,0,0,0,0
1787071469664.469,0,0,0,0,0
1787071469670.742,0,0,0,0,0
1787071469675.802,0,0,0,0,0
1787071469682.070,0,0,0,0,0
1787071469688.328,0,0,0,0,0
1787071469694.596,0,0,0,0,0
1787071469700.802,0,0,0,0,0
1787071469707.070,0,0,0,0,0
1787071469713.328,0,0,0,0,0
1787071469719.174,0,0,0,0,0
1787071469725.436,0,0,0,0,0
1787071469731.482,0,0,0,0,0
1787071469737.739,0,0,0,0,0
1787071469744.004,0,0,0,0,0
1787071469750.274,0,0,0,0,0
1787071469755.594,0,0,0,0,0
1787071469761.804,0,0,0,0,0
1787071469768.076,0,0,0,0,0
1787071469774.346,0,0,0,0,0
1787071469780.620,0,0,0,0,0
1787071469786.889,0,0,0,0,0
1787071469792.940,0,0,0,0,0
1787071469799.209,0,0,0,0,0
1787071469805.478,0,0,0,0,0
1787071469811.743,0,0,0,0,0
1787071469818.057,0,0,0,0,0
1787071469824.325,0,0,0,0,0
1787071469830.593,0,0,0,0,0
1787071469836.872,0,0,0,0,0
1787071469842.467,0,0,0,0,0
1787071469848.734,0,0,0,0,0
1787071469854.997,0,0,0,0,0
1787071469860.526,0,0,0,0,0
1787071469866.805,0,0,0,0,0
1787071469873.044,0,0,0,0,0
1787071469879.312,0,0,0,0,0
1787071469885.584,0,0,0,0,0
1787071469890.772,0,0,0,0,0
1787071469897.039,0,0,0,0,0
1787071469903.307,0,0,0,0,0
1787071469909.133,0,0,0,0,0
1787071469915.402,0,0,0,0,0
1787071469921.660,0,0,0,0,0
1787071469926.687,0,0,0,0,0
1787071469932.954,0,0,0,0,0
1787071469939.223,0,0,0,0,0
1787071469945.490,0,0,0,0,0
1787071469951.757,0,0,0,0,0
1787071469958.027,0,0,0,0,0
1787071469964.294,0,0,0,0,0
1787071469970.560,0,0,0,0,0
1787071469976.828,0,0,0,0,0
1787071469983.096,0,0,0,0,0
1787071469989.364,0,0,0,0,0
1787071469995.632,0,0,0,0,0
1787071470000.801,0,0,0,0,0
1787071470007.070,0,0,0,0,0
1787071470013.331,0,0,0,0,0
1787071470019.600,0,0,0,0,0
1787071470025.871,0,0,0,0,0
1787071470032.142,0,0,0,0,0
1787071470038.409,0,0,0,0,0
1787071470044.686,0,0,0,0,0
1787071470050.953,0,0,0,0,0
1787071470056.661,0,0,0,0,0
1787071470062.928,0,0,0,0,0
1787071470069.195,0,0,0,0,0
1787071470075.468,0,0,0,0,0
1787071470081.735,0,0,0,0,0
1787071470088.006,0,0,0,0,0
1787071470094.280,0,0,0,0,0
1787071470100.549,0,0,0,0,0
1787071470106.818,0,0,0,0,0
1787071470113.086,0,0,0,0,0
1787071470118.485,0,0,0,0,0
1787071470124.301,0,0,0,0,0
1787071470130.571,0,0,0,0,0
1787071470136.747,0,0,0,0,0
1787071470143.012,0,0,0,0,0
1787071470149.279,0,0,0,0,0
1787071470154.994,0,0,0,0,0
1787071470161.261,0,0,0,0,0
1787071470167.463,0,0,0,0,0
1787071470173.729,0,0,0,0,0
1787071470180.001,0,0,0,0,0
1787071470186.269,0,0,0,0,0
1787071470192.537,0,0,0,0,0
1787071470198.144,0,0,0,0,0
1787071470204.406,0,0,0,0,0
1787071470210.672,0,0,0,0,0
1787071470216.940,0,0,0,0,0
1787071470223.179,0,0,0,0,0
1787071470229.444,0,0,0,0,0
1787071470235.711,0,0,0,0,0
1787071470241.978,0,0,0,0,0
1787071470248.244,0,0,0,0,0
1787071470254.510,0,0,0,0,0
1787071470260.783,0,0,0,0,0
1787071470267.053,0,0,0,0,0
1787071470272.088,0,0,0,0,0
1787071470278.355,0,0,0,0,0
1787071470284.624,0,0,0,0,0
1787071470290.890,0,0,0,0,0
1787071470297.153,0,0,0,0,0
1787071470303.425,0,0,0,0,0
1787071470309.694,0,0,0,0,0
1787071470315.071,0,0,0,0,0
1787071470321.341,0,0,0,0,0
1787071470327.607,0,0,0,0,0
1787071470332.801,0,0,0,0,0
1787071470339.073,0,0,0,0,0
1787071470345.347,0,0,0,0,0
1787071470351.619,0,0,0,0,0
1787071470357.822,0,0,0,0,0
1787071470364.089,0,0,0,0,0
1787071470370.361,0,0,0,0,0
1787071470375.795,0,0,0,0,0
1787071470382.062,0,0,0,0,0
1787071470387.603,0,0,0,0,0
1787071470393.871,0,0,0,0,0
1787071470400.138,0,0,0,0,0
1787071470406.405,0,0,0,0,0
1787071470412.684,0,0,0,0,0
1787071470418.952,0,0,0,0,0
1787071470424.541,0,0,0,0,0
1787071470430.418,0,0,0,0,0
1787071470436.692,0,0,0,0,0
1787071470442.960,0,0,0,0,0
1787071470449.228,0,0,0,0,0
1787071470455.494,0,0,0,0,0
1787071470461.759,0,0,0,0,0
1787071470466.827,0,0,0,0,0
1787071470473.096,0,0,0,0,0
1787071470479.373,0,0,0,0,0
1787071470485.641,0,0,0,0,0
1787071470491.262,0,0,0,0,0
1787071470497.088,0,0,0,0,0
1787071470503.363,0,0,0,0,0
1787071470509.130,0,0,0,0,0
1787071470515.400,0,0,0,0,0
1787071470521.667,0,0,0,0,0
1787071470527.935,0,0,0,0,0
1787071470534.203,0,0,0,0,0
1787071470540.476,0,0,0,0,0
1787071470546.659,0,0,0,0,0
1787071470552.930,0,0,0,0,0
1787071470559.201,0,0,0,0,0
1787071470565.477,0,0,0,0,0
1787071470571.664,0,0,0,0,0
1787071470577.936,0,0,0,0,0
1787071470584.207,0,0,0,0,0
1787071470590.025,0,0,0,0,0
1787071470596.295,0,0,0,0,0
1787071470602.566,0,0,0,0,0
1787071470608.029,0,0,0,0,0
1787071470614.205,0,0,0,0,0
1787071470620.475,0,0,0,0,0
1787071470626.743,0,0,0,0,0
1787071470633.008,0,0,0,0,0
1787071470639.271,0,0,0,0,0
1787071470645.532,0,0,0,0,0
1787071470651.790,0,0,0,0,0
1787071470658.045,0,0,0,0,0
1787071470664.307,0,0,0,0,0
1787071470670.568,0,0,0,0,0
1787071470676.824,0,0,0,0,0
1787071470683.081,0,0,0,0,0
1787071470688.314,0,0,0,0,0
1787071470694.578,0,0,0,0,0
1787071470700.788,0,0,0,0,0
1787071470707.052,0,0,0,0,0
1787071470713.320,0,0,0,0,0
1787071470719.418,0,0,0,0,0
1787071470724.786,0,0,0,0,0
1787071470729.992,0,0,0,0,0
1787071470736.258,0,0,0,0,0
1787071470742.467,0,0,0,0,0
1787071470748.734,0,0,0,0,0
1787071470755.007,0,0,0,0,0
1787071470761.272,0,0,0,0,0
1787071470767.537,0,0,0,0,0
1787071470773.802,0,0,0,0,0
1787071470780.069,0,0,0,0,0
1787071470785.161,0,0,0,0,0
1787071470791.429,0,0,0,0,0
1787071470797.180,0,0,0,0,0
1787071470803.457,0,0,0,0,0
1787071470809.126,0,0,0,0,0
1787071470815.398,0,0,0,0,0
1787071470821.671,0,0,0,0,0
1787071470827.941,0,0,0,0,0
1787071470834.209,0,0,0,0,0
1787071470840.132,0,0,0,0,0
1787071470846.403,0,0,0,0,0
1787071470852.677,0,0,0,0,0
1787071470858.941,0,0,0,0,0
1787071470865.204,0,0,0,0,0
1787071470871.161,0,0,0,0,0
1787071470876.348,0,0,0,0,0
1787071470882.610,0,0,0,0,0
1787071470888.875,0,0,0,0,0
1787071470895.143,0,0,0,0,0
1787071470901.410,0,0,0,0,0
1787071470907.675,0,0,0,0,0
1787071470913.942,0,0,0,0,0
1787071470920.207,0,0,0,0,0
1787071470926.472,0,0,0,0,0
1787071470932.739,0,0,0,0,0
1787071470939.006,0,0,0,0,0
1787071470945.273,0,0,0,0,0
1787071470951.555,0,0,0,0,0
1787071470957.823,0,0,0,0,0
1787071470964.102,0,0,0,0,0
1787071470970.366,0,0,0,0,0
1787071470975.790,0,0,0,0,0
1787071470982.061,0,0,0,0,0
1787071470988.348,0,0,0,0,0
1787071470994.620,0,0,0,0,0
1787071471000.891,0,0,0,0,0
1787071471007.158,0,0,0,0,0
1787071471012.408,0,0,0,0,0
1787071471018.681,0,0,0,0,0
1787071471024.962,0,0,0,0,0
1787071471030.411,0,0,0,0,0
1787071471036.690,0,0,0,0,0
1787071471042.455,0,0,0,0,0
1787071471048.728,0,0,0,0,0
1787071471054.989,0,0,0,0,0
1787071471061.257,0,0,0,0,0
1787071471067.526,0,0,0,0,0
1787071471073.798,0,0,0,0,0
1787071471079.951,0,0,0,0,0
1787071471085.359,0,0,0,0,0
1787071471090.678,0,0,0,0,0
1787071471096.948,0,0,0,0,0
1787071471102.963,0,0,0,0,0
1787071471109.134,0,0,0,0,0
1787071471115.400,0,0,0,0,0
1787071471121.668,0,0,0,0,0
1787071471127.935,0,0,0,0,0
1787071471134.202,0,0,0,0,0
1787071471140.469,0,0,0,0,0
1787071471146.735,0,0,0,0,0
1787071471153.000,0,0,0,0,0
1787071471159.267,0,0,0,0,0
1787071471165.532,0,0,0,0,0
1787071471171.798,0,0,0,0,0
1787071471178.063,0,0,0,0,0
1787071471184.330,0,0,0,0,0
1787071471190.595,0,0,0,0,0
1787071471196.867,0,0,0,0,0
1787071471203.135,0,0,0,0,0
1787071471209.124,0,0,0,0,0
1787071471215.392,0,0,0,0,0
1787071471221.659,0,0,0,0,0
1787071471227.930,0,0,0,0,0
1787071471234.121,0,0,0,0,0
1787071471240.386,0,0,0,0,0
1787071471246.661,0,0,0,0,0
1787071471252.931,0,0,0,0,0
1787071471259.199,0,0,0,0,0
1787071471265.466,0,0,0,0,0
1787071471271.738,0,0,0,0,0
1787071471278.004,0,0,0,0,0
1787071471284.271,0,0,0,0,0
1787071471290.536,0,0,0,0,0
1787071471296.802,0,0,0,0,0
1787071471303.069,0,0,0,0,0
1787071471309.120,0,0,0,0,0
1787071471315.387,0,0,0,0,0
1787071471321.656,0,0,0,0,0
1787071471327.921,0,0,0,0,0
1787071471334.193,0,0,0,0,0
1787071471340.462,0,0,0,0,0
1787071471346.730,0,0,0,0,0
1787071471352.414,0,0,0,0,0
1787071471358.639,0,0,0,0,0
1787071471364.908,0,0,0,0,0
1787071471371.175,0,0,0,0,0
1787071471377.440,0,0,0,0,0
1787071471383.663,0,0,0,0,0
1787071471389.809,0,0,0,0,0
1787071471395.545,0,0,0,0,0
1787071471401.814,0,0,0,0,0
1787071471408.080,0,0,0,0,0
1787071471414.348,0,0,0,0,0
1787071471420.616,0,0,0,0,0
1787071471426.887,0,0,0,0,0
1787071471433.155,0,0,0,0,0
1787071471439.423,0,0,0,0,0
